{
"type": "FeatureCollection",
"name": "DI",
"features": [
{ "type": "Feature", "properties": { "geo_point_2d": { "lon": 7.555841274313079, "lat": 46.05255835279205 }, "year": "2023", "kan_code": [ "23" ], "kan_name": [ "Valais" ], "bez_code": [ "2305", "2311", "2313" ], "bez_name": [ "Hérens", "Sierre", "Visp" ], "gem_code": [ "6083", "6252", "6300" ], "gem_name": [ "Anniviers", "Evolène", "Zermatt" ], "plz_code": [ "1985" ], "plz_area_code": "CHE", "plz_type": "PLZ4/NPA4" }, "geometry": { "type": "Polygon", "coordinates": [ [ [ 7.574993273524052, 45.987435164018088 ], [ 7.575852862870612, 45.988191900376826 ], [ 7.576590019887457, 45.988820676255671 ], [ 7.576913037159517, 45.988973195676984 ], [ 7.578115118649669, 45.989718315609061 ], [ 7.578593532462176, 45.990077533791414 ], [ 7.58020942998376, 45.9911279551768 ], [ 7.581372687647771, 45.991801143592575 ], [ 7.582019161158822, 45.99225008074589 ], [ 7.582454133300494, 45.992418490966557 ], [ 7.583246460533033, 45.992725260047351 ], [ 7.583541919944602, 45.992885465189282 ], [ 7.584603570728071, 45.993461117572622 ], [ 7.58475062362233, 45.99356067611766 ], [ 7.585549068000176, 45.99410124324455 ], [ 7.585637930882675, 45.99416140567341 ], [ 7.585832064426349, 45.994359044183156 ], [ 7.58630532306372, 45.994645821177244 ], [ 7.586543074627166, 45.994789889712543 ], [ 7.586649065411025, 45.994868735413704 ], [ 7.587423526647139, 45.995444850967935 ], [ 7.587448373811172, 45.995463334575646 ], [ 7.587518436588629, 45.995556803443272 ], [ 7.587616778850804, 45.9956879992111 ], [ 7.58774756366554, 45.996317499323041 ], [ 7.587747646905882, 45.996347529206467 ], [ 7.587749358952709, 45.996965169233341 ], [ 7.587840329186669, 45.997189926572865 ], [ 7.588073213489917, 45.997396514663741 ], [ 7.58822516395834, 45.997642307160241 ], [ 7.588267685612465, 45.997711089465632 ], [ 7.58852745644102, 45.998295449983843 ], [ 7.588916155748098, 45.998834643592126 ], [ 7.589239586996855, 45.999104068223851 ], [ 7.58962729792966, 45.999283460684268 ], [ 7.590234461483354, 45.99946254908604 ], [ 7.590686466149109, 45.999551888258907 ], [ 7.59162875137054, 45.999568591287584 ], [ 7.591951560204032, 45.999613131695462 ], [ 7.592597444297303, 45.99979215490248 ], [ 7.593140199613112, 46.00001629252187 ], [ 7.593566398688848, 46.000105655369268 ], [ 7.594000325856728, 46.000277672958489 ], [ 7.594018668456973, 46.000284944339747 ], [ 7.594518467255588, 46.000458225328579 ], [ 7.594923101830354, 46.000598512739082 ], [ 7.595504225389188, 46.000687663181274 ], [ 7.596552779341916, 46.000703053196489 ], [ 7.597182290938346, 46.000712292771645 ], [ 7.597580895642354, 46.000753378181123 ], [ 7.597927149370916, 46.000789067614981 ], [ 7.598193319390944, 46.000816502575368 ], [ 7.598215212605465, 46.000818759176141 ], [ 7.598330560506165, 46.000878050789964 ], [ 7.598564255073772, 46.00099817545604 ], [ 7.598887615546293, 46.001222595319348 ], [ 7.599792831140541, 46.001788014315579 ], [ 7.600374240026228, 46.001967075808544 ], [ 7.600864793284003, 46.001984355391947 ], [ 7.601387725882693, 46.001921107702834 ], [ 7.601768025996908, 46.001875111137586 ], [ 7.601987593597746, 46.001919762611017 ], [ 7.601731237749419, 46.002522828100311 ], [ 7.601732585755348, 46.002972599044625 ], [ 7.601797807141647, 46.003197382460627 ], [ 7.60203125042625, 46.003556863893941 ], [ 7.602122825703395, 46.003961509259405 ], [ 7.602446567026163, 46.004302868431886 ], [ 7.602511511717884, 46.004437697278036 ], [ 7.60242170157668, 46.004617736524082 ], [ 7.602448055042018, 46.004797607567966 ], [ 7.602642702927203, 46.00513015759693 ], [ 7.601973618575822, 46.005850762371637 ], [ 7.601524248953386, 46.006661001719365 ], [ 7.601550880072374, 46.006930818235183 ], [ 7.601526075391074, 46.007272681507175 ], [ 7.601656527293655, 46.007722257758374 ], [ 7.601851021341231, 46.008009832180022 ], [ 7.602110852560522, 46.008549166885338 ], [ 7.602046840421904, 46.00872916862685 ], [ 7.601789464825762, 46.008999403958526 ], [ 7.601945408585792, 46.009341006631715 ], [ 7.601984672444299, 46.009520859245427 ], [ 7.601882142474846, 46.009763875768037 ], [ 7.601755741805023, 46.010663604584053 ], [ 7.601950821311173, 46.011140073891895 ], [ 7.602507871227999, 46.011768942188311 ], [ 7.603154795730884, 46.012235749736043 ], [ 7.603414040487225, 46.012577191282212 ], [ 7.603893171449693, 46.013044247873239 ], [ 7.604192119447182, 46.013493046447167 ], [ 7.604282263054531, 46.013628375409951 ], [ 7.604386511248075, 46.013943064175599 ], [ 7.604322446018314, 46.014105076458684 ], [ 7.604129216874563, 46.014240291285702 ], [ 7.603445754231685, 46.014511152926104 ], [ 7.603123534332679, 46.014691540173111 ], [ 7.603615701642208, 46.015203556479783 ], [ 7.604457346788539, 46.015993900696103 ], [ 7.604716590324971, 46.016326343949572 ], [ 7.604988391045202, 46.016960451090654 ], [ 7.605132748270431, 46.017297234404943 ], [ 7.60519881918222, 46.017791888198289 ], [ 7.605312990207146, 46.018146241408083 ], [ 7.605454042203931, 46.018584025231434 ], [ 7.605459536784139, 46.018601078788883 ], [ 7.605437644144812, 46.01987845052102 ], [ 7.605528998718787, 46.020193157474139 ], [ 7.60582677203756, 46.020444591236554 ], [ 7.606175952001784, 46.020623975313036 ], [ 7.606563746660157, 46.020758314634399 ], [ 7.606862672255981, 46.021387554016648 ], [ 7.606990545210271, 46.0218125932604 ], [ 7.607047137632227, 46.022000701843353 ], [ 7.607084485835784, 46.02212484421797 ], [ 7.60709416047685, 46.022136579426238 ], [ 7.607343719195625, 46.022439290764119 ], [ 7.607836646302659, 46.023158184090981 ], [ 7.607966771984515, 46.023472813233298 ], [ 7.608058563457788, 46.023922449832426 ], [ 7.608150411953034, 46.023976241547665 ], [ 7.608640723520218, 46.024263395954819 ], [ 7.609352860214709, 46.024865012021671 ], [ 7.609353699228297, 46.025134866205505 ], [ 7.609264380765948, 46.025476829233604 ], [ 7.609265008661915, 46.025674728891495 ], [ 7.609388819763155, 46.025871924945015 ], [ 7.609394787093597, 46.025881429214031 ], [ 7.609782767202597, 46.026060734719771 ], [ 7.609680324972846, 46.026330754099035 ], [ 7.609660636922895, 46.026866617504936 ], [ 7.609656527892339, 46.026978455859371 ], [ 7.609662895716763, 46.026997827411577 ], [ 7.609878192624172, 46.027652781914682 ], [ 7.609904467177352, 46.027795638414595 ], [ 7.610114713199915, 46.028938760076748 ], [ 7.610167859865412, 46.029066026806298 ], [ 7.610309928655244, 46.029406229339877 ], [ 7.610459228757876, 46.02960791912988 ], [ 7.610745355043226, 46.029994447667974 ], [ 7.610828717408808, 46.030107062044735 ], [ 7.610984749754372, 46.03043965752039 ], [ 7.61103501829301, 46.030691085003632 ], [ 7.611115997800004, 46.031096119130126 ], [ 7.611203995005726, 46.031338995714279 ], [ 7.611220233885867, 46.031383815816312 ], [ 7.611479959845583, 46.031833184820641 ], [ 7.611675707657661, 46.032462551888742 ], [ 7.611638477717308, 46.032939369747446 ], [ 7.611742366769824, 46.033119120667685 ], [ 7.611833694661162, 46.033406827606768 ], [ 7.611939562637367, 46.034285918968294 ], [ 7.611939839046229, 46.034288214172676 ], [ 7.611682250141099, 46.034513495632076 ], [ 7.611638372008, 46.034577324725902 ], [ 7.611515112355203, 46.034756629345019 ], [ 7.611490864773459, 46.035251418413381 ], [ 7.611446804536915, 46.035309002899673 ], [ 7.611321186395165, 46.035473179416378 ], [ 7.611297920525738, 46.035503586723379 ], [ 7.611202687741231, 46.035585298846932 ], [ 7.610730184717735, 46.035990718321258 ], [ 7.610615252358351, 46.036089333175362 ], [ 7.610681254709791, 46.036539007479789 ], [ 7.610543796378519, 46.036974346824813 ], [ 7.610425505585692, 46.037348981347108 ], [ 7.61037415850882, 46.037588128647357 ], [ 7.610291430605415, 46.037973431101946 ], [ 7.610209116803426, 46.038356804892977 ], [ 7.609849248202294, 46.038924066003531 ], [ 7.609310480037485, 46.040112267078761 ], [ 7.609037054493106, 46.040442225291223 ], [ 7.608564122249938, 46.041012939625624 ], [ 7.608241985152743, 46.041265296669636 ], [ 7.607725907241822, 46.041463987681276 ], [ 7.607442294202214, 46.041644320912752 ], [ 7.607313757145872, 46.041851408943984 ], [ 7.607275638949806, 46.042049366666461 ], [ 7.606801304167779, 46.043219468971124 ], [ 7.606739178750726, 46.044011165076199 ], [ 7.606675345928105, 46.044254129312726 ], [ 7.606444074137801, 46.044659269817501 ], [ 7.606422185281427, 46.044977900369204 ], [ 7.606382271764738, 46.045558911346916 ], [ 7.606299562210362, 46.045973295318916 ], [ 7.606229613520637, 46.046323745954311 ], [ 7.60606316739424, 46.046800753763883 ], [ 7.606267349358845, 46.046924888327922 ], [ 7.606904454449681, 46.047312223041104 ], [ 7.606955934167275, 46.047335158903422 ], [ 7.607204908671717, 46.047446085016091 ], [ 7.607266673237751, 46.047473603107655 ], [ 7.607460936370774, 46.047626237105746 ], [ 7.607590911492058, 46.04787790826331 ], [ 7.607801438489017, 46.047965436360393 ], [ 7.607849619340045, 46.047985467892062 ], [ 7.608394194278044, 46.048614328784375 ], [ 7.608688155104538, 46.048873665817624 ], [ 7.60910670385825, 46.04924291635129 ], [ 7.609210908087581, 46.049512624503599 ], [ 7.609431679003807, 46.049872102810106 ], [ 7.609664785685904, 46.050051660967263 ], [ 7.610208335802288, 46.050347681134923 ], [ 7.610661512358496, 46.050661827076325 ], [ 7.610894780553743, 46.050886359994898 ], [ 7.611025837663672, 46.0514708503853 ], [ 7.611093988298477, 46.051596539940853 ], [ 7.611169793254292, 46.051736346286496 ], [ 7.611220776186261, 46.051830373614024 ], [ 7.611505645601346, 46.052027831107942 ], [ 7.611544773260523, 46.052144712939374 ], [ 7.611248326082988, 46.052370053021271 ], [ 7.611199745876558, 46.052475701584534 ], [ 7.610991694277167, 46.052928156486963 ], [ 7.610669651963756, 46.053225489082706 ], [ 7.610136102400414, 46.05353842492331 ], [ 7.609870083192623, 46.053694449686759 ], [ 7.609283486677085, 46.054207724601845 ], [ 7.609211295906558, 46.054270891890823 ], [ 7.608840478116274, 46.05459535933101 ], [ 7.608836507787649, 46.054598833388617 ], [ 7.608819098167071, 46.054610422361272 ], [ 7.608259068434902, 46.054983214474895 ], [ 7.607485251891165, 46.055434137546925 ], [ 7.606994547177441, 46.055524805347737 ], [ 7.606310142875434, 46.0555816929893 ], [ 7.605121542103382, 46.055680489409028 ], [ 7.60098859719206, 46.05622620258341 ], [ 7.600446456711691, 46.056406870630632 ], [ 7.599763067901772, 46.056884597861639 ], [ 7.599441165306613, 46.057262857705993 ], [ 7.599183929616052, 46.057668020512772 ], [ 7.599127872013275, 46.057985537542663 ], [ 7.599120389055471, 46.05802792191907 ], [ 7.598943293158756, 46.058553910750589 ], [ 7.598838590741002, 46.058864885219194 ], [ 7.598863650272556, 46.059102283682797 ], [ 7.59890504882492, 46.059494467898446 ], [ 7.598609964239474, 46.060214516882134 ], [ 7.59794019049839, 46.060953083723511 ], [ 7.597514654317839, 46.061250515254237 ], [ 7.596998568827483, 46.061521103257952 ], [ 7.596481999703638, 46.06162976136789 ], [ 7.596201869901387, 46.061644778930848 ], [ 7.59596519653166, 46.061657466824819 ], [ 7.594840993714725, 46.061659013511992 ], [ 7.593420471960666, 46.061975797078219 ], [ 7.593097696790387, 46.062063680947652 ], [ 7.592025966869159, 46.062355487075067 ], [ 7.591742055035395, 46.062490803742755 ], [ 7.591898326888244, 46.062922368012963 ], [ 7.591834230195129, 46.063102364925712 ], [ 7.591293754771159, 46.063912681463087 ], [ 7.591035977787239, 46.064155898295041 ], [ 7.590842974423093, 46.06445300962141 ], [ 7.590845419103142, 46.06532555309569 ], [ 7.590716900757639, 46.065577591031584 ], [ 7.590420667619445, 46.065937808756402 ], [ 7.590615571825702, 46.066315350108482 ], [ 7.5907461737443, 46.066809928156509 ], [ 7.590682143392117, 46.067016901926976 ], [ 7.59035993116786, 46.067332176809472 ], [ 7.5904263146302, 46.067961755975965 ], [ 7.589975120310551, 46.068367148626962 ], [ 7.589692422444511, 46.068952225328914 ], [ 7.589524957577162, 46.069150349774795 ], [ 7.589425283998154, 46.069219995669876 ], [ 7.589266988159851, 46.069330603269755 ], [ 7.589073869968026, 46.069600716277364 ], [ 7.58833939160237, 46.070393276304756 ], [ 7.587913887761361, 46.070753649219085 ], [ 7.587562392692267, 46.071106570337399 ], [ 7.586792544164114, 46.071879542214894 ], [ 7.58633789863955, 46.072208715689868 ], [ 7.586083102425164, 46.072393193817923 ], [ 7.585760783671373, 46.072690464722996 ], [ 7.585438161665235, 46.072870784367552 ], [ 7.585050709136685, 46.072979231691029 ], [ 7.584172032863846, 46.073052318318481 ], [ 7.584061138632872, 46.073106557044504 ], [ 7.58363378489677, 46.073315577135119 ], [ 7.583526627465179, 46.073367988180507 ], [ 7.583268381348722, 46.073458264127844 ], [ 7.58314516179919, 46.073466998472313 ], [ 7.582622258359051, 46.073504064171615 ], [ 7.582040641038887, 46.073504801344278 ], [ 7.581045079219001, 46.073371105443414 ], [ 7.580206104089709, 46.073850616131217 ], [ 7.579909401635834, 46.074020194456921 ], [ 7.579715780338926, 46.074139828676827 ], [ 7.578231812671839, 46.075056738732989 ], [ 7.577560933982353, 46.075534307097179 ], [ 7.576715563999605, 46.076017398905179 ], [ 7.576425144069638, 46.076183361136998 ], [ 7.576258815135892, 46.076232855123763 ], [ 7.575818096442715, 46.076363998423233 ], [ 7.575327163871069, 46.076454546357859 ], [ 7.574914104767137, 46.07667992240291 ], [ 7.574488307481128, 46.076977267350749 ], [ 7.574059213057539, 46.077210786771637 ], [ 7.573494382809525, 46.07751817560068 ], [ 7.573197640629522, 46.077743416000054 ], [ 7.573133508869532, 46.077941393494996 ], [ 7.573134209248534, 46.078227472791802 ], [ 7.573134565939885, 46.078373168208905 ], [ 7.573267732681344, 46.078493929679638 ], [ 7.573302978611402, 46.078525892242546 ], [ 7.573550084344149, 46.078697267128305 ], [ 7.573950400480933, 46.07897489780666 ], [ 7.574106068575098, 46.079199591028484 ], [ 7.574236107555198, 46.079514278891388 ], [ 7.574275454535313, 46.079739119884024 ], [ 7.574358523378963, 46.080063428681378 ], [ 7.574432082339285, 46.080350609974722 ], [ 7.574576785333777, 46.08053111017869 ], [ 7.574626606277912, 46.080593256028607 ], [ 7.574889025911875, 46.08078824069068 ], [ 7.574989218472314, 46.080862686387611 ], [ 7.57511893104485, 46.081020014623398 ], [ 7.575224327335396, 46.081147849667644 ], [ 7.575248532980862, 46.081177208668265 ], [ 7.575265671958003, 46.081210157177345 ], [ 7.575833066643901, 46.082300934579415 ], [ 7.576119678321891, 46.083182139929399 ], [ 7.576478814972124, 46.083837482935444 ], [ 7.576548264355003, 46.083964212321916 ], [ 7.576807444201581, 46.084215771609287 ], [ 7.576763262160614, 46.084281954313795 ], [ 7.576732019366963, 46.084328754609459 ], [ 7.576446845063096, 46.084755932853675 ], [ 7.576448018799534, 46.085223698788923 ], [ 7.576357944479401, 46.085385718668952 ], [ 7.576256046424884, 46.08598853363511 ], [ 7.576191858081555, 46.086168522031926 ], [ 7.575674744804801, 46.086169147927315 ], [ 7.575481118691718, 46.086286323525108 ], [ 7.575197402570493, 46.086556513248738 ], [ 7.574900506664173, 46.086736780811215 ], [ 7.574448530071324, 46.086935215415224 ], [ 7.573985958107913, 46.087073811714333 ], [ 7.57390595224178, 46.087097783156246 ], [ 7.573740213053029, 46.087213501618393 ], [ 7.573518786257354, 46.087368100952851 ], [ 7.572938243575209, 46.087863534686733 ], [ 7.572835520975413, 46.088151513127144 ], [ 7.572966589741823, 46.088870982287396 ], [ 7.57293493655274, 46.088998124628837 ], [ 7.572876982741876, 46.089230909489451 ], [ 7.572644992899461, 46.089528027190184 ], [ 7.572298121759703, 46.090427980275578 ], [ 7.572301764589223, 46.090471032388557 ], [ 7.572305682132019, 46.090517331150032 ], [ 7.5723247586464, 46.090742783438643 ], [ 7.571808147186329, 46.090968279189241 ], [ 7.570904565877803, 46.091554027505509 ], [ 7.570873985663124, 46.091580713594745 ], [ 7.570491698032574, 46.091914320207003 ], [ 7.570255087426417, 46.092286400425067 ], [ 7.57023409678069, 46.092319409106146 ], [ 7.570234127628392, 46.092332285579403 ], [ 7.570234894138415, 46.09265224282003 ], [ 7.570300200730513, 46.092922024003606 ], [ 7.56922939302479, 46.093894760674083 ], [ 7.568648571590952, 46.094318208519752 ], [ 7.568067486814174, 46.094633707292019 ], [ 7.567932274051949, 46.094723181844785 ], [ 7.567541901453922, 46.094981503715033 ], [ 7.567073437147895, 46.095291501333442 ], [ 7.566582306756171, 46.095382011315074 ], [ 7.566104276683696, 46.095535455179871 ], [ 7.565781545734277, 46.095760705428837 ], [ 7.565542306597315, 46.095957863245623 ], [ 7.565324275794678, 46.096137543199269 ], [ 7.564710395293621, 46.09664344428591 ], [ 7.564000266887405, 46.097093998319657 ], [ 7.563483560808216, 46.097319438028926 ], [ 7.563403324674188, 46.097323039786716 ], [ 7.561318033685875, 46.097416647400642 ], [ 7.561655048624864, 46.098476586292229 ], [ 7.561318878678557, 46.098837760850913 ], [ 7.56107579699165, 46.099078293924087 ], [ 7.560831741587468, 46.099288962349689 ], [ 7.560484765997252, 46.09962199003742 ], [ 7.560084361924032, 46.100005088983295 ], [ 7.559785971758782, 46.100267267702939 ], [ 7.559571270034402, 46.100482489814041 ], [ 7.559334720851024, 46.100701422907882 ], [ 7.558954323593996, 46.101134061990628 ], [ 7.558709055322304, 46.101448625554383 ], [ 7.558536771430728, 46.10166901826549 ], [ 7.558397733789227, 46.101895582585136 ], [ 7.558349243556539, 46.102015814060302 ], [ 7.558333983264045, 46.102134121438901 ], [ 7.55838345358528, 46.102463665732166 ], [ 7.558377219054651, 46.102688560709211 ], [ 7.558335855201563, 46.102993642945833 ], [ 7.558245409413708, 46.103207382217519 ], [ 7.558172854956433, 46.103501702602138 ], [ 7.558164245520171, 46.103586449619314 ], [ 7.558157725128485, 46.103680369885957 ], [ 7.558186824878994, 46.103800519636472 ], [ 7.558196016061645, 46.103923748820471 ], [ 7.558182813258242, 46.103977645984273 ], [ 7.558138566807219, 46.104028517328317 ], [ 7.55804797774646, 46.104117938282307 ], [ 7.557883591302795, 46.104228306307036 ], [ 7.557456007440519, 46.10450563701292 ], [ 7.557285045534269, 46.104626355911471 ], [ 7.557103352406838, 46.10474861498421 ], [ 7.556788908049254, 46.104900787143265 ], [ 7.556647759500462, 46.104994667361851 ], [ 7.556553778512739, 46.105072216531305 ], [ 7.556367210318041, 46.105274629720142 ], [ 7.556260508162461, 46.105390872641195 ], [ 7.556162144692586, 46.105475802363827 ], [ 7.55599749476275, 46.105587607199986 ], [ 7.555785785888574, 46.105706926627548 ], [ 7.555323839036351, 46.105951540923485 ], [ 7.555234096879209, 46.106017120575487 ], [ 7.554990466119829, 46.106209335124852 ], [ 7.554887784255407, 46.106271959224671 ], [ 7.554588739168962, 46.106374364164211 ], [ 7.554173822814484, 46.106541474157396 ], [ 7.553414243466709, 46.106831000748905 ], [ 7.552778108858269, 46.107081310795401 ], [ 7.552743839198572, 46.107094795425851 ], [ 7.552435767788002, 46.107214205282013 ], [ 7.55220898118473, 46.107303757857153 ], [ 7.552033593002943, 46.107357546412118 ], [ 7.551937449371816, 46.107386239614961 ], [ 7.551663422188036, 46.107468020565776 ], [ 7.551562899100065, 46.107514267609091 ], [ 7.551370446054576, 46.107634998894575 ], [ 7.551208393484428, 46.107696868920883 ], [ 7.550917424865361, 46.107771549856672 ], [ 7.550669231416784, 46.107893864239941 ], [ 7.550487412658784, 46.107966997134952 ], [ 7.550078666971843, 46.108064100684089 ], [ 7.549849746547599, 46.108125404611023 ], [ 7.549687190185416, 46.108195548837948 ], [ 7.549558791609065, 46.108273035844178 ], [ 7.54948192659745, 46.1083803376508 ], [ 7.54934709392288, 46.108596370986419 ], [ 7.549128482547698, 46.109226271442886 ], [ 7.549018494186533, 46.109311505999742 ], [ 7.548896030839815, 46.109406407941897 ], [ 7.548637935093212, 46.10956760516256 ], [ 7.548030531285564, 46.109946967499617 ], [ 7.547669005194957, 46.110262158700927 ], [ 7.547282216705764, 46.110892216799165 ], [ 7.547280379465599, 46.110894327716323 ], [ 7.54706281448169, 46.111144301381358 ], [ 7.546765767180843, 46.111369472786784 ], [ 7.546751416256161, 46.111383772371298 ], [ 7.546223589783122, 46.111909710554976 ], [ 7.546257351472521, 46.112191577498955 ], [ 7.546355026865075, 46.113007042154045 ], [ 7.546347272501114, 46.113027377140199 ], [ 7.546252081280367, 46.113277005886772 ], [ 7.54603280058778, 46.113592057177286 ], [ 7.54596763770862, 46.113788110678733 ], [ 7.545904198613483, 46.113978977885502 ], [ 7.545710681642626, 46.114249044534006 ], [ 7.545666166142008, 46.114286482188326 ], [ 7.545191301596557, 46.114685844533057 ], [ 7.544881630009791, 46.114946279160506 ], [ 7.544832495431388, 46.114987601471526 ], [ 7.544785722958892, 46.115269640681333 ], [ 7.54474296809579, 46.115527453603363 ], [ 7.544485756742154, 46.116319373081275 ], [ 7.544437366819767, 46.116617308507273 ], [ 7.544383461627632, 46.116949201297956 ], [ 7.544583143685506, 46.117310039028055 ], [ 7.544681997526025, 46.117488673983068 ], [ 7.544747290120355, 46.117821457234413 ], [ 7.544359688102411, 46.118073738437317 ], [ 7.544131062967098, 46.1182863283857 ], [ 7.543778587866139, 46.118614081777366 ], [ 7.543661685174278, 46.118709445718451 ], [ 7.543290038540272, 46.119012618272876 ], [ 7.543094024994063, 46.119172517279267 ], [ 7.542744991527315, 46.119307788436139 ], [ 7.542071393598734, 46.119948352670306 ], [ 7.542034757509269, 46.119983192101358 ], [ 7.54167278036625, 46.120118489694612 ], [ 7.54096208365441, 46.120550980305353 ], [ 7.540483829442536, 46.120776343056079 ], [ 7.540122138189179, 46.121064559702347 ], [ 7.539902860671599, 46.121424621905113 ], [ 7.539579759866196, 46.121604846911744 ], [ 7.539347306194918, 46.121829968537313 ], [ 7.53903058929121, 46.122247914821855 ], [ 7.538869758568643, 46.12246015042453 ], [ 7.538831522551305, 46.12277504624182 ], [ 7.539065352172121, 46.123314599968083 ], [ 7.538703558204188, 46.123566829995902 ], [ 7.538590908756463, 46.123608188778263 ], [ 7.537966614122378, 46.123837395990741 ], [ 7.537669379202063, 46.124017601954996 ], [ 7.537256800258517, 46.124827631501851 ], [ 7.536934072251162, 46.125232755332775 ], [ 7.536638501599226, 46.126375534887821 ], [ 7.536613984525457, 46.127167227342134 ], [ 7.536597647590844, 46.127174510259501 ], [ 7.534248122021916, 46.12822191609056 ], [ 7.533666562267679, 46.128609265572869 ], [ 7.533511790612302, 46.128897288233574 ], [ 7.532762797501539, 46.129752586071049 ], [ 7.532117567566011, 46.13078771388016 ], [ 7.531794507281633, 46.131039881014487 ], [ 7.531536180044479, 46.131309994547053 ], [ 7.531213111803145, 46.131553173470365 ], [ 7.53089033132614, 46.131985266832594 ], [ 7.530696538567109, 46.132165352653438 ], [ 7.530606405157895, 46.132435319023685 ], [ 7.530309672216233, 46.132975345342757 ], [ 7.530090070758138, 46.133200437656335 ], [ 7.529813821441297, 46.133384068912733 ], [ 7.529249901927896, 46.133758923228889 ], [ 7.528668174039382, 46.134101269376401 ], [ 7.528282881917661, 46.13426991154796 ], [ 7.528112169600978, 46.134344632244741 ], [ 7.527853826285173, 46.13464172405277 ], [ 7.527789420825185, 46.134821703525297 ], [ 7.527790123054233, 46.13527151666031 ], [ 7.527396064620399, 46.135918692491273 ], [ 7.526668893380964, 46.137112951034496 ], [ 7.526409054564505, 46.137539693333402 ], [ 7.526236325205054, 46.137789564138579 ], [ 7.52589259731569, 46.13828680192578 ], [ 7.525844314447401, 46.138219579102611 ], [ 7.517229588702121, 46.134875275673345 ], [ 7.516414811917338, 46.13368579426735 ], [ 7.51341188774954, 46.128243379217452 ], [ 7.508056869447179, 46.123180170998225 ], [ 7.50369031428703, 46.121100171914158 ], [ 7.500008346664437, 46.118772711710676 ], [ 7.498893652903551, 46.116601483819039 ], [ 7.500132892664635, 46.115351281647364 ], [ 7.501371455636667, 46.113565553023498 ], [ 7.502438435942591, 46.111422901025307 ], [ 7.502735454514568, 46.109340169831604 ], [ 7.504142851170256, 46.107278225860021 ], [ 7.505230256002961, 46.106663544605048 ], [ 7.506390631960127, 46.106221155024272 ], [ 7.507036853092058, 46.104521010472027 ], [ 7.50754293735028, 46.10394661163479 ], [ 7.508512178943232, 46.103227289045357 ], [ 7.508767849521629, 46.103008531987577 ], [ 7.509144295393098, 46.101690680099075 ], [ 7.509424364160028, 46.101264775472188 ], [ 7.509787606907909, 46.099978288198798 ], [ 7.50972165098255, 46.099862143045364 ], [ 7.509721328741236, 46.099611635805211 ], [ 7.509149268453362, 46.097388998043506 ], [ 7.509359130085641, 46.096893367753694 ], [ 7.509485276771922, 46.095933377122165 ], [ 7.509597078705108, 46.095536542115077 ], [ 7.510325868357222, 46.095276485023277 ], [ 7.510999142151145, 46.09470989997476 ], [ 7.511032347224752, 46.094641692852889 ], [ 7.511988206968327, 46.094422653290074 ], [ 7.512097579650362, 46.093751301024625 ], [ 7.512333005747815, 46.092920034918286 ], [ 7.512837653931853, 46.092408834210346 ], [ 7.512944396476937, 46.09242653090638 ], [ 7.514517443338427, 46.091155336899419 ], [ 7.513656958768965, 46.089009772755723 ], [ 7.513434388379959, 46.088633195539529 ], [ 7.513260288320083, 46.088265347841613 ], [ 7.513179614002963, 46.087775729523372 ], [ 7.513242253310429, 46.087250746120972 ], [ 7.512961942869995, 46.085884033208295 ], [ 7.513326092715411, 46.08527202830151 ], [ 7.512016334917171, 46.084138030855542 ], [ 7.512548981927311, 46.083336276627293 ], [ 7.517404622817866, 46.082028793798244 ], [ 7.521281483860238, 46.080984673785991 ], [ 7.522035663028737, 46.0781889304929 ], [ 7.523202381229832, 46.076617004269366 ], [ 7.523517038723844, 46.07576648758188 ], [ 7.526715947609967, 46.073931546872259 ], [ 7.531980478083888, 46.073077068219703 ], [ 7.532800759228492, 46.072372709572093 ], [ 7.535854124242167, 46.071915678720863 ], [ 7.534031959209145, 46.069821529293193 ], [ 7.533279331478649, 46.068956520457505 ], [ 7.530411784254426, 46.067082380610927 ], [ 7.526344003312273, 46.057676475913453 ], [ 7.526314343721671, 46.057607890123826 ], [ 7.528599132607472, 46.050798183175473 ], [ 7.525781591109385, 46.036437171656281 ], [ 7.521092557964337, 46.014895904903454 ], [ 7.546235458909957, 45.98408227539128 ], [ 7.546268944668825, 45.98409219481514 ], [ 7.546607693467358, 45.984267104277926 ], [ 7.547380793835916, 45.984689165922426 ], [ 7.547865382705684, 45.985054781429525 ], [ 7.548377641952229, 45.98547824291029 ], [ 7.548647211810884, 45.985760289537389 ], [ 7.548896739569339, 45.98606210528424 ], [ 7.548960952538768, 45.986200828496486 ], [ 7.548961227927219, 45.986200911853501 ], [ 7.548961492327816, 45.986201482792985 ], [ 7.550134069119613, 45.986556405001799 ], [ 7.552021031076214, 45.986428064610145 ], [ 7.560793114985755, 45.986172840818412 ], [ 7.560979330512326, 45.986152213801219 ], [ 7.56115691476319, 45.986091306630165 ], [ 7.561579966685115, 45.985886633034475 ], [ 7.561865072056648, 45.985735107251379 ], [ 7.561996873537185, 45.985687551747404 ], [ 7.562097189717832, 45.985727248610665 ], [ 7.56231462130178, 45.985879157074393 ], [ 7.562567508828706, 45.986017531545436 ], [ 7.562840733489975, 45.98614998123923 ], [ 7.563366143065421, 45.986479361817807 ], [ 7.563509326272367, 45.98652333666395 ], [ 7.563635192631516, 45.986533561194719 ], [ 7.563916466356371, 45.986527125257481 ], [ 7.564107425867562, 45.98649871575364 ], [ 7.564283635874817, 45.986436463600654 ], [ 7.564513304783265, 45.986407047195577 ], [ 7.564752872225012, 45.986417890981151 ], [ 7.564854706927713, 45.98643775677381 ], [ 7.564905466206123, 45.986468851353571 ], [ 7.565083340763002, 45.986509221764834 ], [ 7.565385793262942, 45.986560750422953 ], [ 7.565451781680744, 45.986569255733514 ], [ 7.565626040816759, 45.986593376256515 ], [ 7.565823806331038, 45.986617206348086 ], [ 7.566210556874681, 45.986667054997199 ], [ 7.566644775849286, 45.986789882853408 ], [ 7.566653800879692, 45.986794349290314 ], [ 7.568219478440898, 45.987638271574511 ], [ 7.568225383426101, 45.9876418584807 ], [ 7.568474605893643, 45.987711880469071 ], [ 7.568954413371622, 45.987697509540794 ], [ 7.56976413517761, 45.987524130775604 ], [ 7.570513416664191, 45.987332512816337 ], [ 7.570980502711125, 45.987250028522901 ], [ 7.571221032182237, 45.987235147870983 ], [ 7.57168950708052, 45.987330488255431 ], [ 7.572237777131908, 45.987348155856623 ], [ 7.572986801608645, 45.987382848872564 ], [ 7.573633365062552, 45.987433687586979 ], [ 7.574057417409716, 45.987503242293492 ], [ 7.574229374263057, 45.987531693036217 ], [ 7.574320694507942, 45.98754642602168 ], [ 7.574551429930611, 45.987584272138349 ], [ 7.574703071402583, 45.987573817438644 ], [ 7.574993132256611, 45.987435254057083 ], [ 7.574993273524052, 45.987435164018088 ] ] ] } },
{ "type": "Feature", "properties": { "geo_point_2d": { "lon": 7.532954521781331, "lat": 46.23563643351965 }, "year": "2023", "kan_code": [ "23" ], "kan_name": [ "Valais" ], "bez_code": [ "2305", "2311" ], "bez_name": [ "Hérens", "Sierre" ], "gem_code": [ "6090", "6232", "6235", "6238", "6252" ], "gem_name": [ "Anniviers", "Chalais", "Chippis", "Grône", "Mont-Noble" ], "plz_code": [ "3967" ], "plz_area_code": "CHE", "plz_type": "PLZ4/NPA4" }, "geometry": { "type": "Polygon", "coordinates": [ [ [ 7.525436253657611, 46.188989615616578 ], [ 7.525824988347005, 46.189078366537998 ], [ 7.526183864607447, 46.189204929489705 ], [ 7.526443105978279, 46.189318956215338 ], [ 7.526443387545312, 46.189319443478247 ], [ 7.526573001639497, 46.189543745805366 ], [ 7.526573124800549, 46.189543777064131 ], [ 7.526908618518314, 46.189628926700401 ], [ 7.527262364704891, 46.189783277564928 ], [ 7.527515269885019, 46.189972887668816 ], [ 7.527725426302117, 46.190166110845396 ], [ 7.52781034365522, 46.190244920248773 ], [ 7.52793170849799, 46.190357555540622 ], [ 7.528156136273921, 46.190563369565808 ], [ 7.528399956608321, 46.190745779365734 ], [ 7.528770476004522, 46.190845329201927 ], [ 7.529130757451052, 46.190956589204639 ], [ 7.529509224279053, 46.191090295551362 ], [ 7.529791636248182, 46.191193510439888 ], [ 7.530076776725346, 46.191324518798709 ], [ 7.53023617077237, 46.191384661321251 ], [ 7.530236457173194, 46.191385147030232 ], [ 7.530351739016126, 46.191580654242593 ], [ 7.530472610555971, 46.191864808526383 ], [ 7.530696988462216, 46.192077805044342 ], [ 7.530965361046559, 46.19225480115179 ], [ 7.531316541035756, 46.192460488247846 ], [ 7.531708004886062, 46.192664351261833 ], [ 7.532020493142627, 46.192881771010043 ], [ 7.532304622239386, 46.193087482951007 ], [ 7.532648225304798, 46.19331023677691 ], [ 7.532880695846721, 46.193596050592831 ], [ 7.532880702787665, 46.193596087288455 ], [ 7.532950094584506, 46.193962950243588 ], [ 7.532960877206649, 46.194109542429011 ], [ 7.532961278549017, 46.194109886656136 ], [ 7.532990631084011, 46.194135062016713 ], [ 7.533151535767572, 46.194273068271606 ], [ 7.533418846526801, 46.194499481227993 ], [ 7.533722324415518, 46.194702465871671 ], [ 7.533973623958943, 46.194828913899428 ], [ 7.534153888228083, 46.194889186384849 ], [ 7.534362738693245, 46.194955173769308 ], [ 7.534107357525244, 46.195194409715995 ], [ 7.53388829512935, 46.195896383849252 ], [ 7.533706057048262, 46.196067571740521 ], [ 7.533073448187919, 46.196661821724668 ], [ 7.532909005936602, 46.19670079916839 ], [ 7.532425979056018, 46.196815290139547 ], [ 7.532102910711112, 46.197292411613141 ], [ 7.531624495566664, 46.197850628248986 ], [ 7.531068289502873, 46.198345873836303 ], [ 7.530654556775595, 46.198823010654174 ], [ 7.530266398502325, 46.199111200026842 ], [ 7.529813870283198, 46.199606383099365 ], [ 7.529516688579362, 46.200038462579435 ], [ 7.529323153143411, 46.200461463346109 ], [ 7.528845301835644, 46.201271445409638 ], [ 7.528716984387281, 46.201946171183963 ], [ 7.528719678193476, 46.203385355832147 ], [ 7.528850323487216, 46.20396990314751 ], [ 7.529013918926762, 46.204389049255226 ], [ 7.52958967805915, 46.204598908661737 ], [ 7.530056560910794, 46.204806163763898 ], [ 7.530600866253306, 46.205047787672278 ], [ 7.530630408350815, 46.205064157313451 ], [ 7.531597323807784, 46.205599937112879 ], [ 7.531624159767612, 46.205614807249731 ], [ 7.531702986630127, 46.205658486188035 ], [ 7.531988548297623, 46.206036004798946 ], [ 7.532053793978783, 46.206377738976272 ], [ 7.532213146939732, 46.206651286149992 ], [ 7.532378486194176, 46.206935109465782 ], [ 7.532500276716406, 46.207256980247891 ], [ 7.532899133205493, 46.208311087314186 ], [ 7.532899329163468, 46.208417429354746 ], [ 7.53289937505136, 46.208442331695281 ], [ 7.532899879237762, 46.208715942458376 ], [ 7.532857904931445, 46.208779743180621 ], [ 7.532580056308837, 46.209202071608502 ], [ 7.532464792116926, 46.209377272566861 ], [ 7.532189200750918, 46.209796169976713 ], [ 7.532025414801991, 46.21019948651297 ], [ 7.531969909429838, 46.210336166335551 ], [ 7.531737468054368, 46.210737805009018 ], [ 7.531646945572353, 46.210894220060005 ], [ 7.5312846865419, 46.211236347510585 ], [ 7.531155569511275, 46.211524311382519 ], [ 7.531156237737276, 46.211929112681553 ], [ 7.531028617269493, 46.212249458120645 ], [ 7.530833600592284, 46.212738977585488 ], [ 7.530772768045639, 46.212823679666272 ], [ 7.530639670577411, 46.213009002049233 ], [ 7.530639928564022, 46.213170922587139 ], [ 7.5308088351095, 46.213440645168802 ], [ 7.531328143925235, 46.214024929251956 ], [ 7.531234548392296, 46.214220593643923 ], [ 7.531199003175934, 46.214294902031604 ], [ 7.531205743053404, 46.214299009467481 ], [ 7.531523294505697, 46.214492532604098 ], [ 7.531718709629682, 46.215122047184821 ], [ 7.53181035355786, 46.215688686060147 ], [ 7.531079684429913, 46.216029122278677 ], [ 7.530751371760175, 46.216182091002146 ], [ 7.532985927769031, 46.217239982329858 ], [ 7.534942273215256, 46.217862956681465 ], [ 7.537586086673324, 46.218628341719864 ], [ 7.538737453740539, 46.21913073945376 ], [ 7.543282348603593, 46.221974539126279 ], [ 7.546884531266042, 46.224001508807696 ], [ 7.547672316456297, 46.224295246698702 ], [ 7.548772838272829, 46.224620341719614 ], [ 7.549882587727157, 46.225424576920183 ], [ 7.55122407953418, 46.226805136805829 ], [ 7.552621860746976, 46.227409195804469 ], [ 7.554328771018273, 46.228506521881407 ], [ 7.555136082425448, 46.228814338135706 ], [ 7.555719789213915, 46.22916643025615 ], [ 7.556198116451791, 46.229454957307716 ], [ 7.55751562818167, 46.230249322894132 ], [ 7.557623942746626, 46.230292631554967 ], [ 7.55760155552023, 46.230363567328965 ], [ 7.557623267748248, 46.230405689066487 ], [ 7.557623439283062, 46.230405885502329 ], [ 7.557652596190499, 46.230439275002276 ], [ 7.557903963428797, 46.230644327740578 ], [ 7.558052817046702, 46.230856656988372 ], [ 7.558325999035658, 46.231131033061374 ], [ 7.558521464071132, 46.231270286337285 ], [ 7.558635609503201, 46.231400143642567 ], [ 7.558765229260996, 46.231498895682869 ], [ 7.559353674676489, 46.231889420352921 ], [ 7.559521470718485, 46.23200544759306 ], [ 7.559631814794488, 46.232120267277317 ], [ 7.559667998570522, 46.232157902428725 ], [ 7.559856615997926, 46.232268959451829 ], [ 7.560207671780461, 46.23251587442509 ], [ 7.560380637100081, 46.232640611621939 ], [ 7.560471585511784, 46.23268954938942 ], [ 7.560540827029109, 46.23272680705243 ], [ 7.560653801485101, 46.232787109533447 ], [ 7.560754318966425, 46.232853209442304 ], [ 7.560849665814619, 46.232919872541011 ], [ 7.56092234061203, 46.23296891052896 ], [ 7.561021349365147, 46.233026645904772 ], [ 7.561081324400058, 46.233054018023033 ], [ 7.561130298662777, 46.233071830618023 ], [ 7.561252150612787, 46.233095843654837 ], [ 7.561367516693618, 46.233129389904214 ], [ 7.561493410214968, 46.233169392518633 ], [ 7.561591874160679, 46.233232309455438 ], [ 7.561689129140006, 46.233305149771802 ], [ 7.561689189138125, 46.233305312592044 ], [ 7.561823700270107, 46.23367034294867 ], [ 7.561934821110774, 46.233855973005895 ], [ 7.56193496388906, 46.233856130820961 ], [ 7.562136482538661, 46.234078872530986 ], [ 7.562136494327846, 46.234078917568937 ], [ 7.562166687132036, 46.234194262438216 ], [ 7.562425613041857, 46.234568306519527 ], [ 7.562437991978439, 46.234619586030576 ], [ 7.562440772433145, 46.234679790630395 ], [ 7.562406919458654, 46.234969863932058 ], [ 7.562402720261353, 46.235079345084017 ], [ 7.562427802992271, 46.235193634035973 ], [ 7.562473760179961, 46.235309438525832 ], [ 7.562635233547988, 46.235597023357272 ], [ 7.562668946017732, 46.235720730259068 ], [ 7.562744677553439, 46.235789131307207 ], [ 7.562817250844644, 46.235830971709809 ], [ 7.562817355219275, 46.235831188523541 ], [ 7.5628918306526, 46.23598589370755 ], [ 7.562893919814843, 46.236015388037231 ], [ 7.562853734183252, 46.236050217925204 ], [ 7.562783824594256, 46.236097107352109 ], [ 7.562721272523233, 46.236215953608273 ], [ 7.562715033382154, 46.236311682711609 ], [ 7.562764887657532, 46.236682220574039 ], [ 7.562841263887067, 46.236845695479801 ], [ 7.562888587678291, 46.236906170784273 ], [ 7.562924524525718, 46.236952094657518 ], [ 7.562945006673609, 46.237003320293631 ], [ 7.563002726034481, 46.237176890550636 ], [ 7.563017449647365, 46.237221177852938 ], [ 7.56308998449928, 46.237439278149523 ], [ 7.563163172620783, 46.237659356722176 ], [ 7.563519266577099, 46.238730074195274 ], [ 7.563649881538529, 46.239122868188225 ], [ 7.563729823020639, 46.2393632331001 ], [ 7.563767222340937, 46.239475655148631 ], [ 7.563747093322268, 46.23963098653126 ], [ 7.563712262286497, 46.23989980472907 ], [ 7.563623157494384, 46.240587491287251 ], [ 7.563599180303332, 46.240772629341734 ], [ 7.563564857471408, 46.241037533855149 ], [ 7.563494796614759, 46.241578274080837 ], [ 7.563437895674745, 46.242017367402269 ], [ 7.563381440198691, 46.242453212797038 ], [ 7.563302927974941, 46.243059090436923 ], [ 7.563270691745301, 46.243307809487057 ], [ 7.563115865227955, 46.24450265044787 ], [ 7.563078505120989, 46.244791000740378 ], [ 7.563179370924802, 46.245027843935908 ], [ 7.563194019881697, 46.245123856098921 ], [ 7.5633112915, 46.245892088195923 ], [ 7.56350627784319, 46.247169431807791 ], [ 7.563506434474919, 46.247169618795184 ], [ 7.564142728390472, 46.247929228235883 ], [ 7.564143061400607, 46.247929625784302 ], [ 7.564343067754979, 46.248163943158708 ], [ 7.564438554640065, 46.248275810785479 ], [ 7.565106119608772, 46.249057905688325 ], [ 7.565233916506275, 46.249231109181757 ], [ 7.565484049578331, 46.249570109437435 ], [ 7.565678226783885, 46.24983326658775 ], [ 7.565700375937709, 46.249862045834277 ], [ 7.565253213263786, 46.25065539856849 ], [ 7.565192874198235, 46.250762451695742 ], [ 7.564277253852351, 46.252393318727798 ], [ 7.564063644221268, 46.252773763011682 ], [ 7.563885160376541, 46.253091648718019 ], [ 7.56382114079153, 46.253205693597501 ], [ 7.563682716890584, 46.253452208682688 ], [ 7.564638951209816, 46.253886812288478 ], [ 7.566197896552041, 46.254595298409122 ], [ 7.566197923336794, 46.254595409910195 ], [ 7.566258591392649, 46.254847962295941 ], [ 7.566199715002528, 46.255136787640964 ], [ 7.566356816190027, 46.255278589363442 ], [ 7.566356800766606, 46.255278618964091 ], [ 7.566296654040638, 46.255394052637619 ], [ 7.566111009905232, 46.255530886104616 ], [ 7.565999249252518, 46.255825968530601 ], [ 7.565948253571388, 46.255902065532396 ], [ 7.565718745209598, 46.25624446130724 ], [ 7.565549206419693, 46.256623320997519 ], [ 7.565036350495419, 46.256867204991224 ], [ 7.564762722563174, 46.256982625352371 ], [ 7.564551517438313, 46.257021900089065 ], [ 7.564383300132581, 46.257139217936171 ], [ 7.564240032698507, 46.257239182451947 ], [ 7.563369963469942, 46.257576565985914 ], [ 7.562966748955306, 46.257670543370878 ], [ 7.562661709725241, 46.257674573192048 ], [ 7.562254783677922, 46.257831539401039 ], [ 7.562041924602274, 46.257870001633052 ], [ 7.561836675670027, 46.25795940641725 ], [ 7.561666353031284, 46.258101766295162 ], [ 7.561549231975526, 46.258205684206537 ], [ 7.561389061855982, 46.258347807818467 ], [ 7.561243796872137, 46.258451494870052 ], [ 7.561138709550498, 46.25852649647679 ], [ 7.560898529103004, 46.258707827368887 ], [ 7.560718111148903, 46.258844052644939 ], [ 7.559925996901605, 46.259759954299419 ], [ 7.559420764384801, 46.260344141870355 ], [ 7.559096987998137, 46.260551383962778 ], [ 7.558643889952803, 46.260929678201698 ], [ 7.558345987063141, 46.261109913018331 ], [ 7.558021947279534, 46.2612002092539 ], [ 7.557672162889398, 46.26138050564532 ], [ 7.557504060179954, 46.261605571644004 ], [ 7.557504032018364, 46.261605902314038 ], [ 7.557478777703001, 46.261902435466027 ], [ 7.557284759212576, 46.262145519409323 ], [ 7.557100402718288, 46.262319219414159 ], [ 7.556663486809875, 46.262730879961829 ], [ 7.556274958847211, 46.262983159116004 ], [ 7.555821371896247, 46.263163556896856 ], [ 7.555432875289712, 46.263433833355109 ], [ 7.555213355082099, 46.263883830130005 ], [ 7.554889427131615, 46.264037095588833 ], [ 7.554757601145682, 46.26424653107901 ], [ 7.554422713639338, 46.264321742379373 ], [ 7.553745066618578, 46.264473933094195 ], [ 7.553218784861512, 46.264622639284021 ], [ 7.552330128922037, 46.26484340916258 ], [ 7.551071693169146, 46.2651466674047 ], [ 7.550158514989326, 46.265378338077781 ], [ 7.549158601095766, 46.265632286675306 ], [ 7.549106773910242, 46.265660491061539 ], [ 7.548809180754228, 46.265822441440051 ], [ 7.54823756134657, 46.266130025204781 ], [ 7.548143597170959, 46.266180586565184 ], [ 7.547351492403172, 46.266652130300557 ], [ 7.546753353982084, 46.267025180610787 ], [ 7.546040826945953, 46.267449934417783 ], [ 7.545533980741033, 46.267746555425575 ], [ 7.544963028096073, 46.268104593060791 ], [ 7.544505768955902, 46.268359432535753 ], [ 7.544162051381548, 46.268571507941409 ], [ 7.543887170509239, 46.26873747224861 ], [ 7.543854211316036, 46.268757371958692 ], [ 7.543404070273364, 46.26942366902361 ], [ 7.542980578682002, 46.270051069854723 ], [ 7.542712278166957, 46.270234269684629 ], [ 7.54270023660996, 46.270242491849963 ], [ 7.542683520955641, 46.270253877462814 ], [ 7.542299785813865, 46.270515252798603 ], [ 7.542068324526231, 46.270655893503573 ], [ 7.541987551710798, 46.270663927830221 ], [ 7.541924049062552, 46.270812323105268 ], [ 7.541826139722899, 46.270937306886736 ], [ 7.541735559344481, 46.270986531849225 ], [ 7.54162013099373, 46.271011419034018 ], [ 7.541556539113192, 46.271050760289008 ], [ 7.54153198830585, 46.271101769604812 ], [ 7.541551246738874, 46.271202970944238 ], [ 7.541389072997632, 46.271099334657414 ], [ 7.541280419213429, 46.27106377382681 ], [ 7.541476908600577, 46.27067893520092 ], [ 7.541475306439613, 46.269824154918489 ], [ 7.541758268665784, 46.269541823870959 ], [ 7.541585517067887, 46.269439402849535 ], [ 7.541800857317089, 46.268881327023266 ], [ 7.541633203890911, 46.268584596102983 ], [ 7.541745614899697, 46.267550448200048 ], [ 7.541675519463936, 46.266769844787895 ], [ 7.540452927532706, 46.266313965073905 ], [ 7.537116954927825, 46.266183604905343 ], [ 7.533601794754263, 46.265624879248357 ], [ 7.530842370173578, 46.264815844310995 ], [ 7.529534743267501, 46.264073260993356 ], [ 7.528991843172411, 46.263697639058073 ], [ 7.528152519175643, 46.262946284467624 ], [ 7.527547663572123, 46.262374185958755 ], [ 7.527214241086232, 46.261998437273704 ], [ 7.524341239713936, 46.260384251495225 ], [ 7.52175569870389, 46.259681498647311 ], [ 7.519750729126164, 46.258997472999958 ], [ 7.515421395352199, 46.256941887400124 ], [ 7.510849807030903, 46.253805313869364 ], [ 7.508860551484243, 46.253167008091417 ], [ 7.506928845573026, 46.253046123482335 ], [ 7.503662109261907, 46.25268625585565 ], [ 7.501767344930134, 46.251925683295937 ], [ 7.500674512962218, 46.250864488126375 ], [ 7.50067432232183, 46.250864303004903 ], [ 7.502409128345012, 46.249743983195472 ], [ 7.502822107005736, 46.249477266912535 ], [ 7.503659421103443, 46.247037780084618 ], [ 7.505156468281902, 46.244549725774085 ], [ 7.506002231582558, 46.243454466417937 ], [ 7.505581578913819, 46.241962458874944 ], [ 7.506348646361897, 46.24087477227939 ], [ 7.5082084863648, 46.240699952646146 ], [ 7.509842833991799, 46.238687674610489 ], [ 7.5100296290982, 46.237703169258005 ], [ 7.510291493774631, 46.237469596699604 ], [ 7.510627731801477, 46.237307428869848 ], [ 7.510818783538088, 46.237093168188771 ], [ 7.510944093117165, 46.237015816855411 ], [ 7.511674505097849, 46.236779515312499 ], [ 7.511707764982612, 46.236521680062893 ], [ 7.511754163318671, 46.236220054807262 ], [ 7.511557559233917, 46.23560330670562 ], [ 7.511617340123026, 46.235138582694489 ], [ 7.511518842195625, 46.2347735678878 ], [ 7.511142433197029, 46.23444051986678 ], [ 7.511136151604727, 46.234011109727412 ], [ 7.511082677664016, 46.233773200889438 ], [ 7.511027864701144, 46.233472791426159 ], [ 7.510836129593976, 46.23311544527013 ], [ 7.510792298009401, 46.232814992792051 ], [ 7.511108809898929, 46.232480983984104 ], [ 7.511086649810943, 46.232110819974245 ], [ 7.511234492122406, 46.23147463824715 ], [ 7.511248562413221, 46.231154583786108 ], [ 7.511262030571644, 46.230977757685238 ], [ 7.511599482005988, 46.2307855229081 ], [ 7.51193350191872, 46.230529456529617 ], [ 7.512551730929214, 46.23021933125144 ], [ 7.512528774573918, 46.230015964517555 ], [ 7.512336733078445, 46.229699164337887 ], [ 7.512364512316207, 46.229409829901556 ], [ 7.512393455307715, 46.229167037953552 ], [ 7.512344884930169, 46.22893267986376 ], [ 7.512285817903636, 46.22859307997841 ], [ 7.512338769339983, 46.228236658154046 ], [ 7.512452337305646, 46.228128952571829 ], [ 7.512545182908314, 46.227994957127052 ], [ 7.512532916992696, 46.227837110244266 ], [ 7.512653308670013, 46.227667204468766 ], [ 7.51321661349142, 46.227283410130305 ], [ 7.513502055723931, 46.227116544184661 ], [ 7.513399245107098, 46.226427881256299 ], [ 7.513574778165983, 46.226198990282533 ], [ 7.513553092022875, 46.225673103703258 ], [ 7.513597721476177, 46.225276449459024 ], [ 7.513594182227681, 46.225083108660421 ], [ 7.513594179111547, 46.225082938433346 ], [ 7.513362473698975, 46.224940194001491 ], [ 7.513362154313084, 46.224939997240625 ], [ 7.513413715875553, 46.224856538351659 ], [ 7.5138058312594, 46.222898856872568 ], [ 7.51520233159202, 46.221041463698356 ], [ 7.514354841164742, 46.217162955429494 ], [ 7.512771215616393, 46.212403811648471 ], [ 7.510932705824618, 46.2091234408487 ], [ 7.510459623366373, 46.207814691211276 ], [ 7.510886621355255, 46.206654134905335 ], [ 7.513300668558112, 46.203504982078371 ], [ 7.512607533364482, 46.201184669322167 ], [ 7.512335432434122, 46.198497439876746 ], [ 7.511291592111421, 46.197089101943078 ], [ 7.509919479821979, 46.196214091970653 ], [ 7.510355444188005, 46.194100297483565 ], [ 7.516550909054891, 46.193353657131631 ], [ 7.525435456732308, 46.188990007026845 ], [ 7.525436253657611, 46.188989615616578 ] ] ] } },
{ "type": "Feature", "properties": { "geo_point_2d": { "lon": 7.471896919038442, "lat": 46.11963289739572 }, "year": "2023", "kan_code": [ "23" ], "kan_name": [ "Valais" ], "bez_code": [ "2305", "2311" ], "bez_name": [ "Hérens", "Sierre" ], "gem_code": [ "6083", "6084", "6087", "6252" ], "gem_name": [ "Anniviers", "Evolène", "Hérémence", "Saint-Martin (VS)" ], "plz_code": [ "1983" ], "plz_area_code": "CHE", "plz_type": "PLZ4/NPA4" }, "geometry": { "type": "Polygon", "coordinates": [ [ [ 7.428553628722477, 46.094842753948768 ], [ 7.428554599499491, 46.094842792007995 ], [ 7.461809687539922, 46.096146554709435 ], [ 7.462658226444665, 46.096405940814741 ], [ 7.470648855967739, 46.103261893133727 ], [ 7.471998348481273, 46.103016906543409 ], [ 7.47993683177549, 46.103642680290534 ], [ 7.485575121763289, 46.103050269183854 ], [ 7.489573441250507, 46.105162065534479 ], [ 7.489761844483286, 46.10506877910786 ], [ 7.497315630171713, 46.10132799656639 ], [ 7.49832741404666, 46.10173744474195 ], [ 7.498379752599276, 46.101765681389153 ], [ 7.501563503420542, 46.102803138419688 ], [ 7.502199251748016, 46.102731434377752 ], [ 7.502800223221556, 46.102725206728373 ], [ 7.503164725197735, 46.102786495066375 ], [ 7.503356395842321, 46.102804827579099 ], [ 7.50339080588094, 46.102814613224389 ], [ 7.503741021912042, 46.102834024606373 ], [ 7.50382095865103, 46.102849451371313 ], [ 7.504084873393022, 46.102938896068842 ], [ 7.504588303904383, 46.103042595068771 ], [ 7.504777788054532, 46.103069742045271 ], [ 7.505143393289989, 46.103087610925698 ], [ 7.505251658832806, 46.103109047194557 ], [ 7.505857866138429, 46.103289862223342 ], [ 7.50591077076386, 46.103300625728593 ], [ 7.50594918641443, 46.103307079889703 ], [ 7.506874649165407, 46.103456126654642 ], [ 7.507004060607341, 46.103530442325713 ], [ 7.507043469383341, 46.103607690339061 ], [ 7.507093635110145, 46.103703732552042 ], [ 7.507200415062577, 46.103776982093343 ], [ 7.50754293735028, 46.10394661163479 ], [ 7.507036853092058, 46.104521010472027 ], [ 7.506390631960127, 46.106221155024272 ], [ 7.505230256002961, 46.106663544605048 ], [ 7.504142851170256, 46.107278225860021 ], [ 7.502735454514568, 46.109340169831604 ], [ 7.502438435942591, 46.111422901025307 ], [ 7.501371455636667, 46.113565553023498 ], [ 7.500132892664635, 46.115351281647364 ], [ 7.498893652903551, 46.116601483819039 ], [ 7.500008346664437, 46.118772711710676 ], [ 7.50369031428703, 46.121100171914158 ], [ 7.508056869447179, 46.123180170998225 ], [ 7.51341188774954, 46.128243379217452 ], [ 7.516414811917338, 46.13368579426735 ], [ 7.517229588702121, 46.134875275673345 ], [ 7.525844314447401, 46.138219579102611 ], [ 7.52589259731569, 46.13828680192578 ], [ 7.525594534104894, 46.138464818082063 ], [ 7.525440089480187, 46.138557059047912 ], [ 7.524625413983488, 46.138917507667287 ], [ 7.524147148220818, 46.139232711832051 ], [ 7.523720710305184, 46.139610844205521 ], [ 7.522945666547881, 46.140492984414479 ], [ 7.52279081736308, 46.140780956611216 ], [ 7.522324717973739, 46.141004213626395 ], [ 7.521756338338442, 46.141276461871655 ], [ 7.521303566994523, 46.141366728495214 ], [ 7.521196521598394, 46.141408170942242 ], [ 7.521070777566276, 46.141456852535086 ], [ 7.519980058507955, 46.141737661368666 ], [ 7.516866690323613, 46.142539207176156 ], [ 7.516220034854267, 46.142809497250745 ], [ 7.516129888239622, 46.143124420990745 ], [ 7.515121698921565, 46.143979660879857 ], [ 7.51483684841558, 46.143871895640721 ], [ 7.513282762198041, 46.142991312423696 ], [ 7.512726069511751, 46.142811754752614 ], [ 7.512273113508743, 46.142794047541543 ], [ 7.511793991124234, 46.14254245279789 ], [ 7.511301823257366, 46.142227913418317 ], [ 7.509359788594538, 46.14146445562794 ], [ 7.508842140073554, 46.1414467656654 ], [ 7.50732784571356, 46.141222769737034 ], [ 7.506421702871335, 46.140953407861836 ], [ 7.505153348373736, 46.140774214479691 ], [ 7.503859248047687, 46.140702968178609 ], [ 7.501270864026414, 46.140389506602652 ], [ 7.499782660579183, 46.140300328451815 ], [ 7.499459070357065, 46.14021052722083 ], [ 7.498294310135238, 46.140058188331984 ], [ 7.497492064633137, 46.140103562995684 ], [ 7.495939423303253, 46.140257247169771 ], [ 7.494606943228453, 46.140599709372616 ], [ 7.493546226808099, 46.140978026300687 ], [ 7.4924080331623, 46.141545258231922 ], [ 7.492019946407928, 46.141680372701671 ], [ 7.49128240696, 46.141743664181547 ], [ 7.490790673597024, 46.141743888579697 ], [ 7.489431847500332, 46.141654505993948 ], [ 7.485290840027318, 46.141548224160168 ], [ 7.483026190455726, 46.141432123330453 ], [ 7.483025889169487, 46.141054301199659 ], [ 7.48274086089448, 46.140622597119183 ], [ 7.482183738608327, 46.13957043457642 ], [ 7.482183649553343, 46.139570266390152 ], [ 7.481795159175408, 46.139165576678643 ], [ 7.481406779023929, 46.138913809985233 ], [ 7.480345397501803, 46.138464376168628 ], [ 7.479439453693601, 46.138221784215197 ], [ 7.479361135300695, 46.13821355973198 ], [ 7.479012407549877, 46.138176938634096 ], [ 7.476915714947699, 46.13743093176609 ], [ 7.476527370446669, 46.137161166194723 ], [ 7.476351828356672, 46.136944419391234 ], [ 7.475944644288837, 46.136441657659645 ], [ 7.47568573056969, 46.136243820784998 ], [ 7.475258639376618, 46.136082018867846 ], [ 7.474805498234273, 46.1356323389045 ], [ 7.474456028687874, 46.13543453647484 ], [ 7.474132395002596, 46.135164733670102 ], [ 7.473873533566891, 46.135029870479791 ], [ 7.473872968255474, 46.135030795265699 ], [ 7.473615021823366, 46.135452766620702 ], [ 7.472580664989726, 46.136784469481796 ], [ 7.472128035522319, 46.137207400925789 ], [ 7.472024665863213, 46.137459315130499 ], [ 7.472024877931281, 46.1378371551843 ], [ 7.471960380564043, 46.138179013657087 ], [ 7.471546569025927, 46.138646927396422 ], [ 7.47118507585635, 46.140131367318475 ], [ 7.471055773295951, 46.140311332528171 ], [ 7.470991189121283, 46.140518257240991 ], [ 7.470608920239266, 46.14099232971266 ], [ 7.470230816768416, 46.141461236430949 ], [ 7.470060273826584, 46.14195784619664 ], [ 7.469866307577687, 46.142227765070004 ], [ 7.469742668004916, 46.142492572882141 ], [ 7.469698284509189, 46.142587632223865 ], [ 7.469693629351426, 46.142672615262057 ], [ 7.469672660439529, 46.143055416862154 ], [ 7.469463529221444, 46.143517413641931 ], [ 7.469375368647978, 46.143712171275041 ], [ 7.469351735362665, 46.14378159384114 ], [ 7.468961908545724, 46.144926706660129 ], [ 7.468858640144584, 46.145421489065193 ], [ 7.468918335358342, 46.145690557596581 ], [ 7.468962414782635, 46.145889239956723 ], [ 7.469376718676203, 46.146203984682423 ], [ 7.470256855947851, 46.146428664548765 ], [ 7.471059388857302, 46.146725314699957 ], [ 7.471616037052255, 46.146995051602538 ], [ 7.471357241095798, 46.14705809372898 ], [ 7.47077479928698, 46.146923296033627 ], [ 7.46905339995642, 46.146635856352312 ], [ 7.468600448964613, 46.146635973841811 ], [ 7.466141350442945, 46.146204730299544 ], [ 7.465558848931791, 46.145979950140145 ], [ 7.464717538356453, 46.145755215981474 ], [ 7.463358465867059, 46.145350665840361 ], [ 7.46290539565081, 46.145107871503477 ], [ 7.462618015527326, 46.144849102049513 ], [ 7.462555820387963, 46.144793098864405 ], [ 7.462038049959789, 46.144613292099706 ], [ 7.461416792831923, 46.144541440712857 ], [ 7.461176053851815, 46.144906868527521 ], [ 7.460757800643928, 46.145238353111473 ], [ 7.460409205702182, 46.144897987797023 ], [ 7.460409042437513, 46.144897828386704 ], [ 7.460435347675705, 46.144511905232129 ], [ 7.460229563228218, 46.144174285981521 ], [ 7.459694432635391, 46.143802641454542 ], [ 7.45889037654761, 46.143403514392112 ], [ 7.458583754119362, 46.143066467120086 ], [ 7.458441968691569, 46.14235645391507 ], [ 7.458259021647335, 46.141835264048289 ], [ 7.45798470944881, 46.141412212345863 ], [ 7.457816047641344, 46.140941484511124 ], [ 7.457662408763682, 46.140808995783146 ], [ 7.457338810968115, 46.140611145084797 ], [ 7.456821132658126, 46.139891840634647 ], [ 7.456820952522512, 46.139891590339538 ], [ 7.456406790507544, 46.139729733003215 ], [ 7.45376367587635, 46.138962254366191 ], [ 7.453229797534555, 46.138714942646899 ], [ 7.452679734609036, 46.138355185906633 ], [ 7.452307621514554, 46.13800666896433 ], [ 7.451902819452143, 46.137283570691125 ], [ 7.452006080455901, 46.135979213695521 ], [ 7.451708245914421, 46.135097682382572 ], [ 7.451449335994333, 46.134602945809384 ], [ 7.451061025278144, 46.134045262082083 ], [ 7.450776285044483, 46.13373044657429 ], [ 7.450284417720463, 46.133010841611686 ], [ 7.450219656122488, 46.132669016967441 ], [ 7.45017119262666, 46.131766210505887 ], [ 7.450089612488732, 46.129745422837665 ], [ 7.450154085405928, 46.128755888925845 ], [ 7.449701105824872, 46.128081255749393 ], [ 7.446062190419425, 46.123198645583727 ], [ 7.446061847983469, 46.123198186111303 ], [ 7.445641359419972, 46.122883365632092 ], [ 7.445269402813183, 46.122591029999178 ], [ 7.444499369698349, 46.122144536699352 ], [ 7.443312654669363, 46.121826509058003 ], [ 7.44252001635604, 46.121496945021661 ], [ 7.441459224848244, 46.121272097300711 ], [ 7.439130677321032, 46.120912317699975 ], [ 7.436763376072801, 46.120597475742777 ], [ 7.435340399981325, 46.120282614474831 ], [ 7.434434894913903, 46.120030710788761 ], [ 7.433691372751924, 46.119611392442984 ], [ 7.43253371718587, 46.11843865726037 ], [ 7.432533461249883, 46.118438397990559 ], [ 7.431977614174452, 46.117384885633641 ], [ 7.431369512524036, 46.116369318995936 ], [ 7.431266081150126, 46.115964512330621 ], [ 7.431007430645885, 46.115577675973519 ], [ 7.429752723514285, 46.11573952929222 ], [ 7.428717908620345, 46.115739443411996 ], [ 7.428103792439122, 46.115591505014457 ], [ 7.427005637910876, 46.115201107680797 ], [ 7.427553939405504, 46.114857771923695 ], [ 7.427877338544357, 46.114704872852911 ], [ 7.428161968131846, 46.114318085049462 ], [ 7.428459563047292, 46.113823351412272 ], [ 7.428588966420103, 46.113400556021368 ], [ 7.428614935978081, 46.112833830956198 ], [ 7.428421109053959, 46.111799307698135 ], [ 7.428421257872542, 46.110881772442958 ], [ 7.428227374678149, 46.109982244939751 ], [ 7.427943247207176, 46.108425953232626 ], [ 7.427646269788136, 46.106446851806879 ], [ 7.427749803205857, 46.106114028163496 ], [ 7.4279697455533, 46.105637279033431 ], [ 7.428073277699943, 46.105232490894096 ], [ 7.428228717514769, 46.103775213269934 ], [ 7.428616897564026, 46.1024259137683 ], [ 7.429043752443144, 46.101796258682199 ], [ 7.42904378813041, 46.101544383987083 ], [ 7.428811181689409, 46.100599840942941 ], [ 7.428656200526297, 46.099565349802468 ], [ 7.428656286604219, 46.099070614026111 ], [ 7.428876257883616, 46.098261038071968 ], [ 7.429070313896768, 46.097766302598814 ], [ 7.429264335791729, 46.097433486199883 ], [ 7.429109247202546, 46.096893749611048 ], [ 7.429199876264766, 46.096282071546575 ], [ 7.428980201077118, 46.095499449818867 ], [ 7.428786308351211, 46.095139628614227 ], [ 7.428553628722477, 46.094842753948768 ] ] ] } },
{ "type": "Feature", "properties": { "geo_point_2d": { "lon": 7.935193156215964, "lat": 46.152778597543325 }, "year": "2023", "kan_code": [ "23" ], "kan_name": [ "Valais" ], "bez_code": [ "2301", "2313" ], "bez_name": [ "Brig", "Visp" ], "gem_code": [ "6009", "6282", "6289", "6290", "6291", "6292" ], "gem_name": [ "Eisten", "Saas-Balen", "Saas-Fee", "Saas-Grund", "Simplon", "St. Niklaus" ], "plz_code": [ "3908" ], "plz_area_code": "CHE", "plz_type": "PLZ4/NPA4" }, "geometry": { "type": "Polygon", "coordinates": [ [ [ 7.879308664220849, 46.120638414853751 ], [ 7.879607422579502, 46.120790175711491 ], [ 7.88006347445018, 46.12119320043066 ], [ 7.880648748011001, 46.121577726473809 ], [ 7.881233407901789, 46.121890277453851 ], [ 7.881778184286564, 46.122068046606657 ], [ 7.882465030278802, 46.122218268050474 ], [ 7.883047744434431, 46.1222879248269 ], [ 7.883435438657506, 46.122241411659381 ], [ 7.883758097713968, 46.122150174981691 ], [ 7.883912378673984, 46.122032623082205 ], [ 7.884144715804808, 46.121968728309483 ], [ 7.884946375680353, 46.121920567722029 ], [ 7.88533459350872, 46.121937015750895 ], [ 7.885430212919073, 46.121919988194151 ], [ 7.885696289690634, 46.121872606210623 ], [ 7.885981005613279, 46.121889470541483 ], [ 7.886240833460449, 46.122023367712849 ], [ 7.886726534432743, 46.122095838175277 ], [ 7.887121586074128, 46.122154783033871 ], [ 7.887666014592316, 46.122287546761982 ], [ 7.888314885393471, 46.122536836164464 ], [ 7.888873368993011, 46.122804464505954 ], [ 7.889913984469703, 46.12349296273301 ], [ 7.890303244263928, 46.123801665953287 ], [ 7.890760440498422, 46.124164246296758 ], [ 7.891057361011394, 46.124256054835755 ], [ 7.891564575298221, 46.12441288671701 ], [ 7.89296819387387, 46.125165095045901 ], [ 7.89351383269199, 46.125457506439332 ], [ 7.895514719636765, 46.124936632835215 ], [ 7.895875431848435, 46.12475525058214 ], [ 7.896132434618832, 46.124547300107274 ], [ 7.896389096304348, 46.124266079331115 ], [ 7.896478546714405, 46.12416806971315 ], [ 7.896929957730027, 46.12400429884773 ], [ 7.897193598742765, 46.123957320237579 ], [ 7.899358408319813, 46.123571569385987 ], [ 7.90174717214927, 46.123039988486482 ], [ 7.902224265038845, 46.122858099647694 ], [ 7.902649240531472, 46.122631453363603 ], [ 7.902865541086769, 46.122469528089319 ], [ 7.90325340665308, 46.122179167123186 ], [ 7.903936149386207, 46.121843498084843 ], [ 7.904451815513303, 46.121634462766103 ], [ 7.905383014186637, 46.121153619790519 ], [ 7.905417764227294, 46.121135675915134 ], [ 7.905994082012986, 46.120502817302068 ], [ 7.906404546903224, 46.120052082919756 ], [ 7.906854184761882, 46.119690374034789 ], [ 7.906952443264776, 46.119634072335053 ], [ 7.907407686616907, 46.119373219851418 ], [ 7.908567211977141, 46.118828623796482 ], [ 7.908795547713166, 46.118739155096556 ], [ 7.909147353457894, 46.118601307192613 ], [ 7.91442431220467, 46.120000398045583 ], [ 7.915072271055881, 46.120132593453071 ], [ 7.915759812975731, 46.120354575029253 ], [ 7.917120178227032, 46.120591677748187 ], [ 7.918740945341859, 46.121016567491907 ], [ 7.920064355889151, 46.121460693239648 ], [ 7.920389104141341, 46.121612226753221 ], [ 7.920779805038244, 46.121907418228858 ], [ 7.92112522795422, 46.122951955727345 ], [ 7.924175618048907, 46.12489942924897 ], [ 7.926801117905304, 46.125492121981964 ], [ 7.929817411033551, 46.126776166597324 ], [ 7.931716720898962, 46.127361996568752 ], [ 7.934222434452471, 46.127169002793423 ], [ 7.934429238668007, 46.127018586352058 ], [ 7.934476913062462, 46.127447338256879 ], [ 7.934476960861859, 46.127471637131009 ], [ 7.934477281629323, 46.127634699610297 ], [ 7.93447473363022, 46.127711732197277 ], [ 7.934476922808474, 46.127823170633413 ], [ 7.934456348024155, 46.127988098622033 ], [ 7.934388163692776, 46.128154746840899 ], [ 7.934254325939606, 46.128419205752003 ], [ 7.934166165480567, 46.12860456263121 ], [ 7.934134275421146, 46.128706084348522 ], [ 7.934016999906565, 46.129066526692995 ], [ 7.933892502347581, 46.129463964020381 ], [ 7.93378195655789, 46.129802121194842 ], [ 7.933724639881269, 46.12998915067606 ], [ 7.933633950316067, 46.130345598955984 ], [ 7.933580134616207, 46.130586398476957 ], [ 7.933505360098008, 46.130856013144452 ], [ 7.933414507908052, 46.131100582111621 ], [ 7.933288623763166, 46.131394511030969 ], [ 7.933213574270997, 46.131546903391268 ], [ 7.933113938789353, 46.1317162613108 ], [ 7.933014686153143, 46.13185651628838 ], [ 7.932894253627322, 46.131996962796165 ], [ 7.932712711110387, 46.132224818062021 ], [ 7.932441300544433, 46.132545173134666 ], [ 7.932240834966159, 46.132728401579485 ], [ 7.93208266444982, 46.132944360302467 ], [ 7.931953395636895, 46.133294579774386 ], [ 7.931953707482173, 46.13329469198996 ], [ 7.932077459845926, 46.133339223505082 ], [ 7.932320199203605, 46.133361911749539 ], [ 7.932361726788133, 46.133362503904635 ], [ 7.93259836398066, 46.133365715480707 ], [ 7.932752733828565, 46.133373298497624 ], [ 7.932906587513591, 46.133373884885067 ], [ 7.93305499545786, 46.133377517460069 ], [ 7.933427901467578, 46.133422671650379 ], [ 7.93350934561147, 46.133430258149929 ], [ 7.933694768768404, 46.133459095691585 ], [ 7.933988788176788, 46.133466118955589 ], [ 7.934147230073795, 46.133458965198059 ], [ 7.93432580884242, 46.13345075132743 ], [ 7.934325782009556, 46.133451061411229 ], [ 7.934299541358643, 46.133754301525116 ], [ 7.934333313032801, 46.13386403618734 ], [ 7.934312471637065, 46.134039805234799 ], [ 7.934307598337216, 46.134101636275119 ], [ 7.934312641156746, 46.134121197853574 ], [ 7.934106164320001, 46.134242250540716 ], [ 7.933990675056076, 46.134311691250801 ], [ 7.933378881032278, 46.134997183908482 ], [ 7.933304033497846, 46.1350824043502 ], [ 7.933218214925543, 46.135184998545242 ], [ 7.932076797679452, 46.136589356173758 ], [ 7.93203692557201, 46.136692045641631 ], [ 7.931934974560597, 46.136882984396713 ], [ 7.931895899314402, 46.136945018632495 ], [ 7.931879009765132, 46.137033538383385 ], [ 7.931887440690963, 46.137097326280035 ], [ 7.931820290635068, 46.13728892261085 ], [ 7.931702287373151, 46.137432082935995 ], [ 7.931551631209373, 46.137544710157016 ], [ 7.931453626966977, 46.137621313519105 ], [ 7.931392395750838, 46.137736285134892 ], [ 7.931534349024995, 46.137823473268753 ], [ 7.931534326606914, 46.137823606498635 ], [ 7.931534204109156, 46.137824334498603 ], [ 7.931522264039174, 46.137895293924153 ], [ 7.931770274886349, 46.138062431882126 ], [ 7.931687025965446, 46.138175286808845 ], [ 7.931769316652505, 46.138221399617798 ], [ 7.931683541400637, 46.138392710829898 ], [ 7.93189874868835, 46.138467947349099 ], [ 7.93189895291879, 46.138468234040744 ], [ 7.932817094016843, 46.139757088826343 ], [ 7.932897585434484, 46.139836595823049 ], [ 7.933469940904114, 46.14040195130778 ], [ 7.933659575309209, 46.140818320532283 ], [ 7.933932014140098, 46.141416498614397 ], [ 7.933937288103031, 46.141420118489954 ], [ 7.934049930577014, 46.141497432597674 ], [ 7.934153406967034, 46.141568455405341 ], [ 7.934377199832792, 46.141660829633032 ], [ 7.935231605141016, 46.14201349963534 ], [ 7.935362699260057, 46.142612717352257 ], [ 7.935434123059458, 46.142939188183469 ], [ 7.935463839844688, 46.143361875124683 ], [ 7.935637807344587, 46.14399082064179 ], [ 7.935786261404384, 46.14413811389705 ], [ 7.936225661965794, 46.144574078660447 ], [ 7.936251624618554, 46.14459983830384 ], [ 7.937067119169246, 46.144568343579273 ], [ 7.94362634668066, 46.144315023598544 ], [ 7.965994581197301, 46.151436281041192 ], [ 7.966409367675101, 46.151497314851014 ], [ 7.96683648870588, 46.151495310131104 ], [ 7.968000055654832, 46.151354928663331 ], [ 7.96964498353552, 46.151464137621709 ], [ 7.970227420813696, 46.151461390075994 ], [ 7.970552049093179, 46.151567811627054 ], [ 7.970942359186432, 46.151772876312982 ], [ 7.971074436045136, 46.152042136115313 ], [ 7.971075289255785, 46.15212936200539 ], [ 7.97107927544863, 46.152536880616367 ], [ 7.97137872757095, 46.152715384616606 ], [ 7.971637594536216, 46.152714163876091 ], [ 7.971894138565306, 46.152741679607082 ], [ 7.972440961852364, 46.152800329354349 ], [ 7.972830332339008, 46.152906438559157 ], [ 7.973425900923703, 46.153526654114984 ], [ 7.973458075823546, 46.153560160538767 ], [ 7.973783163933189, 46.153711549580684 ], [ 7.973877445317222, 46.153802218428105 ], [ 7.974229469423642, 46.154140754188063 ], [ 7.974389109173625, 46.154294277094863 ], [ 7.974462690307559, 46.154365038854188 ], [ 7.975027870022081, 46.15503288999512 ], [ 7.975183023106938, 46.155216228430803 ], [ 7.975577544298305, 46.155511486535119 ], [ 7.97577841257087, 46.155661815558432 ], [ 7.976120818225683, 46.155918070600642 ], [ 7.976238307616554, 46.156005999197596 ], [ 7.976461053043498, 46.156172700997004 ], [ 7.977139754436114, 46.156736202721973 ], [ 7.977388873049652, 46.15728413774049 ], [ 7.977576434509134, 46.157696678137668 ], [ 7.97772821023335, 46.157852548366122 ], [ 7.977937821015832, 46.158067813888458 ], [ 7.97796879674458, 46.158099625259752 ], [ 7.978358927598141, 46.158277678252823 ], [ 7.978387383828954, 46.158283389767668 ], [ 7.978526376971291, 46.158311287397581 ], [ 7.978709145658536, 46.158347971316729 ], [ 7.978970444028939, 46.158589608293163 ], [ 7.979139449046084, 46.158658978816682 ], [ 7.979295399226389, 46.15872299079593 ], [ 7.979323165767532, 46.15872688636356 ], [ 7.980721391483996, 46.15892305349896 ], [ 7.981217063816631, 46.159298506562962 ], [ 7.981440527236205, 46.159639273154426 ], [ 7.98149109976194, 46.159704076567998 ], [ 7.981965082595067, 46.160311436099938 ], [ 7.982099775471237, 46.160585889091394 ], [ 7.982163291766819, 46.160715311209501 ], [ 7.982270630462677, 46.161092617811306 ], [ 7.982275124342967, 46.161542394360417 ], [ 7.982417873894589, 46.161659762200053 ], [ 7.982601450321965, 46.161810697656207 ], [ 7.983056363534724, 46.161988422820649 ], [ 7.983420637451291, 46.162088108387451 ], [ 7.984108050477759, 46.162276222754279 ], [ 7.984445405018505, 46.162368541685382 ], [ 7.985002079832717, 46.162365842836621 ], [ 7.985480333854269, 46.162291563426599 ], [ 7.986167637389448, 46.162405180901075 ], [ 7.986648613346566, 46.162600756973653 ], [ 7.986990999888506, 46.162599086995186 ], [ 7.987360625535565, 46.162597284158934 ], [ 7.987427681854965, 46.162589702149454 ], [ 7.987823340542906, 46.162544965308115 ], [ 7.987942547157576, 46.162531486702512 ], [ 7.988435116759932, 46.162592062008507 ], [ 7.989735148245788, 46.163125477446094 ], [ 7.990060897053826, 46.163330791699231 ], [ 7.990399473430553, 46.163727634264376 ], [ 7.990519486589126, 46.163868300692904 ], [ 7.990895130559135, 46.163989371925716 ], [ 7.991118342625728, 46.164061313876701 ], [ 7.991626711191285, 46.164225162664032 ], [ 7.991627601483988, 46.164225449608175 ], [ 7.99216911369833, 46.164399980697731 ], [ 7.992872101837418, 46.164458176602118 ], [ 7.993400090632758, 46.164501885426979 ], [ 7.99372519130648, 46.164511968767123 ], [ 7.9941512405464, 46.164525183133478 ], [ 7.995665019010444, 46.164427765244625 ], [ 7.99661009738668, 46.164423094195158 ], [ 7.997516785144795, 46.164463593068874 ], [ 7.998377766812039, 46.164395452049249 ], [ 7.998487004767751, 46.164386806585625 ], [ 7.998967672937201, 46.164546348803341 ], [ 7.999164175148551, 46.164770269342327 ], [ 7.999270068464354, 46.164994657061278 ], [ 7.999338497278458, 46.165354149569666 ], [ 7.999534567448691, 46.165533092640942 ], [ 7.999821237846177, 46.165711585539832 ], [ 8.000147688169875, 46.165979838093598 ], [ 8.000278568020683, 46.16605941042635 ], [ 8.000755031676794, 46.166349090803827 ], [ 8.001328156260355, 46.166697539092759 ], [ 8.001424527391803, 46.166756130814036 ], [ 8.001649209427143, 46.166805980724149 ], [ 8.001677251094691, 46.166812202292348 ], [ 8.00213827831006, 46.166914489799268 ], [ 8.002528073490529, 46.167047482680509 ], [ 8.002684550078483, 46.167154651492368 ], [ 8.003208775501623, 46.167763757667586 ], [ 8.003210357947927, 46.167916678436072 ], [ 8.003222938959217, 46.168043906221193 ], [ 8.00322281240669, 46.168044084571427 ], [ 8.003081298448928, 46.168243519920395 ], [ 8.002762928899092, 46.168432671981535 ], [ 8.002516933790638, 46.168646749278288 ], [ 8.002277554257976, 46.168911070589402 ], [ 8.001961962131245, 46.169106521568025 ], [ 8.001567348840327, 46.169234428949942 ], [ 8.00112882728796, 46.169286988724593 ], [ 8.00071602677059, 46.169310092562391 ], [ 8.000302227398237, 46.16941228195396 ], [ 7.999767541713047, 46.169645149351091 ], [ 7.999370736357924, 46.169924729118243 ], [ 7.998884256252389, 46.170149616738769 ], [ 7.99826291129283, 46.1705569842252 ], [ 7.997705186394401, 46.171045346639005 ], [ 7.997156273766954, 46.171456982506157 ], [ 7.996911559854694, 46.171755448715075 ], [ 7.996757531224985, 46.172054807012437 ], [ 7.996510566180571, 46.172294423926331 ], [ 7.996224239015083, 46.172469824537053 ], [ 7.995880949357357, 46.17260853250928 ], [ 7.996045581225546, 46.172867267613199 ], [ 7.996019157391578, 46.173146537627211 ], [ 7.995902829141093, 46.173382711231525 ], [ 7.99601086870557, 46.173691373228259 ], [ 7.99603215854104, 46.173965289359678 ], [ 7.996104935976653, 46.174257123098087 ], [ 7.996016200724739, 46.174483193390806 ], [ 7.995865794987721, 46.174603489146058 ], [ 7.995499103957918, 46.175281258744512 ], [ 7.995439430048963, 46.175539741215474 ], [ 7.995297875116556, 46.175818426669125 ], [ 7.995256650573668, 46.176067813391107 ], [ 7.995349039540075, 46.17626391670106 ], [ 7.995349520247837, 46.176264403735857 ], [ 7.995530265504326, 46.176447527945143 ], [ 7.995530276855694, 46.176447641047915 ], [ 7.995549424409099, 46.17663842344448 ], [ 7.995483030633276, 46.176883175480874 ], [ 7.995159021189389, 46.177124878067275 ], [ 7.994940948893639, 46.177356172038053 ], [ 7.994897758568037, 46.177630216811146 ], [ 7.995044875909692, 46.178393884160982 ], [ 7.995025312397618, 46.178659635519381 ], [ 7.995092130042781, 46.178973970846975 ], [ 7.995248429278028, 46.179173528928594 ], [ 7.995273712269038, 46.179375711073142 ], [ 7.994586847456479, 46.179339509540917 ], [ 7.994564666830371, 46.179699432767599 ], [ 7.993102599799137, 46.1798235496586 ], [ 7.992238681715674, 46.180187606669143 ], [ 7.991942711836562, 46.180368980672846 ], [ 7.991657540475937, 46.18034338863685 ], [ 7.989586362310503, 46.180425512853262 ], [ 7.98851294452279, 46.180565702987408 ], [ 7.987905888710864, 46.180721600607619 ], [ 7.986383352716444, 46.181268789482857 ], [ 7.98584112399153, 46.181433357626979 ], [ 7.98551709956041, 46.1814079471065 ], [ 7.984960526293793, 46.181437634443895 ], [ 7.984286231140048, 46.181350941920343 ], [ 7.983639392239591, 46.181417050543843 ], [ 7.980729874060423, 46.181925672602368 ], [ 7.980017426895614, 46.181929050453675 ], [ 7.979370267659637, 46.181977099524069 ], [ 7.978942729713475, 46.181961151961623 ], [ 7.977708412875669, 46.181562251434684 ], [ 7.977319640426741, 46.181537117106672 ], [ 7.976841193392805, 46.181611371054977 ], [ 7.976348819351835, 46.181586726523847 ], [ 7.975868332855391, 46.181454073887771 ], [ 7.975284677077172, 46.181366887919644 ], [ 7.97479124507841, 46.18123430116475 ], [ 7.974465976923104, 46.181082914817964 ], [ 7.972686504902559, 46.180551596280658 ], [ 7.971154620187012, 46.180172003307156 ], [ 7.970699607064435, 46.17999424788006 ], [ 7.969960152339577, 46.179862788687274 ], [ 7.96885722038693, 46.179643081074367 ], [ 7.968230628738236, 46.179133258375103 ], [ 7.966930425860278, 46.178599594636921 ], [ 7.966578774043106, 46.178394334364242 ], [ 7.96618881152559, 46.17824322646824 ], [ 7.964630271173762, 46.177773721105275 ], [ 7.964395423848522, 46.177594897937354 ], [ 7.964005039986053, 46.177398805628549 ], [ 7.963459428931129, 46.177221424248287 ], [ 7.962417004227, 46.176551584387582 ], [ 7.961313049360427, 46.176214854217534 ], [ 7.961013328777377, 46.176018332472687 ], [ 7.960623717078634, 46.175903186997857 ], [ 7.959365517240864, 46.175684113030393 ], [ 7.958872175416667, 46.17555144773646 ], [ 7.95822387931695, 46.175464480431707 ], [ 7.956902493676744, 46.175407584373886 ], [ 7.956344160656077, 46.175248218678604 ], [ 7.955759323768643, 46.175026001082777 ], [ 7.955084264135827, 46.174849171523419 ], [ 7.95443683285927, 46.174852136274055 ], [ 7.953919312498617, 46.174899475111474 ], [ 7.953108892095172, 46.175469917407746 ], [ 7.952439393728981, 46.175877780643674 ], [ 7.951884876900676, 46.176123185124517 ], [ 7.950826273378125, 46.176469834118748 ], [ 7.950375335939714, 46.176714770828639 ], [ 7.949950967056921, 46.177031542705862 ], [ 7.949564177481778, 46.177213224643282 ], [ 7.948566669047047, 46.177172749255568 ], [ 7.947790389501674, 46.177248222937749 ], [ 7.946649325827751, 46.177091432062639 ], [ 7.944966171334688, 46.177125987694254 ], [ 7.944164572429421, 46.177264511145268 ], [ 7.942547167051281, 46.177406685805558 ], [ 7.939384799523696, 46.17571150576326 ], [ 7.939058342780586, 46.175416091167257 ], [ 7.938578261843794, 46.175310265973174 ], [ 7.937804021479945, 46.175601515182585 ], [ 7.936795270655137, 46.175740864702959 ], [ 7.935601802154807, 46.175503213525012 ], [ 7.935213337986013, 46.175504911364854 ], [ 7.934980845108504, 46.175568884546067 ], [ 7.934462496488202, 46.175526171146856 ], [ 7.933622739423843, 46.175736735065207 ], [ 7.933079483536443, 46.175802055403096 ], [ 7.932367308175865, 46.175805158609528 ], [ 7.932106947510754, 46.175653358467478 ], [ 7.931744405828159, 46.175654940214145 ], [ 7.929841556727226, 46.175726130413381 ], [ 7.92915487548938, 46.17568411484028 ], [ 7.928609004263821, 46.1754615879615 ], [ 7.925293019149567, 46.173901617495346 ], [ 7.924445351501502, 46.173230572972273 ], [ 7.924339737799919, 46.173006142078471 ], [ 7.924209054906807, 46.172871767222311 ], [ 7.921632777567975, 46.172151151541613 ], [ 7.916960993154505, 46.172682735393288 ], [ 7.912911946892121, 46.171950051757598 ], [ 7.912378767806434, 46.17170237648439 ], [ 7.912781902886111, 46.170784335909779 ], [ 7.913068958472355, 46.170307104344246 ], [ 7.912978862479754, 46.169795759928419 ], [ 7.913367652058914, 46.169199096138158 ], [ 7.914134582909773, 46.1687555498984 ], [ 7.914329124246954, 46.168397816695737 ], [ 7.914620201079572, 46.167631990009497 ], [ 7.914812953845424, 46.167469264063328 ], [ 7.915190196679545, 46.167336222958845 ], [ 7.915458283120955, 46.167241677713619 ], [ 7.915841144373235, 46.166610387725406 ], [ 7.916163448303589, 46.166456117257397 ], [ 7.916362041982787, 46.166325748891353 ], [ 7.916549617016873, 46.166202613800628 ], [ 7.916795638025979, 46.165871344230816 ], [ 7.916831080477149, 46.165823620641703 ], [ 7.916870353169086, 46.165798957853298 ], [ 7.917191598333825, 46.165597219670026 ], [ 7.917918523739847, 46.165225900525222 ], [ 7.917990659323913, 46.16518905310847 ], [ 7.918286410696819, 46.1649629232192 ], [ 7.918853494753476, 46.16476289628342 ], [ 7.918931708635171, 46.16473530798693 ], [ 7.918968610558311, 46.164679280200005 ], [ 7.919187189263732, 46.16434741453849 ], [ 7.919703820936949, 46.164210308104877 ], [ 7.919792435386673, 46.163985037529464 ], [ 7.920243128170585, 46.163713264187045 ], [ 7.920755990642498, 46.163153378280519 ], [ 7.92113970310348, 46.162630015308736 ], [ 7.921757066571575, 46.162177618560214 ], [ 7.922143816513874, 46.161996068197752 ], [ 7.922749029789209, 46.161633675324751 ], [ 7.923583230693464, 46.160820519088858 ], [ 7.922669601645137, 46.160462437556362 ], [ 7.921832605597355, 46.160323211248141 ], [ 7.921589014575742, 46.159891071570435 ], [ 7.920637026322175, 46.159960525011684 ], [ 7.919963641654757, 46.159820154048077 ], [ 7.919664357476901, 46.159757766514666 ], [ 7.918497770553655, 46.15958280126263 ], [ 7.918044969993324, 46.159611691798219 ], [ 7.917720567304788, 46.159523109852863 ], [ 7.917551256119604, 46.159406900781079 ], [ 7.91745929965632, 46.159254362884852 ], [ 7.91719882310877, 46.159075551314551 ], [ 7.916481747030822, 46.158493880351756 ], [ 7.916220096744818, 46.158180135547511 ], [ 7.915804050345145, 46.158109716032321 ], [ 7.915183001390578, 46.158004598030288 ], [ 7.914819543575421, 46.157889185270193 ], [ 7.914502445054208, 46.157627992308612 ], [ 7.914493575050265, 46.157620686116864 ], [ 7.913383754656413, 46.156527909913315 ], [ 7.913057957712899, 46.156277397436476 ], [ 7.912603372607451, 46.15609939896698 ], [ 7.911734433822873, 46.155905124292133 ], [ 7.911700923437895, 46.155899791947576 ], [ 7.910632675517968, 46.155729806852406 ], [ 7.909556424550767, 46.155509402786059 ], [ 7.90577085776959, 46.154285202921955 ], [ 7.905766272867292, 46.154283720228058 ], [ 7.90375610327716, 46.153824214422833 ], [ 7.901811359480955, 46.153445375335522 ], [ 7.900969150424946, 46.153340865756533 ], [ 7.900151995268613, 46.153137303713535 ], [ 7.897338844746334, 46.152608985051295 ], [ 7.896561902241385, 46.152567147781362 ], [ 7.895033005241366, 46.152375416744057 ], [ 7.894256292830404, 46.152351556263675 ], [ 7.894256230925041, 46.15235155436195 ], [ 7.893771315237386, 46.151633868954846 ], [ 7.893115145297294, 46.150557059814716 ], [ 7.892815613424728, 46.150333380028059 ], [ 7.892490770641039, 46.150181757782875 ], [ 7.891647435806221, 46.149933261069854 ], [ 7.890669653121787, 46.149082610364985 ], [ 7.890279764942535, 46.148886263398431 ], [ 7.889602829016823, 46.14841220281648 ], [ 7.88943294376783, 46.148214974956801 ], [ 7.889366772778489, 46.148035404128578 ], [ 7.889366746867487, 46.148035333812871 ], [ 7.889170756425222, 46.14781122255215 ], [ 7.889104560879633, 46.14763158125934 ], [ 7.888818867763253, 46.147515775359608 ], [ 7.888131698246131, 46.147365583282451 ], [ 7.887651162711869, 46.147160592098764 ], [ 7.887479044352778, 46.146693517070055 ], [ 7.887407285236629, 46.1458392550581 ], [ 7.887661039444887, 46.145226557304305 ], [ 7.88814609324935, 46.144415060775948 ], [ 7.887884525782678, 46.144083268762415 ], [ 7.88771272399621, 46.143652175775046 ], [ 7.887516734414039, 46.143383570529195 ], [ 7.887516386462484, 46.143383093658883 ], [ 7.887190504415914, 46.143096525038644 ], [ 7.887032390855032, 46.142755324776324 ], [ 7.886831443739067, 46.141928553281993 ], [ 7.886530091655387, 46.141435569493382 ], [ 7.886529745848025, 46.14143500378492 ], [ 7.885788834008938, 46.141033131200111 ], [ 7.885204838224812, 46.140828539252986 ], [ 7.885075432097382, 46.140829050523905 ], [ 7.884815861060343, 46.140695311835387 ], [ 7.884815530323658, 46.140695141430051 ], [ 7.884775973825547, 46.140605358591436 ], [ 7.884748977481943, 46.140470529672498 ], [ 7.883707908975949, 46.139754987574854 ], [ 7.883058195408683, 46.139424712644391 ], [ 7.88253834368437, 46.139085264255556 ], [ 7.882537818558089, 46.139084921363029 ], [ 7.882468339931837, 46.138500500955992 ], [ 7.88248429902803, 46.137286073281466 ], [ 7.882389687771826, 46.136791699578858 ], [ 7.882154191241647, 46.136477774755825 ], [ 7.881346713054475, 46.135833278012434 ], [ 7.88072272073562, 46.135475893116919 ], [ 7.88026709254821, 46.135135847332521 ], [ 7.880460308282915, 46.135027143744423 ], [ 7.880973261958551, 46.134458390364742 ], [ 7.881034871296706, 46.134080330086647 ], [ 7.880740515459222, 46.132885037065755 ], [ 7.880368978495642, 46.131744037314675 ], [ 7.880104504185963, 46.131025754065796 ], [ 7.880104379770041, 46.131025416165784 ], [ 7.879713662651625, 46.130712083870407 ], [ 7.879193726727085, 46.130417254508927 ], [ 7.878932775494065, 46.130148400973447 ], [ 7.87880033715082, 46.12977109804303 ], [ 7.878791975076465, 46.1287366175006 ], [ 7.878917351636622, 46.128241357215721 ], [ 7.879364349297449, 46.127519959546348 ], [ 7.879529414163231, 46.127132501015545 ], [ 7.879590457093967, 46.12668246046146 ], [ 7.879544213410079, 46.12576508090806 ], [ 7.880151859947497, 46.124116479477912 ], [ 7.880234986245599, 46.123198594710729 ], [ 7.880204870105484, 46.122676953714567 ], [ 7.879701993932759, 46.121284569099352 ], [ 7.87954405008043, 46.120952345346019 ], [ 7.879308664220849, 46.120638414853751 ] ] ] } },
{ "type": "Feature", "properties": { "geo_point_2d": { "lon": 7.726037898419671, "lat": 46.272638011456884 }, "year": "2023", "kan_code": [ "23" ], "kan_name": [ "Valais" ], "bez_code": [ "2306", "2309" ], "bez_name": [ "Leuk", "Raron" ], "gem_code": [ "6104", "6112", "6119", "6194", "6201" ], "gem_name": [ "Eischoll", "Ergisch", "Oberems", "Turtmann-Unterems", "Unterbäch" ], "plz_code": [ "3947" ], "plz_area_code": "CHE", "plz_type": "PLZ4/NPA4" }, "geometry": { "type": "Polygon", "coordinates": [ [ [ 7.740473802023412, 46.237020340500031 ], [ 7.741165664508278, 46.237090047250078 ], [ 7.741626149638243, 46.237154962207256 ], [ 7.741860174520587, 46.237211278869857 ], [ 7.742089585374702, 46.237330649050229 ], [ 7.742601677066774, 46.237452697269447 ], [ 7.74274246144278, 46.237514857465634 ], [ 7.742855633824357, 46.237544617247046 ], [ 7.743100606997642, 46.23756443351563 ], [ 7.74348834495047, 46.237698982887181 ], [ 7.74379583576351, 46.237761322909115 ], [ 7.744278508092973, 46.237802544706405 ], [ 7.744384700779487, 46.237856592101977 ], [ 7.744491852150134, 46.237972931826036 ], [ 7.744583949033865, 46.238040060799712 ], [ 7.74467949633838, 46.238142173538293 ], [ 7.744679700870443, 46.238142478822439 ], [ 7.744790869945809, 46.238308409559949 ], [ 7.744790998241696, 46.238308513288992 ], [ 7.744983587608672, 46.238464224524456 ], [ 7.745031452178047, 46.238531346759345 ], [ 7.745048049981015, 46.238645124103115 ], [ 7.745168368076671, 46.238898521618175 ], [ 7.745276629536533, 46.239050246579517 ], [ 7.745335951837362, 46.239271262611339 ], [ 7.745446781853196, 46.239425364316858 ], [ 7.745486116683831, 46.239570762800099 ], [ 7.745723882004018, 46.240148603412486 ], [ 7.745724196701778, 46.240148851613178 ], [ 7.745881140281028, 46.240272632300453 ], [ 7.74626327712367, 46.240512832589452 ], [ 7.746334107867392, 46.240591874180069 ], [ 7.746334184466606, 46.24059202198103 ], [ 7.746378987261237, 46.240678470598404 ], [ 7.746496096013217, 46.240781665733252 ], [ 7.746496467563853, 46.240782149096042 ], [ 7.746774718974838, 46.241144135769694 ], [ 7.746892806040542, 46.241344454114618 ], [ 7.74688540827632, 46.241496824943674 ], [ 7.746981736051445, 46.241645729143841 ], [ 7.74699900187099, 46.241725410812677 ], [ 7.747119838113069, 46.241891070119436 ], [ 7.747248405514825, 46.242009175112869 ], [ 7.747377827456695, 46.242207168205113 ], [ 7.747439316340631, 46.24247213014992 ], [ 7.747555563510067, 46.242577827354978 ], [ 7.747681400095077, 46.242719220111894 ], [ 7.747789296033451, 46.242808432792081 ], [ 7.747942845404258, 46.242900390403669 ], [ 7.74794312288639, 46.242900835972399 ], [ 7.748073584392623, 46.243110325378893 ], [ 7.748073894440456, 46.243110670858719 ], [ 7.748524321827502, 46.243612572693863 ], [ 7.748554854206438, 46.243879426835719 ], [ 7.748541649263144, 46.244129425739935 ], [ 7.748633858063494, 46.244286552886003 ], [ 7.748913516029934, 46.244563169235612 ], [ 7.749147914673604, 46.244646321993876 ], [ 7.74951234335029, 46.244929163491555 ], [ 7.749531624925614, 46.244990874905028 ], [ 7.749615009796723, 46.24506863864098 ], [ 7.749770984295975, 46.245172668340103 ], [ 7.749986250316894, 46.245362758506751 ], [ 7.750052566994272, 46.245384885581529 ], [ 7.750352010183699, 46.245373204620563 ], [ 7.750431558879959, 46.245382899039008 ], [ 7.750839836653697, 46.2456725153394 ], [ 7.750920872582229, 46.245710892528145 ], [ 7.75095954462944, 46.245909293543733 ], [ 7.751036499964096, 46.246013899066419 ], [ 7.751091035514992, 46.246124962274124 ], [ 7.751027146656619, 46.246176080902195 ], [ 7.750965751913983, 46.246277856267774 ], [ 7.750966772845032, 46.246367855192808 ], [ 7.75101368717293, 46.246522397553058 ], [ 7.751009698718677, 46.246586691647295 ], [ 7.750631981355079, 46.247196154600658 ], [ 7.750598967989901, 46.247322895597996 ], [ 7.750546898201739, 46.247418617964826 ], [ 7.75053816695784, 46.247494862357144 ], [ 7.750499009965149, 46.247608486544749 ], [ 7.750588978817368, 46.247743749822867 ], [ 7.750615971668178, 46.247806690238981 ], [ 7.750563879190556, 46.247996030680696 ], [ 7.750469352841972, 46.248109249495784 ], [ 7.75039560937475, 46.248285650672763 ], [ 7.750291293571633, 46.248467155456822 ], [ 7.750102170154761, 46.248722639781079 ], [ 7.749863732981654, 46.249103164172936 ], [ 7.74975981429064, 46.249202554837623 ], [ 7.749634146265199, 46.249392267701488 ], [ 7.749517560066415, 46.249464705868924 ], [ 7.749406882753658, 46.249502359425442 ], [ 7.749272359302506, 46.249697124746156 ], [ 7.749218840013038, 46.249857916196682 ], [ 7.749219741233548, 46.249943327674877 ], [ 7.749149064583833, 46.250026362498737 ], [ 7.748971542513355, 46.250321771928455 ], [ 7.748965077177302, 46.250473123895027 ], [ 7.748949875328305, 46.250511082290551 ], [ 7.748791797355975, 46.250568619502992 ], [ 7.748703403886033, 46.250619300096425 ], [ 7.748675557629802, 46.250691251721307 ], [ 7.748692363328332, 46.25078942054779 ], [ 7.748653196676178, 46.250856806341844 ], [ 7.748573514347051, 46.250941340724431 ], [ 7.748537873278406, 46.250992533615985 ], [ 7.748416303207938, 46.251099293773933 ], [ 7.7482854117969, 46.251247621298184 ], [ 7.748231295547107, 46.251331428909573 ], [ 7.74796946652237, 46.251643304184057 ], [ 7.747932396300389, 46.251705628435026 ], [ 7.747930238548431, 46.251821354704632 ], [ 7.747834490539194, 46.251993424347155 ], [ 7.747783953758901, 46.252036381607525 ], [ 7.747654437380938, 46.252121402069697 ], [ 7.747587115475527, 46.252250475631186 ], [ 7.747532994630519, 46.252537648176656 ], [ 7.747391697584482, 46.252626442638608 ], [ 7.7472714434983, 46.252792650396493 ], [ 7.747166402133287, 46.25306475870304 ], [ 7.747047161211486, 46.253236144972419 ], [ 7.746976051681938, 46.253399942788185 ], [ 7.74695239164162, 46.253575377857821 ], [ 7.746913515982571, 46.253754650478811 ], [ 7.746709436400976, 46.253974115080702 ], [ 7.746688435648301, 46.254143012007248 ], [ 7.746652860898137, 46.254261752655644 ], [ 7.746663227900343, 46.254356907741538 ], [ 7.746516709384008, 46.254534916416624 ], [ 7.746429895422954, 46.254694672501451 ], [ 7.746411278874387, 46.254888714816552 ], [ 7.746441413554258, 46.25498468883368 ], [ 7.746440238038764, 46.25510730310102 ], [ 7.746386542106237, 46.255193240656546 ], [ 7.746387170139055, 46.255283870396241 ], [ 7.746421350120303, 46.255508381662409 ], [ 7.746095421385832, 46.255899732462161 ], [ 7.745087699520011, 46.256577136820859 ], [ 7.74437787344722, 46.257190759403969 ], [ 7.743642798434599, 46.25793038490108 ], [ 7.743255247813431, 46.258201297178033 ], [ 7.742867342124945, 46.258409239336771 ], [ 7.742472722705842, 46.258700780668967 ], [ 7.741278679579362, 46.259582929156693 ], [ 7.740347649197753, 46.260080172735776 ], [ 7.739573473204017, 46.260801884279111 ], [ 7.739445367897071, 46.261090085843207 ], [ 7.739466644633179, 46.261534043017477 ], [ 7.73947468029942, 46.261701714020191 ], [ 7.739282716194127, 46.262169998335573 ], [ 7.739871316337828, 46.263068003713521 ], [ 7.73991161703886, 46.263319775578758 ], [ 7.739744498431397, 46.263590089796345 ], [ 7.739464964543582, 46.26464332593158 ], [ 7.739143088664834, 46.265075971907308 ], [ 7.738820167972717, 46.265319710515627 ], [ 7.738712867376578, 46.265517817819287 ], [ 7.738500183699511, 46.265910492150219 ], [ 7.738332237281225, 46.266220568825311 ], [ 7.738196997073633, 46.266345360993938 ], [ 7.738009602411029, 46.266518278403282 ], [ 7.737727799997542, 46.267166710749784 ], [ 7.737525431351758, 46.267401700828586 ], [ 7.737287585418676, 46.267677887064544 ], [ 7.737083345678774, 46.267915049854203 ], [ 7.737046155372918, 46.268229996408422 ], [ 7.737178820275486, 46.268769387832535 ], [ 7.737089370722351, 46.268908648828706 ], [ 7.736831549410338, 46.269310042144667 ], [ 7.736775640900134, 46.269455689145609 ], [ 7.736703655330851, 46.269643218418679 ], [ 7.736556841988854, 46.269888469655918 ], [ 7.736463643089385, 46.270044158131455 ], [ 7.735932384026778, 46.270931624765126 ], [ 7.735933953191449, 46.271219482314962 ], [ 7.735831649666478, 46.271489620768122 ], [ 7.735599871870163, 46.271915394738926 ], [ 7.7354593565269, 46.272173520308378 ], [ 7.735292215210091, 46.272480557579748 ], [ 7.735165331365453, 46.273002638679053 ], [ 7.735233372267935, 46.273587179781323 ], [ 7.735429523784042, 46.273874528317322 ], [ 7.736495225670401, 46.274231561568506 ], [ 7.737046920832468, 46.274459592145853 ], [ 7.737342526897368, 46.27458177415194 ], [ 7.738099111178754, 46.274894490960712 ], [ 7.738601162660899, 46.275102002458375 ], [ 7.738614589490173, 46.275107552131168 ], [ 7.73868923454965, 46.275114379644613 ], [ 7.740717261451684, 46.275299875925825 ], [ 7.741471178761874, 46.275567735687503 ], [ 7.744810996053719, 46.276593271616669 ], [ 7.749943563602045, 46.278018608028027 ], [ 7.749401911803098, 46.27858682176258 ], [ 7.752194579657326, 46.279163854253241 ], [ 7.749766415704478, 46.281077627236932 ], [ 7.748927347869315, 46.281826567889169 ], [ 7.747183709597478, 46.283225656043989 ], [ 7.744729894158256, 46.285256333773923 ], [ 7.743791701879569, 46.286212447464628 ], [ 7.743791346150838, 46.286212809988513 ], [ 7.743236403744048, 46.286555669787674 ], [ 7.742261341408542, 46.28715969039412 ], [ 7.741711645163245, 46.287490384451331 ], [ 7.740775001588732, 46.288240397404316 ], [ 7.740207100493577, 46.288950138722605 ], [ 7.740310917216823, 46.29004891932685 ], [ 7.740038413240134, 46.290539728511298 ], [ 7.738593736883209, 46.292299973733634 ], [ 7.73844834924277, 46.293195455540442 ], [ 7.73765346607946, 46.294223924845028 ], [ 7.736961313779909, 46.294864134609696 ], [ 7.735681296785679, 46.296226839722713 ], [ 7.735317089637459, 46.296764331161427 ], [ 7.733806331898379, 46.298898233136448 ], [ 7.733255119809299, 46.299260869326346 ], [ 7.73208109670849, 46.300035537130157 ], [ 7.731911809887865, 46.300147239403692 ], [ 7.731672290869468, 46.300305237653127 ], [ 7.731532225605553, 46.300397275082453 ], [ 7.731407405033377, 46.30047929516558 ], [ 7.730398329968702, 46.300649062427546 ], [ 7.73016458348332, 46.300688388045835 ], [ 7.73014416284996, 46.300698503546862 ], [ 7.730067614732234, 46.300736422182887 ], [ 7.729515830634977, 46.301002445894021 ], [ 7.729383626964372, 46.301087802879351 ], [ 7.728838255179479, 46.301128501011277 ], [ 7.728030257573882, 46.301190070855014 ], [ 7.727540657003253, 46.301199306522108 ], [ 7.72692560337443, 46.301169862565942 ], [ 7.726411998937285, 46.301153462662462 ], [ 7.725652884762249, 46.301176947767054 ], [ 7.725142878940101, 46.301173477783081 ], [ 7.724170413855685, 46.301060730060165 ], [ 7.723994375674338, 46.300963434791406 ], [ 7.723382691751768, 46.300728402855718 ], [ 7.723153486077428, 46.300582294188565 ], [ 7.722862666597564, 46.300492652336864 ], [ 7.722268600315672, 46.300501155252213 ], [ 7.721329374526112, 46.300362446495015 ], [ 7.721054605054666, 46.30030362419437 ], [ 7.720706921330202, 46.300214783987983 ], [ 7.720546597789657, 46.300195544789474 ], [ 7.720564940078944, 46.300140940441516 ], [ 7.720653651501219, 46.299912401213064 ], [ 7.720653700617517, 46.29991227467918 ], [ 7.7199078283045, 46.299785091728701 ], [ 7.719428089552895, 46.299678304597485 ], [ 7.718748287457982, 46.299622340215869 ], [ 7.718344178301908, 46.299586193759623 ], [ 7.718022484183716, 46.299527200887567 ], [ 7.717912891875585, 46.299435948615965 ], [ 7.717506788506197, 46.299397762061908 ], [ 7.717109896729504, 46.299335955791477 ], [ 7.716624252180853, 46.29919410614059 ], [ 7.715889653441987, 46.299016214482307 ], [ 7.715552354100145, 46.298983151270797 ], [ 7.715480396217527, 46.299102357593917 ], [ 7.715187234422169, 46.299127684493143 ], [ 7.714873144078113, 46.299038960433293 ], [ 7.7146075417221, 46.298796201617535 ], [ 7.714515013335804, 46.298908170842473 ], [ 7.714290413732743, 46.298889043032339 ], [ 7.713994847587661, 46.298777386552281 ], [ 7.713932152098885, 46.298716431030179 ], [ 7.713791541210806, 46.29864663274163 ], [ 7.713498127916083, 46.298544496169477 ], [ 7.713154408766812, 46.298408341946143 ], [ 7.712653619458852, 46.298330120335869 ], [ 7.712128192191343, 46.29822991648485 ], [ 7.711754002799612, 46.298212448389556 ], [ 7.711422639869785, 46.298155583032027 ], [ 7.71095909050645, 46.298043620602684 ], [ 7.710283086726839, 46.297806333499267 ], [ 7.70995964246465, 46.297767301323056 ], [ 7.709797017885764, 46.297745047862328 ], [ 7.709661287791177, 46.297713032614411 ], [ 7.709592977099089, 46.297711801385368 ], [ 7.709395587826864, 46.297726890412136 ], [ 7.709228458211014, 46.297738245717603 ], [ 7.70906716792783, 46.297783455568791 ], [ 7.70894198675995, 46.297790158683334 ], [ 7.70881144347714, 46.297746678573112 ], [ 7.708759042914939, 46.297687566795297 ], [ 7.708743517608573, 46.297600435681559 ], [ 7.708737618775983, 46.297551918068997 ], [ 7.708669410125161, 46.297271287843863 ], [ 7.708669390852173, 46.297271208549191 ], [ 7.708319757959909, 46.297008493650765 ], [ 7.708165611248011, 46.296931146205388 ], [ 7.708165615292182, 46.296931116101554 ], [ 7.708180105655754, 46.296823253322636 ], [ 7.708180252481871, 46.296822127434332 ], [ 7.708135888658177, 46.29680715747724 ], [ 7.707808121139391, 46.296884596391642 ], [ 7.707611857428043, 46.296930031037313 ], [ 7.70745307691716, 46.296873365658037 ], [ 7.707352030224843, 46.296847121679356 ], [ 7.706819067700572, 46.296830085041876 ], [ 7.706439191113609, 46.296751577201988 ], [ 7.706280914586405, 46.296680893737282 ], [ 7.706232547293596, 46.296633645574055 ], [ 7.706263465142244, 46.296597491040409 ], [ 7.706143335020368, 46.296540741682563 ], [ 7.706007795042471, 46.296551738912953 ], [ 7.705748589197084, 46.296578913435745 ], [ 7.70404337738884, 46.296651847413024 ], [ 7.703373607952912, 46.29662263425849 ], [ 7.703373479817745, 46.296622628669652 ], [ 7.703652828426814, 46.294878948122701 ], [ 7.703652857145285, 46.294878768863391 ], [ 7.702478882859745, 46.295193311792268 ], [ 7.702031172521258, 46.294998335998727 ], [ 7.701489758593714, 46.294631893144782 ], [ 7.700725539045131, 46.294448367576308 ], [ 7.700048420543204, 46.294179105479209 ], [ 7.699970972418402, 46.294076409364855 ], [ 7.699198461879772, 46.294441907186155 ], [ 7.698646648058108, 46.294213504177563 ], [ 7.699448525341928, 46.293180131284572 ], [ 7.699463576115757, 46.292951615742801 ], [ 7.699480424039209, 46.292800422826566 ], [ 7.699486906277831, 46.292742125000586 ], [ 7.699442578019195, 46.292574160813771 ], [ 7.699460329597372, 46.292497971699156 ], [ 7.699497276460176, 46.292400571661986 ], [ 7.699530728348235, 46.292329455990341 ], [ 7.699471750594595, 46.292172608151496 ], [ 7.699475295924151, 46.292135169032711 ], [ 7.699319537967911, 46.29185635534018 ], [ 7.69914848295995, 46.291660396236665 ], [ 7.699148384061423, 46.29166028293939 ], [ 7.699109264592915, 46.291601675994116 ], [ 7.699008086169215, 46.291379112460483 ], [ 7.698988374735858, 46.291316855958442 ], [ 7.698988362633183, 46.29131681773341 ], [ 7.69891290551561, 46.291235768918853 ], [ 7.698797557311314, 46.291116426988253 ], [ 7.698699258820727, 46.290925881158088 ], [ 7.698593181869205, 46.290750375823905 ], [ 7.698583386848886, 46.290633778436501 ], [ 7.698642625628763, 46.290446110087103 ], [ 7.698804803988516, 46.290489187519711 ], [ 7.698899767060561, 46.290149428365716 ], [ 7.698793479152717, 46.290141719875585 ], [ 7.698726401085849, 46.28963224211973 ], [ 7.698656717239076, 46.289625111623558 ], [ 7.698656580364498, 46.28962509761768 ], [ 7.69865176376673, 46.289578322191716 ], [ 7.698702425796071, 46.289475430629238 ], [ 7.698587694551924, 46.289266841081215 ], [ 7.698567745210671, 46.289205914145477 ], [ 7.698526629242334, 46.289152637014602 ], [ 7.698462360595157, 46.289049648849286 ], [ 7.698462780016748, 46.289048769802989 ], [ 7.698571194320535, 46.288821549282005 ], [ 7.698572518153813, 46.288818774721115 ], [ 7.698581148078977, 46.288731811843029 ], [ 7.698589982790284, 46.288649706155063 ], [ 7.698783765303516, 46.288790683012351 ], [ 7.698818112990327, 46.288681846673363 ], [ 7.6990319644958, 46.288503592868331 ], [ 7.699260922079535, 46.288402090975566 ], [ 7.699439163561462, 46.288242548189238 ], [ 7.699492715871745, 46.288134099301978 ], [ 7.699756097713579, 46.287778119830207 ], [ 7.699852196781019, 46.287585679288512 ], [ 7.699925548282198, 46.287493394813147 ], [ 7.700010319427036, 46.287439270594106 ], [ 7.700166632472435, 46.287272850489593 ], [ 7.700458014972576, 46.286964436895218 ], [ 7.700560296196342, 46.286811841282031 ], [ 7.700782994140209, 46.286657294294599 ], [ 7.700845632338335, 46.28653685054126 ], [ 7.700881611536201, 46.286280022091013 ], [ 7.700956365530001, 46.286221080636494 ], [ 7.701051300494862, 46.286057832695597 ], [ 7.701491112916986, 46.285367674840494 ], [ 7.701923995901822, 46.285128601042935 ], [ 7.702135714450798, 46.284954304370423 ], [ 7.702299134792001, 46.284980650925625 ], [ 7.702117263271315, 46.284872378374644 ], [ 7.702117022982657, 46.284872235324947 ], [ 7.7025370847539, 46.284559082633422 ], [ 7.702587605939081, 46.284434932883045 ], [ 7.702571709413216, 46.284404440091286 ], [ 7.702571614939048, 46.284404258870488 ], [ 7.70244184281662, 46.2843596002811 ], [ 7.70235818480614, 46.284213075406981 ], [ 7.702405651003627, 46.284093061849795 ], [ 7.702801069798396, 46.283901316985016 ], [ 7.702888265449118, 46.283832495026346 ], [ 7.70289189699736, 46.28362597305204 ], [ 7.702975503414407, 46.283566289985046 ], [ 7.703001118360262, 46.283518625246472 ], [ 7.703005836217341, 46.283282010234046 ], [ 7.703022176760737, 46.283154602522153 ], [ 7.703115873181437, 46.28304067895931 ], [ 7.703338916445102, 46.282769461296454 ], [ 7.703405286650022, 46.282690234547964 ], [ 7.703416239168522, 46.282546287323868 ], [ 7.703449601540048, 46.282445673903531 ], [ 7.703520950703747, 46.282387260435073 ], [ 7.703589672578635, 46.282319542541046 ], [ 7.703638730915506, 46.282202331392554 ], [ 7.703715748059071, 46.281986111577609 ], [ 7.703735998746654, 46.281865459369087 ], [ 7.703777893799033, 46.281766795967719 ], [ 7.703759588118643, 46.281481424235942 ], [ 7.703797873067165, 46.281390172695588 ], [ 7.703785269862386, 46.281322392813173 ], [ 7.703784736403448, 46.281258021071494 ], [ 7.703751027693897, 46.281036158754858 ], [ 7.703688046152654, 46.280824305022016 ], [ 7.703725719266226, 46.280404317313696 ], [ 7.703673916070564, 46.280183189918532 ], [ 7.703682413694447, 46.280105672407373 ], [ 7.703774815927813, 46.279964413486553 ], [ 7.703862348670493, 46.279899763967791 ], [ 7.703904935534378, 46.27977564116879 ], [ 7.703897961486459, 46.279686150596241 ], [ 7.703996243067874, 46.279556266261565 ], [ 7.70404014385514, 46.279446326503944 ], [ 7.704029237216255, 46.279239226806496 ], [ 7.704072117304311, 46.279138222120231 ], [ 7.704076848477517, 46.279078686731332 ], [ 7.704017763643789, 46.278926240453011 ], [ 7.704015546245813, 46.278817128213056 ], [ 7.704111656367088, 46.278649305137328 ], [ 7.704117039792424, 46.278478554805645 ], [ 7.704144774173901, 46.278413901030902 ], [ 7.704161146382299, 46.27828851711282 ], [ 7.704141645210545, 46.278202843048412 ], [ 7.704076490656329, 46.278122619217193 ], [ 7.704168079916595, 46.277967166714099 ], [ 7.70416772293716, 46.277883166024061 ], [ 7.704152983334095, 46.277849414178185 ], [ 7.704152923864945, 46.277849278001277 ], [ 7.704065124134337, 46.277787249564312 ], [ 7.704065050594559, 46.277787197610195 ], [ 7.704028079379498, 46.277723864649715 ], [ 7.704157830192246, 46.277623196448879 ], [ 7.704243931058276, 46.2774864857032 ], [ 7.704335443454521, 46.277288933529142 ], [ 7.704322141934515, 46.277250859037807 ], [ 7.704358904426857, 46.277167464090184 ], [ 7.704467707809966, 46.276905714226572 ], [ 7.704511357080581, 46.276792716350123 ], [ 7.704501198540028, 46.276710096975947 ], [ 7.704463380068728, 46.27661128724128 ], [ 7.704515173949697, 46.276527092393373 ], [ 7.704496664696479, 46.276458597791176 ], [ 7.704546853979978, 46.276375279268102 ], [ 7.704508395029185, 46.276216892759635 ], [ 7.704521919489869, 46.27593638722049 ], [ 7.704521920887656, 46.275936358229551 ], [ 7.704393624389869, 46.275796659274675 ], [ 7.704463903942018, 46.275677814826196 ], [ 7.704782103535973, 46.275336527268621 ], [ 7.704782320502749, 46.275336294559146 ], [ 7.704934452519372, 46.27515795835474 ], [ 7.705879622965178, 46.27451301367001 ], [ 7.706336001138216, 46.27386754224645 ], [ 7.706581196304243, 46.273342084339632 ], [ 7.706665331300493, 46.273259368362964 ], [ 7.706749301392438, 46.273114114847445 ], [ 7.706556498809662, 46.272758728797214 ], [ 7.706525740191196, 46.272544479710191 ], [ 7.706692847741935, 46.272364756409594 ], [ 7.707167600385285, 46.272047660927313 ], [ 7.707185418228949, 46.2717987536737 ], [ 7.707311311476498, 46.271635301212633 ], [ 7.707500793854225, 46.271514202441281 ], [ 7.707664366586113, 46.271292377363636 ], [ 7.707681554729146, 46.271121463941626 ], [ 7.707778313836015, 46.270953510249598 ], [ 7.707873350390276, 46.270510230240696 ], [ 7.707827016611351, 46.27034750966348 ], [ 7.708062475322539, 46.270060384788515 ], [ 7.708401581262962, 46.269792983367942 ], [ 7.708551470192973, 46.26965446240871 ], [ 7.708724479736067, 46.269388786451927 ], [ 7.708785222968124, 46.269165657266278 ], [ 7.709036330751952, 46.268795346148288 ], [ 7.709486571962411, 46.268404525830377 ], [ 7.709531478118745, 46.267970800556768 ], [ 7.709732521120719, 46.26758506292115 ], [ 7.709788573908074, 46.267392898486975 ], [ 7.710054753271405, 46.267145411854997 ], [ 7.710076975637045, 46.266921825401624 ], [ 7.710314927978323, 46.266570379826042 ], [ 7.710424109299379, 46.266178393050382 ], [ 7.710953030445469, 46.265479474678138 ], [ 7.712651362007946, 46.264566174694941 ], [ 7.716941955621605, 46.260709468717593 ], [ 7.717429458913346, 46.259411582090706 ], [ 7.720170317856152, 46.25858034899786 ], [ 7.721452112261814, 46.256958677106233 ], [ 7.72086434169302, 46.254770452492721 ], [ 7.719954682771118, 46.254030111791266 ], [ 7.716345167522968, 46.25132759039569 ], [ 7.715049767261312, 46.250264463794807 ], [ 7.713452409187338, 46.249183019932474 ], [ 7.712650994184156, 46.248093920782388 ], [ 7.71233821477369, 46.245924023574851 ], [ 7.712605941756841, 46.244311085034809 ], [ 7.712755363714254, 46.243723955058613 ], [ 7.713585974418612, 46.243939485848088 ], [ 7.71603498723837, 46.244885567014201 ], [ 7.721056334717868, 46.245706204123898 ], [ 7.725133186567643, 46.246291002017763 ], [ 7.733405850806449, 46.245615259242712 ], [ 7.736342900989919, 46.241620901272867 ], [ 7.736632336614869, 46.239656557379632 ], [ 7.739836745112433, 46.237595239360076 ], [ 7.740473802023412, 46.237020340500031 ] ] ] } },
{ "type": "Feature", "properties": { "geo_point_2d": { "lon": 7.910162970336041, "lat": 46.2176171540674 }, "year": "2023", "kan_code": [ "23" ], "kan_name": [ "Valais" ], "bez_code": [ "2313" ], "bez_name": [ "Visp" ], "gem_code": [ "6282", "6293", "6294", "6298" ], "gem_name": [ "Eisten", "Staldenried", "Stalden (VS)", "Visperterminen" ], "plz_code": [ "3933" ], "plz_area_code": "CHE", "plz_type": "PLZ4/NPA4" }, "geometry": { "type": "Polygon", "coordinates": [ [ [ 7.942232606443055, 46.199285072717061 ], [ 7.941357572206282, 46.199918624301333 ], [ 7.940816843548589, 46.200280830159599 ], [ 7.940301163972414, 46.200552973591499 ], [ 7.938235281246198, 46.201308793000599 ], [ 7.937525406085867, 46.201599826722884 ], [ 7.9371396339184, 46.201916406411407 ], [ 7.936884066321964, 46.202304377487565 ], [ 7.936821855598816, 46.202592561100289 ], [ 7.936980390619609, 46.202933738024903 ], [ 7.937023056200551, 46.203356423219951 ], [ 7.937155449874568, 46.203670718791159 ], [ 7.937316855753473, 46.204326689636645 ], [ 7.936866655690254, 46.204688450238706 ], [ 7.936972343630019, 46.204912869980717 ], [ 7.937134503426685, 46.205649736786306 ], [ 7.93750461151371, 46.206457670743625 ], [ 7.937572506642227, 46.2067991836727 ], [ 7.937444576708678, 46.206979645278771 ], [ 7.937476773131051, 46.207672123816124 ], [ 7.937851225336931, 46.208956759662144 ], [ 7.937880584667171, 46.209334425606883 ], [ 7.937562359380259, 46.209965461652594 ], [ 7.93769463308505, 46.210261720784331 ], [ 7.938061676158617, 46.210727854356072 ], [ 7.938585159295725, 46.21129226708522 ], [ 7.938585159875061, 46.211292330270119 ], [ 7.938588046023689, 46.211607106457976 ], [ 7.938363495183003, 46.21255264593389 ], [ 7.937886122359229, 46.212779629847205 ], [ 7.935593183989576, 46.214273982344586 ], [ 7.934924852130019, 46.214879614722562 ], [ 7.935277017056826, 46.215129960140523 ], [ 7.935277075860049, 46.215130233491173 ], [ 7.935412349358573, 46.215759061250139 ], [ 7.935846961554668, 46.216521793108271 ], [ 7.936135907777602, 46.216943333457181 ], [ 7.936268368001906, 46.217257603123684 ], [ 7.936268622255009, 46.217257689971468 ], [ 7.936528377157575, 46.217346417060291 ], [ 7.938876673833434, 46.219045284254022 ], [ 7.939462563009442, 46.219339562242702 ], [ 7.939959576082957, 46.219832129183366 ], [ 7.940938750507937, 46.220610428624163 ], [ 7.940938669930235, 46.22061055954665 ], [ 7.940811060966517, 46.220817898335255 ], [ 7.940515640481864, 46.221107064994222 ], [ 7.94029822357729, 46.2214228814168 ], [ 7.940005139380011, 46.221963918220858 ], [ 7.93978672377828, 46.222171788700294 ], [ 7.939556338244178, 46.222487643114555 ], [ 7.939533724326273, 46.222847574441055 ], [ 7.939599764586692, 46.222982218807438 ], [ 7.939603071115056, 46.223342035403043 ], [ 7.93935131632939, 46.224152760937635 ], [ 7.937826933745484, 46.224699206483614 ], [ 7.935731583300536, 46.225176183583741 ], [ 7.935112176598135, 46.225475736403681 ], [ 7.934829497627997, 46.225746849543562 ], [ 7.934142168395478, 46.225704873222028 ], [ 7.933729221588179, 46.225904578668036 ], [ 7.933111427549612, 46.226384037927907 ], [ 7.930786583312884, 46.22729370460695 ], [ 7.929626157608373, 46.227973410110522 ], [ 7.929147965577821, 46.228128402839815 ], [ 7.928502702045042, 46.228446031755226 ], [ 7.92766287321373, 46.22874650627157 ], [ 7.927172513446653, 46.22899150090462 ], [ 7.927343055531162, 46.229215658980578 ], [ 7.927111762015883, 46.229441551829872 ], [ 7.926699646903777, 46.22974017230117 ], [ 7.926250009897552, 46.23019189006552 ], [ 7.925218684131161, 46.230826014728201 ], [ 7.924895196326817, 46.230890375381556 ], [ 7.924728535183884, 46.231097976061918 ], [ 7.924639404893223, 46.231278274279617 ], [ 7.924252946283771, 46.231549797236141 ], [ 7.924086200719381, 46.231748419536132 ], [ 7.923502741545803, 46.231732919942161 ], [ 7.923374079483629, 46.231841420304534 ], [ 7.92282966598414, 46.231843741547785 ], [ 7.921623355760911, 46.23175891083924 ], [ 7.920262151926779, 46.231746701624814 ], [ 7.919398615723542, 46.232308083527229 ], [ 7.918303782354371, 46.233104338171444 ], [ 7.918282474109746, 46.233117790903876 ], [ 7.916266894372082, 46.234390305621908 ], [ 7.916241799727923, 46.23432907402848 ], [ 7.916206212162693, 46.234242239430969 ], [ 7.91624171142389, 46.233855271619717 ], [ 7.916236584521907, 46.233851216534966 ], [ 7.916072014351502, 46.233721050990333 ], [ 7.916072013345757, 46.233720936162435 ], [ 7.916071462832114, 46.233658082940977 ], [ 7.916432603903389, 46.233449656440463 ], [ 7.915933565803969, 46.232714108888153 ], [ 7.916190844410695, 46.232488129525201 ], [ 7.916187298146146, 46.23208333494982 ], [ 7.916250690904496, 46.231921143661424 ], [ 7.916508201017291, 46.23172214988729 ], [ 7.916544721707307, 46.231452122669822 ], [ 7.916764052349341, 46.231334251407873 ], [ 7.916866170895084, 46.231153904640074 ], [ 7.916890358783216, 46.230955895555233 ], [ 7.917018400152273, 46.230775439111383 ], [ 7.917443379961232, 46.230458790261622 ], [ 7.91757102316857, 46.230233356028336 ], [ 7.916919379248704, 46.229831302019726 ], [ 7.916918497291785, 46.229829798437621 ], [ 7.916814107123323, 46.229651831480361 ], [ 7.916979846683269, 46.229336279300739 ], [ 7.916939383268908, 46.229156534966179 ], [ 7.916549746931406, 46.229068223206127 ], [ 7.916097431334641, 46.22922306022452 ], [ 7.915749042505974, 46.22940444467725 ], [ 7.915425787984764, 46.229495764512627 ], [ 7.914609595249154, 46.229544178608158 ], [ 7.914129228266179, 46.229456240013796 ], [ 7.913702120442596, 46.229529999617355 ], [ 7.913314444850542, 46.229666562588115 ], [ 7.913186393807151, 46.229847014824337 ], [ 7.91277396464795, 46.230118616170564 ], [ 7.910579176257702, 46.231135314225455 ], [ 7.909998838831635, 46.231479571422163 ], [ 7.909637064421039, 46.231616013823064 ], [ 7.909509773600518, 46.231886416298813 ], [ 7.909252470091851, 46.232112380438345 ], [ 7.908645956402182, 46.232429752161487 ], [ 7.908417672459917, 46.233015424369107 ], [ 7.908163070882305, 46.233556226463321 ], [ 7.90809996198968, 46.233754394986654 ], [ 7.907622664017711, 46.234026246351675 ], [ 7.907169740577157, 46.234118079560318 ], [ 7.905874233260619, 46.234213391929082 ], [ 7.905318372796239, 46.234395600138122 ], [ 7.90376858724066, 46.235076660719422 ], [ 7.902709066159741, 46.235485818365433 ], [ 7.902385217925496, 46.235514132786001 ], [ 7.901994412744932, 46.235290839114882 ], [ 7.901367222156664, 46.234708680283731 ], [ 7.901071763845828, 46.234503416915537 ], [ 7.900363133565491, 46.234011111122086 ], [ 7.89984180711456, 46.233680393317279 ], [ 7.898866947639369, 46.233369509455635 ], [ 7.89824337711839, 46.233210119340754 ], [ 7.896660658018047, 46.233063606455232 ], [ 7.895233798903321, 46.232952425891455 ], [ 7.894740470675812, 46.232864457122474 ], [ 7.894577051782686, 46.231204741076532 ], [ 7.894570476136661, 46.231137957456774 ], [ 7.894199023076727, 46.23116378559223 ], [ 7.893883861218668, 46.231185699648243 ], [ 7.893162138587302, 46.231198420222455 ], [ 7.892561877066544, 46.231209000008775 ], [ 7.892076407140243, 46.231368073362376 ], [ 7.892006002731295, 46.231391142691358 ], [ 7.890909575551615, 46.231544896449329 ], [ 7.890685355368309, 46.231576339208537 ], [ 7.890232647293487, 46.231695090858288 ], [ 7.889649347320654, 46.231697416321609 ], [ 7.889389027608727, 46.231770470073037 ], [ 7.889167303465636, 46.231832692715791 ], [ 7.888511269683996, 46.232016796057252 ], [ 7.887257405565861, 46.232444572164056 ], [ 7.886120996466907, 46.232970823282173 ], [ 7.885773737961197, 46.23330503804015 ], [ 7.885581511223166, 46.233575669529557 ], [ 7.885294283444876, 46.233710193593907 ], [ 7.885000400417799, 46.233847834665674 ], [ 7.884776415295361, 46.23393376553669 ], [ 7.884573954474889, 46.234011438707391 ], [ 7.883000460512854, 46.234229200015925 ], [ 7.882566921031017, 46.234289199054459 ], [ 7.882282616836291, 46.234398262472084 ], [ 7.8817646868518, 46.234472256879492 ], [ 7.881440249261824, 46.234428547589609 ], [ 7.880987643256572, 46.234565253120316 ], [ 7.880718055217277, 46.234576155292366 ], [ 7.880495198340879, 46.234585167650685 ], [ 7.880480888179424, 46.234623265600931 ], [ 7.880467108155884, 46.234659952164733 ], [ 7.880400434857041, 46.234837456522754 ], [ 7.880342923008403, 46.234990570347151 ], [ 7.880084391093694, 46.23508153616185 ], [ 7.879700488708064, 46.235107263357811 ], [ 7.879371787614467, 46.235129291242416 ], [ 7.878983477386623, 46.235202768184692 ], [ 7.878816192228205, 46.235356346348823 ], [ 7.878622689448311, 46.235474043181505 ], [ 7.878512070125368, 46.235470635565861 ], [ 7.877844684062442, 46.235450076814203 ], [ 7.877592148143868, 46.235488653340127 ], [ 7.877265828325183, 46.235538500843077 ], [ 7.876938349903899, 46.235588525330208 ], [ 7.87659563281068, 46.235610246366491 ], [ 7.876484855990008, 46.235617267280794 ], [ 7.876265565264504, 46.235753051265121 ], [ 7.875968133241436, 46.235844157979074 ], [ 7.875294549965854, 46.235909728041122 ], [ 7.874969749028469, 46.235821022850452 ], [ 7.874801946864786, 46.235911626829008 ], [ 7.874193033895689, 46.235958949678782 ], [ 7.873895956366687, 46.236095028258262 ], [ 7.873509927990722, 46.236456341248122 ], [ 7.873288116321355, 46.236277278195395 ], [ 7.872960664911584, 46.235855735037063 ], [ 7.872828883388395, 46.235586368304865 ], [ 7.872567973349482, 46.235380466584729 ], [ 7.872501726040432, 46.235200805687199 ], [ 7.872518417931945, 46.235097433646779 ], [ 7.872526435148218, 46.235047783431654 ], [ 7.873015805303434, 46.234641098669918 ], [ 7.873209317248969, 46.234523411445402 ], [ 7.873491272567277, 46.234117520556097 ], [ 7.873625511914483, 46.233584733100791 ], [ 7.87365462130083, 46.233469199792566 ], [ 7.87358396180783, 46.233336644081064 ], [ 7.873391617228915, 46.232975809727037 ], [ 7.873391422898783, 46.232975445167831 ], [ 7.873064133910447, 46.232571893295379 ], [ 7.873051342407887, 46.232404916220752 ], [ 7.873020731441162, 46.232005328318479 ], [ 7.872784383383137, 46.231610967373001 ], [ 7.872579616960897, 46.231269302285703 ], [ 7.872337603751729, 46.230865488694917 ], [ 7.872466508400073, 46.230775037417793 ], [ 7.872530244710839, 46.230639857093749 ], [ 7.872528598258597, 46.230432961444968 ], [ 7.87268235124578, 46.230207478619029 ], [ 7.872809677887098, 46.229919126773531 ], [ 7.873169884450182, 46.229575906707211 ], [ 7.873297924132538, 46.229377508940296 ], [ 7.873452388305244, 46.22924197969617 ], [ 7.873775711707214, 46.229150779987989 ], [ 7.874201433419664, 46.228897262129017 ], [ 7.874393556445596, 46.228608659140555 ], [ 7.874582944415634, 46.227978228319756 ], [ 7.874606493591795, 46.227681278286575 ], [ 7.87477009871785, 46.227408128770243 ], [ 7.87509254174155, 46.226869788938892 ], [ 7.875543873207626, 46.226580184256058 ], [ 7.875893243546657, 46.226506869362638 ], [ 7.876345289842035, 46.226307216073941 ], [ 7.876577141972891, 46.226126404551643 ], [ 7.876922748126231, 46.225585322628739 ], [ 7.877347341659472, 46.225196861079532 ], [ 7.877501277079314, 46.224998358118619 ], [ 7.877667013137553, 46.224655877362316 ], [ 7.87772949793472, 46.224367771365749 ], [ 7.878009554846457, 46.223736982949262 ], [ 7.878175863935311, 46.223466465119117 ], [ 7.878237909557605, 46.223124386117668 ], [ 7.878585294519089, 46.222808185586082 ], [ 7.878752178732211, 46.222609630566517 ], [ 7.878776791934428, 46.222447611571695 ], [ 7.878748185586922, 46.222114880497344 ], [ 7.878837598131761, 46.221952609510375 ], [ 7.879418467294659, 46.221662485302787 ], [ 7.879714506325345, 46.22140945137054 ], [ 7.880191687325665, 46.221119727174916 ], [ 7.880384771310228, 46.220957050455318 ], [ 7.880448112042227, 46.220776888451681 ], [ 7.880354480005423, 46.22041742436808 ], [ 7.880764298883951, 46.219813109748507 ], [ 7.880890974751644, 46.219452785300334 ], [ 7.880927663929673, 46.219182769783011 ], [ 7.881082226128395, 46.219065221072512 ], [ 7.88163421121402, 46.2184153687136 ], [ 7.881697544850335, 46.218235206030229 ], [ 7.881655379296365, 46.217830562870581 ], [ 7.881782921817904, 46.217578182878199 ], [ 7.881779486254739, 46.217155396644181 ], [ 7.881907977144594, 46.217019957389503 ], [ 7.881977631236984, 46.21697920011696 ], [ 7.882140137002204, 46.216884111780651 ], [ 7.882460444078886, 46.216433069212478 ], [ 7.882651512868321, 46.215917520647608 ], [ 7.883162824514093, 46.215751314220654 ], [ 7.883382164148555, 46.215633507865377 ], [ 7.883742649983863, 46.215344227003371 ], [ 7.884065138854758, 46.215163043401958 ], [ 7.885190066340965, 46.21486175976235 ], [ 7.885420955981019, 46.214572984799013 ], [ 7.885419850485093, 46.214438044080111 ], [ 7.885895612073126, 46.213986377812354 ], [ 7.886061261691274, 46.213643875916944 ], [ 7.886059638106161, 46.213445976074226 ], [ 7.886380778607444, 46.213102858830062 ], [ 7.886639047801565, 46.212993887797822 ], [ 7.887631241683068, 46.212315274971878 ], [ 7.888018461567652, 46.212133823130074 ], [ 7.889049271904517, 46.211428057159893 ], [ 7.889795963741352, 46.210840341471055 ], [ 7.890373302948301, 46.210145357114286 ], [ 7.890500414390782, 46.209847990154202 ], [ 7.891272460124443, 46.209197202157533 ], [ 7.892394455259915, 46.208563006488703 ], [ 7.893077188390296, 46.208083492239858 ], [ 7.893367023810974, 46.20791560973386 ], [ 7.89483468184331, 46.207905581861326 ], [ 7.896119968187238, 46.20787063455878 ], [ 7.896907575665712, 46.207766299193203 ], [ 7.897523227942159, 46.207597193815388 ], [ 7.898834957299036, 46.207097765960029 ], [ 7.899572604631119, 46.207004688898635 ], [ 7.902197542279384, 46.206454111966934 ], [ 7.903126503632566, 46.206018470184461 ], [ 7.903711282960122, 46.205607504372423 ], [ 7.904092232376086, 46.205339784262115 ], [ 7.904775602856057, 46.204959140377113 ], [ 7.904838229185808, 46.204707010384737 ], [ 7.904798054815439, 46.204554248209369 ], [ 7.904965325814437, 46.204418622654373 ], [ 7.905249735798624, 46.204345484023321 ], [ 7.905610569928652, 46.204119119525757 ], [ 7.905956877995307, 46.203712889906534 ], [ 7.906188921072674, 46.203576994951014 ], [ 7.906317319246993, 46.203441537013063 ], [ 7.906665187367319, 46.203215204719882 ], [ 7.906767132270216, 46.203016885458489 ], [ 7.907023922305087, 46.202745950139033 ], [ 7.907736645202126, 46.202761006573333 ], [ 7.90802204926204, 46.20280481052729 ], [ 7.908539487306569, 46.202712713979309 ], [ 7.908837846994335, 46.202756453063579 ], [ 7.909097961930043, 46.202872316411032 ], [ 7.909421457262666, 46.20282600092164 ], [ 7.909705697554404, 46.202734860217689 ], [ 7.91030521899633, 46.20234599675571 ], [ 7.910543148868873, 46.202191669941897 ], [ 7.910572420227952, 46.202180819822026 ], [ 7.911033926581197, 46.202009751603399 ], [ 7.911097312771553, 46.201847581373549 ], [ 7.911380401777691, 46.20162153195384 ], [ 7.911639112671674, 46.201575489776374 ], [ 7.911898473383727, 46.201601401301303 ], [ 7.912351522044175, 46.201554544319038 ], [ 7.912973532760848, 46.201569956448466 ], [ 7.91416529046797, 46.201547015617905 ], [ 7.916404393788247, 46.201285817091623 ], [ 7.917238676878791, 46.200382822978582 ], [ 7.918161887274649, 46.199281566070475 ], [ 7.919741572443105, 46.197700817249405 ], [ 7.920088990243213, 46.197429502392687 ], [ 7.92064405265977, 46.1972022895918 ], [ 7.92122601141083, 46.197082818409086 ], [ 7.922650116603406, 46.196968694550257 ], [ 7.923259548964326, 46.197029028429007 ], [ 7.923818181344239, 46.19720653977852 ], [ 7.924428072618752, 46.197320857940113 ], [ 7.926280948194742, 46.197357800890366 ], [ 7.926303397681297, 46.196970868451629 ], [ 7.927663397396271, 46.196946978237513 ], [ 7.927923282556025, 46.197035811942584 ], [ 7.92876666225225, 46.197185088483444 ], [ 7.930554133937202, 46.197159310328523 ], [ 7.932391683979144, 46.196944401213131 ], [ 7.933854864972955, 46.196875079072093 ], [ 7.934917617922319, 46.19693340936275 ], [ 7.936215292928731, 46.197179616531209 ], [ 7.939654802492585, 46.197902149146167 ], [ 7.940538414831541, 46.198195101060129 ], [ 7.941214685649406, 46.198479980815335 ], [ 7.941644665194648, 46.198747942584752 ], [ 7.94206295304569, 46.199150891358677 ], [ 7.942232606443055, 46.199285072717061 ] ] ] } },
{ "type": "Feature", "properties": { "geo_point_2d": { "lon": 7.486340060650738, "lat": 46.01189957858411 }, "year": "2023", "kan_code": [ "23" ], "kan_name": [ "Valais" ], "bez_code": [ "2303", "2305" ], "bez_name": [ "Entremont", "Hérens" ], "gem_code": [ "6037", "6083", "6084" ], "gem_name": [ "Evolène", "Hérémence", "Val de Bagnes" ], "plz_code": [ "1986" ], "plz_area_code": "CHE", "plz_type": "PLZ4/NPA4" }, "geometry": { "type": "Polygon", "coordinates": [ [ [ 7.431595781385675, 45.990984877600191 ], [ 7.431727685618245, 45.990813092230894 ], [ 7.431767852443709, 45.990593345771273 ], [ 7.431733482593641, 45.990345645348654 ], [ 7.431624545520452, 45.99010991259096 ], [ 7.431458340287064, 45.989870242419805 ], [ 7.431458285666062, 45.989870163655588 ], [ 7.431045197087623, 45.989325509647102 ], [ 7.430411760997207, 45.988490329194839 ], [ 7.430392730180157, 45.988237871091791 ], [ 7.43045631159451, 45.98808284014649 ], [ 7.430688352964468, 45.987985411292797 ], [ 7.430847298844204, 45.987825970868343 ], [ 7.431457412352116, 45.987059597559615 ], [ 7.43195074047292, 45.986648838141413 ], [ 7.432251582532221, 45.986330285276033 ], [ 7.432529036057455, 45.985932471505073 ], [ 7.432722784512253, 45.985577758057708 ], [ 7.433250409250873, 45.984317512668795 ], [ 7.434137871283953, 45.984515323314 ], [ 7.436852285972588, 45.98484803625837 ], [ 7.436852714918026, 45.984848738104866 ], [ 7.437165879367078, 45.985361142134835 ], [ 7.437411619919748, 45.985685333239594 ], [ 7.437506140995175, 45.985810029353175 ], [ 7.438025282699705, 45.986391591626585 ], [ 7.438404660618253, 45.986717158477582 ], [ 7.438776056726612, 45.986939744417633 ], [ 7.439128344974577, 45.987091193267922 ], [ 7.43970741794195, 45.987244224159831 ], [ 7.440290480829447, 45.987336047195264 ], [ 7.440919342690936, 45.987386388776358 ], [ 7.443779702321391, 45.987436467516268 ], [ 7.445925441843569, 45.987378508136082 ], [ 7.446804070225456, 45.987289112503696 ], [ 7.447787509161144, 45.987137759920458 ], [ 7.448790091255148, 45.986977482708127 ], [ 7.450086441781778, 45.9868527733462 ], [ 7.450958505069395, 45.986790062275276 ], [ 7.452344149059788, 45.986300445531093 ], [ 7.452765740772604, 45.986718656950345 ], [ 7.453513083314046, 45.987230280328802 ], [ 7.454537098090102, 45.98801453154362 ], [ 7.454891709772911, 45.989598263075656 ], [ 7.455239567668507, 45.991455401717623 ], [ 7.456117698809488, 45.990921586281075 ], [ 7.457853380906447, 45.989555110265073 ], [ 7.458488256399812, 45.989074631594519 ], [ 7.460274106181484, 45.988039627358688 ], [ 7.461163502333269, 45.987669577290326 ], [ 7.462522261238416, 45.987240019608919 ], [ 7.46517876799164, 45.986270243262979 ], [ 7.466694790611297, 45.985560877688407 ], [ 7.468407916328759, 45.984674492442274 ], [ 7.468761980431645, 45.98444882293898 ], [ 7.469099807799377, 45.984173708770776 ], [ 7.469343279149561, 45.983849278745495 ], [ 7.469540314860052, 45.983467397856536 ], [ 7.469877611158452, 45.98276458537088 ], [ 7.470057134948735, 45.982207540578479 ], [ 7.470171805983824, 45.981677157629051 ], [ 7.470361005766835, 45.98053413040698 ], [ 7.470575280147048, 45.979663774107777 ], [ 7.471937581336085, 45.977245171192671 ], [ 7.474413481755595, 45.974274344462707 ], [ 7.474999379912473, 45.973350440840285 ], [ 7.475322156058501, 45.972702336473219 ], [ 7.475485549158607, 45.972115981754492 ], [ 7.47554736515041, 45.971657583062999 ], [ 7.475568981870115, 45.970886130144855 ], [ 7.475630762192751, 45.970611480623795 ], [ 7.475758980632483, 45.970358398681071 ], [ 7.476024708702306, 45.970113439918755 ], [ 7.476254808691093, 45.96995290504109 ], [ 7.477477629116639, 45.969219661770872 ], [ 7.477968607108583, 45.968645543425339 ], [ 7.478886651315198, 45.968446319736621 ], [ 7.479683309113138, 45.968171399639829 ], [ 7.480862574338508, 45.967834688518437 ], [ 7.480962933120078, 45.967729585310529 ], [ 7.48163167587907, 45.967150983799677 ], [ 7.481631963758351, 45.96715073472425 ], [ 7.481016355345067, 45.966833137867937 ], [ 7.480714274680227, 45.966545656876455 ], [ 7.480542536891187, 45.965883820048731 ], [ 7.480511571610108, 45.965599306831521 ], [ 7.480624883577544, 45.964643036572689 ], [ 7.480497037579095, 45.964087878210421 ], [ 7.48031237217947, 45.963650445128131 ], [ 7.480457096970954, 45.963494367407158 ], [ 7.480693938689102, 45.963313797352953 ], [ 7.480943986812303, 45.963166837741625 ], [ 7.481233561057204, 45.963044348402619 ], [ 7.481571418571039, 45.962927975147906 ], [ 7.481966349209382, 45.962842145724217 ], [ 7.48235253239537, 45.962771628408447 ], [ 7.482776183463564, 45.962715254124291 ], [ 7.483210657591282, 45.962693659240863 ], [ 7.483408432085586, 45.96243557631508 ], [ 7.483570860063539, 45.962270330384712 ], [ 7.486294454726455, 45.960157805036559 ], [ 7.487114808912716, 45.959281705470687 ], [ 7.48727118546222, 45.959048640542449 ], [ 7.487673849529092, 45.957239846441574 ], [ 7.487972750862691, 45.956487748448488 ], [ 7.488418174491038, 45.955748475290648 ], [ 7.488419127655212, 45.955748394737718 ], [ 7.489512504017832, 45.955640429946335 ], [ 7.49036244334179, 45.955514854151836 ], [ 7.491056968417251, 45.95536203909159 ], [ 7.491479733853394, 45.955284790268919 ], [ 7.491773396947329, 45.955258082099967 ], [ 7.492123976116674, 45.95527349967189 ], [ 7.492592420128365, 45.95536789483257 ], [ 7.493049190311165, 45.955511623833971 ], [ 7.493439278770083, 45.955688682867539 ], [ 7.49385271509891, 45.956051445376531 ], [ 7.494266186716585, 45.956460123683193 ], [ 7.494488362799592, 45.956690760911343 ], [ 7.494673555822696, 45.956809308086932 ], [ 7.495278072991336, 45.957073786514528 ], [ 7.49576249713341, 45.957324743266611 ], [ 7.495932246249583, 45.958345428081593 ], [ 7.495840017425198, 45.959750995539018 ], [ 7.495967956273096, 45.960029896589134 ], [ 7.495968459918386, 45.960030542063542 ], [ 7.496207358141769, 45.960264109475162 ], [ 7.4963771794694, 45.960331147392552 ], [ 7.496711986552024, 45.960453449155821 ], [ 7.497006763565722, 45.960529338058315 ], [ 7.497217218171427, 45.960621201633437 ], [ 7.497229710703587, 45.960633992775854 ], [ 7.497347277233386, 45.960755475227529 ], [ 7.497492794558329, 45.960903365150536 ], [ 7.497510570182328, 45.960921565667071 ], [ 7.497488242363818, 45.961364876734706 ], [ 7.497618726269828, 45.961551104081749 ], [ 7.497619232171528, 45.961551743366101 ], [ 7.498138498286104, 45.961869988436348 ], [ 7.498897786656462, 45.962235484120072 ], [ 7.499053416844668, 45.962303227129368 ], [ 7.499186023647345, 45.962418711371633 ], [ 7.499327782721387, 45.962388974863821 ], [ 7.499795245284457, 45.96209515187946 ], [ 7.503023911237861, 45.96036593737756 ], [ 7.5042582704908, 45.959593638731732 ], [ 7.504537974000509, 45.95938835278249 ], [ 7.504878466559735, 45.959111722565801 ], [ 7.505281534275989, 45.958956870540604 ], [ 7.505820035249954, 45.958811586394162 ], [ 7.506180656579828, 45.958768889120265 ], [ 7.506205089437898, 45.958762766292409 ], [ 7.506760092508896, 45.95864011170061 ], [ 7.506930729354792, 45.958504233085698 ], [ 7.508444798878992, 45.958257876141708 ], [ 7.508712843712487, 45.958314139670094 ], [ 7.509290452302356, 45.958578157483998 ], [ 7.50971617276722, 45.95869379825163 ], [ 7.510229753164053, 45.958798461799631 ], [ 7.510587402684471, 45.958973493661837 ], [ 7.511039412046567, 45.959021386878064 ], [ 7.511493640885748, 45.959151970278924 ], [ 7.511493828451413, 45.959152067316552 ], [ 7.511875339041237, 45.959550878516133 ], [ 7.512010296190182, 45.960207770366679 ], [ 7.512093635497169, 45.960473953376209 ], [ 7.51209396711951, 45.960474142989945 ], [ 7.512094094063722, 45.960474548499505 ], [ 7.5122721713984, 45.960576359352949 ], [ 7.51377993610412, 45.961145758756935 ], [ 7.514260460039612, 45.961463924891547 ], [ 7.514832317738263, 45.961973470098705 ], [ 7.515602405455415, 45.962294197638698 ], [ 7.515867339893388, 45.962338662709271 ], [ 7.51604534476235, 45.96239628487529 ], [ 7.516524019249945, 45.962373605943498 ], [ 7.5168518543697, 45.962447893581746 ], [ 7.517234976401609, 45.962331972741737 ], [ 7.517614824263788, 45.962302853168886 ], [ 7.518061109629046, 45.962690719030824 ], [ 7.518114065819462, 45.96264234885124 ], [ 7.518121126891201, 45.962547783634726 ], [ 7.518041541948105, 45.962385939651227 ], [ 7.51801297476603, 45.962139031148538 ], [ 7.518018310641329, 45.961922773722534 ], [ 7.518078612320965, 45.961744729387249 ], [ 7.518217376350159, 45.961585359517741 ], [ 7.518469555929566, 45.961470816062871 ], [ 7.518703570668245, 45.961452184953444 ], [ 7.518906450664659, 45.961382111799807 ], [ 7.519140118726582, 45.961161774946021 ], [ 7.519347109671168, 45.960754819768191 ], [ 7.519452977849141, 45.960462126532008 ], [ 7.519539265702266, 45.960311312158566 ], [ 7.521130721075355, 45.959422926026221 ], [ 7.522273160770927, 45.959100065481323 ], [ 7.523009838724429, 45.958796491026142 ], [ 7.523325876760674, 45.958620840447878 ], [ 7.523848106084236, 45.958485802109493 ], [ 7.524709847719135, 45.958132934776401 ], [ 7.524938259580648, 45.957814552771872 ], [ 7.525430258422364, 45.957547918775091 ], [ 7.525969319309022, 45.957292651620619 ], [ 7.526710150484168, 45.957092528062205 ], [ 7.527246754680685, 45.956961606861995 ], [ 7.527571767994942, 45.956809116699802 ], [ 7.527805370806005, 45.956613069534832 ], [ 7.527978477389483, 45.956493348878908 ], [ 7.528103089922055, 45.956501023140696 ], [ 7.528239123399927, 45.956465895777633 ], [ 7.528750083458847, 45.956435577878302 ], [ 7.529432625930813, 45.956426936944275 ], [ 7.529817990971035, 45.956511525953601 ], [ 7.530252235750672, 45.956665086559447 ], [ 7.530492105594203, 45.956708429673846 ], [ 7.530620367617836, 45.956692502420118 ], [ 7.530833626420537, 45.956648269079054 ], [ 7.531030041146776, 45.95662696978458 ], [ 7.531354255873665, 45.956653707003724 ], [ 7.531971809470582, 45.956758400555643 ], [ 7.532549163597033, 45.956786681084765 ], [ 7.533095277202955, 45.956834685884253 ], [ 7.533545983502967, 45.956885144779378 ], [ 7.533976821910692, 45.956901930389364 ], [ 7.534956215183742, 45.956915281235872 ], [ 7.535464637060759, 45.956861588489893 ], [ 7.535586605941793, 45.956824207932605 ], [ 7.53578766973909, 45.956696536061806 ], [ 7.536640475438084, 45.956272800849653 ], [ 7.53716194482503, 45.955930600774984 ], [ 7.537810328743828, 45.955402290760709 ], [ 7.538091198976103, 45.955100540630028 ], [ 7.538247332426343, 45.955001932744622 ], [ 7.538381364851791, 45.954948932297278 ], [ 7.538434133236708, 45.954945764812464 ], [ 7.538513482729866, 45.954957218495892 ], [ 7.538718173694123, 45.955187841575039 ], [ 7.539037103533399, 45.955430820964871 ], [ 7.539377489668361, 45.955664224007897 ], [ 7.539386903644194, 45.955672258161322 ], [ 7.539456885643964, 45.955733531574374 ], [ 7.539579083959175, 45.95583627028153 ], [ 7.539596952079355, 45.955851519441026 ], [ 7.539751646601145, 45.955954710206164 ], [ 7.539967582613019, 45.956054776494966 ], [ 7.540209694300252, 45.956109885778766 ], [ 7.5404051109811, 45.956258157854734 ], [ 7.540592054541203, 45.956245303120703 ], [ 7.541072813797855, 45.956626348541924 ], [ 7.541256150550084, 45.956614945003061 ], [ 7.541632586716661, 45.956490223819443 ], [ 7.541939228499515, 45.956607403979554 ], [ 7.542390391504372, 45.956879682457668 ], [ 7.542513565399803, 45.956875611105268 ], [ 7.542717888307681, 45.956963249383158 ], [ 7.542851998228628, 45.957152185235721 ], [ 7.542852139851943, 45.957152299957031 ], [ 7.542852496763725, 45.957152802636443 ], [ 7.543002006054586, 45.957273929962845 ], [ 7.543126641953156, 45.957476126635768 ], [ 7.543127125229907, 45.957476750008574 ], [ 7.543476806982746, 45.95776987007342 ], [ 7.543625593504588, 45.957998676224406 ], [ 7.543626088642346, 45.95799928926899 ], [ 7.544034678661698, 45.958452272108929 ], [ 7.544050564210662, 45.958563606793078 ], [ 7.544222589667504, 45.958858019081305 ], [ 7.544222843413248, 45.958858218269 ], [ 7.54422308648732, 45.95885863424585 ], [ 7.544465038487275, 45.959048573947804 ], [ 7.544523399635426, 45.959137864325008 ], [ 7.544523898272574, 45.959138490756317 ], [ 7.5448014622372, 45.959373669727739 ], [ 7.544962900797549, 45.959551637575622 ], [ 7.545014195423725, 45.959575366668837 ], [ 7.545158884519641, 45.95964338630872 ], [ 7.54524339103437, 45.959681393448136 ], [ 7.54527508349547, 45.959696054503681 ], [ 7.54526251267407, 45.959920059389461 ], [ 7.545409643034146, 45.960134677136679 ], [ 7.545344031755166, 45.960281939640033 ], [ 7.545344578193871, 45.960282435828795 ], [ 7.545344519195909, 45.960282568219149 ], [ 7.545498950004164, 45.960422779120137 ], [ 7.545712392734724, 45.960696019518529 ], [ 7.545819490650591, 45.960890650786169 ], [ 7.545818935687394, 45.961003300727349 ], [ 7.546013421661524, 45.961304444695216 ], [ 7.546013902956997, 45.961305056472412 ], [ 7.546117016899967, 45.961411951180885 ], [ 7.54612728477019, 45.961653421392064 ], [ 7.546093265726486, 45.961723203989322 ], [ 7.546280336279097, 45.962003062434732 ], [ 7.546282218193848, 45.962260122285223 ], [ 7.546329141431811, 45.962378124406953 ], [ 7.546283167793987, 45.962548361098179 ], [ 7.546363338859328, 45.962749557117128 ], [ 7.546363709071419, 45.962749891507265 ], [ 7.546363819119002, 45.962750167613763 ], [ 7.546473688829884, 45.962849406452719 ], [ 7.546473913080123, 45.962964082348478 ], [ 7.546474393153656, 45.962964692607947 ], [ 7.546580577347489, 45.963035402811933 ], [ 7.545915123621274, 45.963313652079997 ], [ 7.54578373947371, 45.963461327924279 ], [ 7.545484779432454, 45.963632630651688 ], [ 7.545426699629595, 45.963927734643498 ], [ 7.545460476287785, 45.964064630887236 ], [ 7.545373256131262, 45.964725884323435 ], [ 7.545284918988811, 45.96479729200928 ], [ 7.545341880693989, 45.965076779667768 ], [ 7.54533248077281, 45.965338671781417 ], [ 7.545206225893779, 45.965500617866212 ], [ 7.545130141775065, 45.965979568829582 ], [ 7.544966107215132, 45.966304663851638 ], [ 7.544944558002684, 45.966454934349336 ], [ 7.544979020789985, 45.966612987337378 ], [ 7.544826316345176, 45.966693846220792 ], [ 7.544857782525787, 45.966783006224908 ], [ 7.544735837224512, 45.966787060363743 ], [ 7.54477058791341, 45.966940750379436 ], [ 7.544684047053212, 45.967103315396621 ], [ 7.544666770795038, 45.967202110131048 ], [ 7.544667276988778, 45.967202634403911 ], [ 7.544667258597165, 45.967202739587229 ], [ 7.544874878557803, 45.967417766305715 ], [ 7.544749152975685, 45.968055895302442 ], [ 7.544624125805035, 45.968075487273843 ], [ 7.544622512499529, 45.968323420263729 ], [ 7.544407811894024, 45.968441352620637 ], [ 7.544408309760743, 45.968441994969808 ], [ 7.544634272420066, 45.968584944522121 ], [ 7.544451455893381, 45.968792645644101 ], [ 7.543550527126979, 45.969464855040442 ], [ 7.543316887969106, 45.969715017391771 ], [ 7.54332424873195, 45.969786973888297 ], [ 7.543221858986686, 45.969991192214181 ], [ 7.543199989379364, 45.970139069955557 ], [ 7.543200494811173, 45.970139627104082 ], [ 7.543200485221135, 45.970139691994632 ], [ 7.543250921217202, 45.97019529275282 ], [ 7.543092737818496, 45.970467366369483 ], [ 7.543038880161717, 45.970781877569053 ], [ 7.542934421669667, 45.97091696781429 ], [ 7.542941553016144, 45.971024690317307 ], [ 7.542893224194898, 45.971220987663266 ], [ 7.542840286521104, 45.971313302253243 ], [ 7.54282083055802, 45.971551428705475 ], [ 7.542726081154556, 45.971992434865626 ], [ 7.542503819948762, 45.972386997525092 ], [ 7.542504322792966, 45.972387646613477 ], [ 7.542653796951853, 45.972460303581357 ], [ 7.54264933960601, 45.972823177768277 ], [ 7.542768604901753, 45.973134867417691 ], [ 7.542674506470044, 45.973279761942933 ], [ 7.542619436072366, 45.973316450759036 ], [ 7.542620422185677, 45.973469974604782 ], [ 7.542542978118375, 45.973518908658889 ], [ 7.542543188546487, 45.973610059009182 ], [ 7.542494851889031, 45.973673997706229 ], [ 7.542508055024312, 45.973690511627936 ], [ 7.542537524206981, 45.97372738157582 ], [ 7.542465974292059, 45.973973094720286 ], [ 7.542326311488641, 45.974031692657881 ], [ 7.542402280531675, 45.974158287648756 ], [ 7.542321195751363, 45.974254540771014 ], [ 7.542265706802973, 45.974597829565319 ], [ 7.542188923914327, 45.974786920360742 ], [ 7.542144787965358, 45.975000107034802 ], [ 7.541992007530551, 45.975323658544639 ], [ 7.541726662904039, 45.975629249393684 ], [ 7.541647201901241, 45.975892113693064 ], [ 7.541477640567114, 45.976165593280641 ], [ 7.541517727970337, 45.976256248742914 ], [ 7.541518276764929, 45.976256931241466 ], [ 7.541686619415036, 45.976413883684309 ], [ 7.54176451485163, 45.976532256002251 ], [ 7.541781503830681, 45.976703198487407 ], [ 7.541821400744652, 45.976781206462611 ], [ 7.541821699961899, 45.976781425139421 ], [ 7.541821938349865, 45.976781891148441 ], [ 7.541875900325214, 45.976821346279436 ], [ 7.541874179750726, 45.976882977595636 ], [ 7.541874739307876, 45.976883349773153 ], [ 7.541874730462269, 45.976883671503536 ], [ 7.541976248486474, 45.976951194046791 ], [ 7.541951011167629, 45.977103340400603 ], [ 7.542189339060232, 45.977495521310161 ], [ 7.542227245328457, 45.977790743366455 ], [ 7.542227777633249, 45.977791428781629 ], [ 7.54238670152782, 45.977981857050146 ], [ 7.542502579176025, 45.978022765284869 ], [ 7.542607449683129, 45.978222697485158 ], [ 7.542607810476761, 45.978223041414552 ], [ 7.542607992982854, 45.978223389413913 ], [ 7.542835015495261, 45.978439796151278 ], [ 7.542946796447787, 45.97846445741903 ], [ 7.543074235297893, 45.978587648313791 ], [ 7.543189534381607, 45.97878547379085 ], [ 7.543190034289918, 45.97878608316406 ], [ 7.543190075715891, 45.97878615420754 ], [ 7.543282996572014, 45.978899431002205 ], [ 7.543342360745616, 45.978899196923756 ], [ 7.543465948980038, 45.97909359974657 ], [ 7.543466494348741, 45.979094303233886 ], [ 7.543668140823775, 45.979198868423254 ], [ 7.543762738289617, 45.979217265784605 ], [ 7.543993373433453, 45.979447551128914 ], [ 7.544062068181583, 45.979461664124095 ], [ 7.544186422123397, 45.979568719919065 ], [ 7.544261416402294, 45.979543787071698 ], [ 7.544329206869258, 45.979618402507086 ], [ 7.544398289695958, 45.979634143360357 ], [ 7.544436254547455, 45.97973042940955 ], [ 7.544436582928647, 45.97973052104328 ], [ 7.544436822647373, 45.979731128882221 ], [ 7.544494697586098, 45.979747284750857 ], [ 7.544484325834016, 45.979788773852015 ], [ 7.544484867170473, 45.979789463153068 ], [ 7.544629314856697, 45.979887584308777 ], [ 7.544675996900092, 45.979957259017027 ], [ 7.544676527593905, 45.979957951195338 ], [ 7.544746519433875, 45.979961807692057 ], [ 7.544818140620883, 45.980002311432216 ], [ 7.544804146725464, 45.980017471452435 ], [ 7.544804705098154, 45.98001817495404 ], [ 7.544863183718509, 45.980027464432524 ], [ 7.545043347019106, 45.980262840361029 ], [ 7.545025627079356, 45.980494606065655 ], [ 7.545134910880186, 45.980639761613261 ], [ 7.545134929866451, 45.980639765229313 ], [ 7.545135464881182, 45.980640475986178 ], [ 7.545195744664, 45.980651943877703 ], [ 7.545310148846367, 45.980759043812633 ], [ 7.545370841908939, 45.981087080180146 ], [ 7.545446658225452, 45.981246020926001 ], [ 7.545446975345731, 45.981246249368212 ], [ 7.545447208007084, 45.981246737392595 ], [ 7.545610497485271, 45.98136434733393 ], [ 7.545506708222897, 45.981531847943543 ], [ 7.545507447514613, 45.981532290914011 ], [ 7.545507274892215, 45.981532569481097 ], [ 7.545778970687834, 45.981695367718743 ], [ 7.545656264068494, 45.981795605712108 ], [ 7.545566106960896, 45.98201378480902 ], [ 7.545603090475816, 45.982161571758994 ], [ 7.545508845995638, 45.982241926768026 ], [ 7.545728428679592, 45.982617809415103 ], [ 7.545729009252751, 45.982618541224447 ], [ 7.545823758247066, 45.982708178099621 ], [ 7.545827864587617, 45.982884573794564 ], [ 7.545632666075655, 45.983146228127609 ], [ 7.545569346138477, 45.983218116312429 ], [ 7.545577322199423, 45.983318767612964 ], [ 7.545615667704011, 45.983456451434677 ], [ 7.545645235234404, 45.98359886612554 ], [ 7.54569809016818, 45.983765897308921 ], [ 7.545698635841142, 45.983766533915905 ], [ 7.545698662781827, 45.983766619052339 ], [ 7.545800610385275, 45.983885546482504 ], [ 7.546009033418579, 45.984015201790498 ], [ 7.546235458909957, 45.98408227539128 ], [ 7.521092557964337, 46.014895904903454 ], [ 7.525781591109385, 46.036437171656281 ], [ 7.528599132607472, 46.050798183175473 ], [ 7.526314343721671, 46.057607890123826 ], [ 7.526344003312273, 46.057676475913453 ], [ 7.495825772419424, 46.054872110732205 ], [ 7.490136792186474, 46.052522066440922 ], [ 7.425522060012431, 46.071346096069 ], [ 7.425520726395042, 46.071346484588034 ], [ 7.426490349379745, 46.070105222264282 ], [ 7.426787665628388, 46.06983539139668 ], [ 7.427110816502734, 46.069610531115188 ], [ 7.427783026587103, 46.068783017524204 ], [ 7.427653858022596, 46.068468170465856 ], [ 7.427460256798137, 46.067208798050693 ], [ 7.427369863675061, 46.066893954874615 ], [ 7.427951407638854, 46.066911998367608 ], [ 7.428726830393861, 46.066849080222227 ], [ 7.429334266441493, 46.066624240636713 ], [ 7.429954633329256, 46.066327443904378 ], [ 7.430497438539908, 46.06612957901104 ], [ 7.431117785504222, 46.065967690342404 ], [ 7.432345494545314, 46.06583282534617 ], [ 7.433185509883659, 46.065787871627542 ], [ 7.433982355247089, 46.06567267267426 ], [ 7.433881108852604, 46.064878284346342 ], [ 7.433897323137692, 46.064293595950687 ], [ 7.433978137957286, 46.063697648451338 ], [ 7.43396205296826, 46.063034238933476 ], [ 7.434010548188442, 46.062550733538792 ], [ 7.433994464292, 46.061876079731064 ], [ 7.433946030410664, 46.061392578572253 ], [ 7.433946075599233, 46.060954048312418 ], [ 7.433881488445945, 46.060616732101174 ], [ 7.433833081345419, 46.060144466322008 ], [ 7.433800831956407, 46.059503544907635 ], [ 7.433913925678636, 46.059211197186855 ], [ 7.43396241467545, 46.058885113072549 ], [ 7.433865512497738, 46.05868271866477 ], [ 7.433607115180776, 46.05841284057017 ], [ 7.433526366223977, 46.05809800310918 ], [ 7.433332620159282, 46.057468317264714 ], [ 7.433074251758969, 46.056917346938874 ], [ 7.43348711455616, 46.056564387018533 ], [ 7.433897120472957, 46.056297773145161 ], [ 7.433858394172661, 46.055830014798907 ], [ 7.433767997329755, 46.055380235789642 ], [ 7.43340623925456, 46.055110360941633 ], [ 7.433122553238027, 46.054751195866977 ], [ 7.433122030885789, 46.05475053453484 ], [ 7.433057445929681, 46.054390720338994 ], [ 7.43314794958131, 46.053868987320946 ], [ 7.433574426778184, 46.052744593106901 ], [ 7.433342212432702, 46.052367259808968 ], [ 7.433341911068984, 46.052366770112407 ], [ 7.432024218648918, 46.051260293805285 ], [ 7.432024214008823, 46.05126028990896 ], [ 7.431701259542396, 46.050837489060534 ], [ 7.431378351346379, 46.050225782160105 ], [ 7.431016631022886, 46.05009084100903 ], [ 7.430564509170364, 46.04968602702175 ], [ 7.430280334859987, 46.049326184636769 ], [ 7.430241703532967, 46.048588560917672 ], [ 7.430112524033468, 46.048381663061086 ], [ 7.430112558319264, 46.048183762474011 ], [ 7.430345163067637, 46.047796976084641 ], [ 7.430409809713676, 46.047482139535198 ], [ 7.430177330045579, 46.047077341750985 ], [ 7.429337709758524, 46.046537557763479 ], [ 7.428859761281326, 46.046294653350543 ], [ 7.428149341586789, 46.045727886319277 ], [ 7.427568144796357, 46.045098169330593 ], [ 7.427374433215617, 46.04482829315608 ], [ 7.427180847408023, 46.043955719656175 ], [ 7.427245507754339, 46.04364088504451 ], [ 7.42711645041997, 46.043056173833683 ], [ 7.427077856907945, 46.042246594676577 ], [ 7.426755087224406, 46.041481960958741 ], [ 7.426664762029667, 46.041077154260059 ], [ 7.426858642840305, 46.040492470465217 ], [ 7.427763088150987, 46.039323157355483 ], [ 7.428176495735874, 46.038981371975268 ], [ 7.42846741425357, 46.038809524542039 ], [ 7.428887053185155, 46.038198826533375 ], [ 7.429468391848773, 46.037677142822815 ], [ 7.430824761828287, 46.03673270488764 ], [ 7.431535198786564, 46.036399916423854 ], [ 7.432503963245501, 46.036040153588445 ], [ 7.434028079169789, 46.035743352441351 ], [ 7.434716142944573, 46.035515286081427 ], [ 7.435280960192058, 46.035428547711369 ], [ 7.43499683804245, 46.034960781112574 ], [ 7.435345659670615, 46.033539519702998 ], [ 7.43528110987457, 46.032864866187893 ], [ 7.435126157853848, 46.032487068550239 ], [ 7.4348679477055, 46.03111076970935 ], [ 7.43495842356996, 46.030103290347654 ], [ 7.434738921545714, 46.029293707342944 ], [ 7.434028747942737, 46.028007350351807 ], [ 7.433835089928563, 46.027377676271655 ], [ 7.433189482780109, 46.02628021319854 ], [ 7.43289250459865, 46.025983354755276 ], [ 7.432350192004296, 46.025560564886518 ], [ 7.432350176263882, 46.025560552615204 ], [ 7.432173736400897, 46.025331082740934 ], [ 7.432156968411908, 46.025309275036825 ], [ 7.43215650791287, 46.025308676132163 ], [ 7.432182367652081, 46.025065800410353 ], [ 7.432376114765974, 46.024616039973267 ], [ 7.432505362635574, 46.023626556658925 ], [ 7.43273789314865, 46.022655070532821 ], [ 7.432608883920753, 46.021620603045086 ], [ 7.432479850389493, 46.02081101292103 ], [ 7.43222169598226, 46.020118355279429 ], [ 7.432118471245118, 46.019488675643551 ], [ 7.432118511738856, 46.019191843639717 ], [ 7.43231220769938, 46.018877015401991 ], [ 7.432699624204901, 46.018409258131889 ], [ 7.432764216884582, 46.018139416444669 ], [ 7.43254475978916, 46.017707630206381 ], [ 7.432028537323704, 46.017329936662328 ], [ 7.432028346117223, 46.01732979676634 ], [ 7.431860524866487, 46.017032944461803 ], [ 7.431770243365434, 46.016340288444979 ], [ 7.431770285682179, 46.015953502030094 ], [ 7.431602545058502, 46.01505395420056 ], [ 7.431770442242683, 46.014676157057998 ], [ 7.432222400178505, 46.014019519654646 ], [ 7.43228699002667, 46.013749660379105 ], [ 7.432506506993502, 46.013479810905764 ], [ 7.432700217594009, 46.013075027713612 ], [ 7.433023032030034, 46.012652260895408 ], [ 7.433190902247068, 46.012247475389159 ], [ 7.432997492882989, 46.009773761503546 ], [ 7.433023351252617, 46.009341990653155 ], [ 7.433152474717981, 46.008784289536102 ], [ 7.433384879292307, 46.008379516571274 ], [ 7.433707636186683, 46.008064711316756 ], [ 7.434224024344579, 46.007794873737588 ], [ 7.434766203479394, 46.007632980214908 ], [ 7.435321290344953, 46.007615011655659 ], [ 7.436031297238515, 46.007453118250503 ], [ 7.436638029830975, 46.00722825862205 ], [ 7.437218915313639, 46.006958408983394 ], [ 7.437864368888577, 46.006598611926464 ], [ 7.439155202095394, 46.005456230016854 ], [ 7.440742910297627, 46.004691630209059 ], [ 7.44115593795498, 46.004421761944499 ], [ 7.441581887503318, 46.003927023949124 ], [ 7.441672204821513, 46.003522236537243 ], [ 7.441672160647471, 46.003045487290507 ], [ 7.441607594414541, 46.002712666263697 ], [ 7.441672106430016, 46.002307879371969 ], [ 7.442123789579071, 46.001336398797243 ], [ 7.442227001903285, 46.000841665398518 ], [ 7.442381847161532, 46.000436876013929 ], [ 7.442420539572345, 46.000104052921863 ], [ 7.442355933648912, 45.999267506082731 ], [ 7.442446217514466, 45.99872778675325 ], [ 7.442768859906246, 45.998322992514801 ], [ 7.442162089881304, 45.99677584769001 ], [ 7.441710368313094, 45.996775857199033 ], [ 7.440961775625489, 45.996613951190277 ], [ 7.439671108677101, 45.996164215184024 ], [ 7.438574050401204, 45.995516557798197 ], [ 7.438186866308282, 45.995201731634033 ], [ 7.436831732756156, 45.993555597211866 ], [ 7.436418754186816, 45.993132810267539 ], [ 7.43579929750657, 45.992790991937625 ], [ 7.434379704185249, 45.992233236889817 ], [ 7.432702085815112, 45.991333640286747 ], [ 7.432250420429812, 45.991153703280482 ], [ 7.431596644911172, 45.990985100295859 ], [ 7.431595781385675, 45.990984877600191 ] ] ] } },
{ "type": "Feature", "properties": { "geo_point_2d": { "lon": 7.752664406603856, "lat": 45.989708575655925 }, "year": "2023", "kan_code": [ "23" ], "kan_name": [ "Valais" ], "bez_code": [ "2305", "2311", "2313" ], "bez_name": [ "Hérens", "Sierre", "Visp" ], "gem_code": [ "6083", "6252", "6295", "6300" ], "gem_name": [ "Anniviers", "Evolène", "Täsch", "Zermatt" ], "plz_code": [ "3920" ], "plz_area_code": "CHE", "plz_type": "PLZ4/NPA4" }, "geometry": { "type": "Polygon", "coordinates": [ [ [ 7.611939839046229, 46.034288214172676 ], [ 7.611939562637367, 46.034285918968294 ], [ 7.611833694661162, 46.033406827606768 ], [ 7.611742366769824, 46.033119120667685 ], [ 7.611638477717308, 46.032939369747446 ], [ 7.611675707657661, 46.032462551888742 ], [ 7.611479959845583, 46.031833184820641 ], [ 7.611220233885867, 46.031383815816312 ], [ 7.611203995005726, 46.031338995714279 ], [ 7.611115997800004, 46.031096119130126 ], [ 7.61103501829301, 46.030691085003632 ], [ 7.610984749754372, 46.03043965752039 ], [ 7.610828717408808, 46.030107062044735 ], [ 7.610745355043226, 46.029994447667974 ], [ 7.610459228757876, 46.02960791912988 ], [ 7.610309928655244, 46.029406229339877 ], [ 7.610167859865412, 46.029066026806298 ], [ 7.610114713199915, 46.028938760076748 ], [ 7.609904467177352, 46.027795638414595 ], [ 7.609878192624172, 46.027652781914682 ], [ 7.609662895716763, 46.026997827411577 ], [ 7.609656527892339, 46.026978455859371 ], [ 7.609660636922895, 46.026866617504936 ], [ 7.609680324972846, 46.026330754099035 ], [ 7.609782767202597, 46.026060734719771 ], [ 7.609394787093597, 46.025881429214031 ], [ 7.609388819763155, 46.025871924945015 ], [ 7.609265008661915, 46.025674728891495 ], [ 7.609264380765948, 46.025476829233604 ], [ 7.609353699228297, 46.025134866205505 ], [ 7.609352860214709, 46.024865012021671 ], [ 7.608640723520218, 46.024263395954819 ], [ 7.608150411953034, 46.023976241547665 ], [ 7.608058563457788, 46.023922449832426 ], [ 7.607966771984515, 46.023472813233298 ], [ 7.607836646302659, 46.023158184090981 ], [ 7.607343719195625, 46.022439290764119 ], [ 7.60709416047685, 46.022136579426238 ], [ 7.607084485835784, 46.02212484421797 ], [ 7.607047137632227, 46.022000701843353 ], [ 7.606990545210271, 46.0218125932604 ], [ 7.606862672255981, 46.021387554016648 ], [ 7.606563746660157, 46.020758314634399 ], [ 7.606175952001784, 46.020623975313036 ], [ 7.60582677203756, 46.020444591236554 ], [ 7.605528998718787, 46.020193157474139 ], [ 7.605437644144812, 46.01987845052102 ], [ 7.605459536784139, 46.018601078788883 ], [ 7.605454042203931, 46.018584025231434 ], [ 7.605312990207146, 46.018146241408083 ], [ 7.60519881918222, 46.017791888198289 ], [ 7.605132748270431, 46.017297234404943 ], [ 7.604988391045202, 46.016960451090654 ], [ 7.604716590324971, 46.016326343949572 ], [ 7.604457346788539, 46.015993900696103 ], [ 7.603615701642208, 46.015203556479783 ], [ 7.603123534332679, 46.014691540173111 ], [ 7.603445754231685, 46.014511152926104 ], [ 7.604129216874563, 46.014240291285702 ], [ 7.604322446018314, 46.014105076458684 ], [ 7.604386511248075, 46.013943064175599 ], [ 7.604282263054531, 46.013628375409951 ], [ 7.604192119447182, 46.013493046447167 ], [ 7.603893171449693, 46.013044247873239 ], [ 7.603414040487225, 46.012577191282212 ], [ 7.603154795730884, 46.012235749736043 ], [ 7.602507871227999, 46.011768942188311 ], [ 7.601950821311173, 46.011140073891895 ], [ 7.601755741805023, 46.010663604584053 ], [ 7.601882142474846, 46.009763875768037 ], [ 7.601984672444299, 46.009520859245427 ], [ 7.601945408585792, 46.009341006631715 ], [ 7.601789464825762, 46.008999403958526 ], [ 7.602046840421904, 46.00872916862685 ], [ 7.602110852560522, 46.008549166885338 ], [ 7.601851021341231, 46.008009832180022 ], [ 7.601656527293655, 46.007722257758374 ], [ 7.601526075391074, 46.007272681507175 ], [ 7.601550880072374, 46.006930818235183 ], [ 7.601524248953386, 46.006661001719365 ], [ 7.601973618575822, 46.005850762371637 ], [ 7.602642702927203, 46.00513015759693 ], [ 7.602448055042018, 46.004797607567966 ], [ 7.60242170157668, 46.004617736524082 ], [ 7.602511511717884, 46.004437697278036 ], [ 7.602446567026163, 46.004302868431886 ], [ 7.602122825703395, 46.003961509259405 ], [ 7.60203125042625, 46.003556863893941 ], [ 7.601797807141647, 46.003197382460627 ], [ 7.601732585755348, 46.002972599044625 ], [ 7.601731237749419, 46.002522828100311 ], [ 7.601987593597746, 46.001919762611017 ], [ 7.601768025996908, 46.001875111137586 ], [ 7.601387725882693, 46.001921107702834 ], [ 7.600864793284003, 46.001984355391947 ], [ 7.600374240026228, 46.001967075808544 ], [ 7.599792831140541, 46.001788014315579 ], [ 7.598887615546293, 46.001222595319348 ], [ 7.598564255073772, 46.00099817545604 ], [ 7.598330560506165, 46.000878050789964 ], [ 7.598215212605465, 46.000818759176141 ], [ 7.598193319390944, 46.000816502575368 ], [ 7.597927149370916, 46.000789067614981 ], [ 7.597580895642354, 46.000753378181123 ], [ 7.597182290938346, 46.000712292771645 ], [ 7.596552779341916, 46.000703053196489 ], [ 7.595504225389188, 46.000687663181274 ], [ 7.594923101830354, 46.000598512739082 ], [ 7.594518467255588, 46.000458225328579 ], [ 7.594018668456973, 46.000284944339747 ], [ 7.594000325856728, 46.000277672958489 ], [ 7.593566398688848, 46.000105655369268 ], [ 7.593140199613112, 46.00001629252187 ], [ 7.592597444297303, 45.99979215490248 ], [ 7.591951560204032, 45.999613131695462 ], [ 7.59162875137054, 45.999568591287584 ], [ 7.590686466149109, 45.999551888258907 ], [ 7.590234461483354, 45.99946254908604 ], [ 7.58962729792966, 45.999283460684268 ], [ 7.589239586996855, 45.999104068223851 ], [ 7.588916155748098, 45.998834643592126 ], [ 7.58852745644102, 45.998295449983843 ], [ 7.588267685612465, 45.997711089465632 ], [ 7.58822516395834, 45.997642307160241 ], [ 7.588073213489917, 45.997396514663741 ], [ 7.587840329186669, 45.997189926572865 ], [ 7.587749358952709, 45.996965169233341 ], [ 7.587747646905882, 45.996347529206467 ], [ 7.58774756366554, 45.996317499323041 ], [ 7.587616778850804, 45.9956879992111 ], [ 7.587518436588629, 45.995556803443272 ], [ 7.587448373811172, 45.995463334575646 ], [ 7.587423526647139, 45.995444850967935 ], [ 7.586649065411025, 45.994868735413704 ], [ 7.586543074627166, 45.994789889712543 ], [ 7.58630532306372, 45.994645821177244 ], [ 7.585832064426349, 45.994359044183156 ], [ 7.585637930882675, 45.99416140567341 ], [ 7.585549068000176, 45.99410124324455 ], [ 7.58475062362233, 45.99356067611766 ], [ 7.584603570728071, 45.993461117572622 ], [ 7.583541919944602, 45.992885465189282 ], [ 7.583246460533033, 45.992725260047351 ], [ 7.582454133300494, 45.992418490966557 ], [ 7.582019161158822, 45.99225008074589 ], [ 7.581372687647771, 45.991801143592575 ], [ 7.58020942998376, 45.9911279551768 ], [ 7.578593532462176, 45.990077533791414 ], [ 7.578115118649669, 45.989718315609061 ], [ 7.576913037159517, 45.988973195676984 ], [ 7.576590019887457, 45.988820676255671 ], [ 7.575852862870612, 45.988191900376826 ], [ 7.574993273524052, 45.987435164018088 ], [ 7.575703172026837, 45.986982699199025 ], [ 7.576406860798328, 45.986749245817087 ], [ 7.576594514172776, 45.986801859648878 ], [ 7.578607760781716, 45.986012477247513 ], [ 7.582276522376127, 45.977878483311947 ], [ 7.582171464356663, 45.977291343242157 ], [ 7.582128044280723, 45.976739657874646 ], [ 7.582127501162184, 45.976739029368915 ], [ 7.582127493830226, 45.976738936186294 ], [ 7.582029077406331, 45.976625070890151 ], [ 7.581603492488358, 45.976226907852471 ], [ 7.581305111273638, 45.975811392545765 ], [ 7.581239967753646, 45.975556347187684 ], [ 7.581252947759801, 45.975138045468881 ], [ 7.581584065628681, 45.974735154162076 ], [ 7.581687443958902, 45.974620260521213 ], [ 7.581745524304627, 45.974446339862538 ], [ 7.581702667422472, 45.974377211358593 ], [ 7.581869180535283, 45.974320383977144 ], [ 7.581991683010951, 45.974227603147959 ], [ 7.582040755886778, 45.974117409189105 ], [ 7.582174001341396, 45.974019412155236 ], [ 7.582259342310858, 45.974038419827288 ], [ 7.58235758114473, 45.973899025347201 ], [ 7.582558315560387, 45.97380140393075 ], [ 7.582603311723446, 45.973697105756493 ], [ 7.582583305580958, 45.973654850408188 ], [ 7.582626074155009, 45.973640322624362 ], [ 7.582626491251194, 45.97347007256586 ], [ 7.582721175736498, 45.973387059895686 ], [ 7.582897693200686, 45.973379885785945 ], [ 7.58289345973314, 45.973339431034383 ], [ 7.583085905843174, 45.973015294675236 ], [ 7.583143173865436, 45.972990655313069 ], [ 7.583273723531723, 45.972840012451066 ], [ 7.583396256655573, 45.9725755228135 ], [ 7.583551504341871, 45.972446932761315 ], [ 7.583550883621307, 45.97244625859976 ], [ 7.58355092518366, 45.972446224176359 ], [ 7.583503577694912, 45.972394758892925 ], [ 7.583520024364522, 45.972324408622974 ], [ 7.583757507004435, 45.972207999657591 ], [ 7.583920100427747, 45.972194791718998 ], [ 7.584077577202298, 45.972110471787779 ], [ 7.584373979154072, 45.972064228324598 ], [ 7.584709159460109, 45.971833687198611 ], [ 7.584812748194931, 45.971697312925393 ], [ 7.584967189133348, 45.971665350663237 ], [ 7.585046500912632, 45.971588305574819 ], [ 7.585332323188442, 45.971586322606655 ], [ 7.585527438707112, 45.971554027924945 ], [ 7.585783902997445, 45.971504508316031 ], [ 7.586111624564743, 45.971395272737517 ], [ 7.586385706129061, 45.971320630469158 ], [ 7.586671743234167, 45.971210604763158 ], [ 7.586807325987578, 45.971141811760134 ], [ 7.586878788621503, 45.971033378973686 ], [ 7.587322853141537, 45.970846797560498 ], [ 7.587565450780993, 45.970804515079671 ], [ 7.587669469461784, 45.970733332979307 ], [ 7.587748906860535, 45.970731735052723 ], [ 7.587763858619631, 45.970703163941891 ], [ 7.587884303881697, 45.970719637090284 ], [ 7.587968308153388, 45.970651529903684 ], [ 7.588087472354186, 45.970666457749843 ], [ 7.58827157321752, 45.970613114663436 ], [ 7.588335305484356, 45.970571624905041 ], [ 7.588519140902624, 45.970548794591913 ], [ 7.588631952535422, 45.9705050797266 ], [ 7.588715490705801, 45.970521808803987 ], [ 7.589001240081974, 45.970476216301428 ], [ 7.589217708714225, 45.9705089488887 ], [ 7.589535592217744, 45.970599386423658 ], [ 7.590587481005959, 45.970711891187307 ], [ 7.590648858653495, 45.970762200550261 ], [ 7.590768066520017, 45.970806585383798 ], [ 7.590991346437822, 45.970786334228883 ], [ 7.591140418982627, 45.970737351380997 ], [ 7.591373091725297, 45.970736722205572 ], [ 7.591620980344593, 45.970672827036246 ], [ 7.591716747511405, 45.970717447414479 ], [ 7.591950725817644, 45.970746245837681 ], [ 7.592063910137816, 45.970739606995473 ], [ 7.592127535939025, 45.9706475234061 ], [ 7.592216745235966, 45.970689537792374 ], [ 7.592300690846434, 45.970773189281708 ], [ 7.59240443823776, 45.970722727981503 ], [ 7.592555433281534, 45.970692730252445 ], [ 7.59297148020937, 45.970757562965566 ], [ 7.593114678637165, 45.970748930296018 ], [ 7.593223910901772, 45.970786123215831 ], [ 7.593413439036619, 45.970801221470666 ], [ 7.593731092737199, 45.970751438587769 ], [ 7.594100385649211, 45.970732144986023 ], [ 7.594541344536047, 45.970741787257815 ], [ 7.594877486969204, 45.970720553937298 ], [ 7.594941946602574, 45.970741433981672 ], [ 7.59574408318339, 45.970573690327349 ], [ 7.595871372663442, 45.970573791732534 ], [ 7.59603517678921, 45.970539624863918 ], [ 7.596114644105802, 45.970553070634928 ], [ 7.596169304249086, 45.970521627916959 ], [ 7.597237348761958, 45.970402114049492 ], [ 7.597850447293466, 45.970446413355901 ], [ 7.598681138303316, 45.970329531401028 ], [ 7.598890832035143, 45.970247918388928 ], [ 7.599762056712859, 45.970075282101199 ], [ 7.600034440462602, 45.970076101310447 ], [ 7.600367694511763, 45.970008854286029 ], [ 7.60044840305901, 45.97003146322583 ], [ 7.600858041411382, 45.970017116126897 ], [ 7.601536216503185, 45.970111328242332 ], [ 7.602083835358856, 45.970134354439814 ], [ 7.602759007046403, 45.970119971408614 ], [ 7.603044565567314, 45.970151772417246 ], [ 7.603472420105931, 45.970326026658746 ], [ 7.604001228609622, 45.970406699129555 ], [ 7.604397973893786, 45.970270396940542 ], [ 7.604725947487307, 45.970074906512814 ], [ 7.605035579479906, 45.96994114027693 ], [ 7.605149726484381, 45.969938417091853 ], [ 7.605996215928135, 45.969974781979801 ], [ 7.606347929832312, 45.96992362376799 ], [ 7.606453664783387, 45.969937463487902 ], [ 7.606711928402048, 45.969923472037713 ], [ 7.607013623605588, 45.969840262353827 ], [ 7.607075080919489, 45.969784699192537 ], [ 7.607163221846121, 45.969765847061723 ], [ 7.607576546749649, 45.969568963397897 ], [ 7.60767221100651, 45.969560135918101 ], [ 7.607711234646659, 45.969521938995499 ], [ 7.608001954080865, 45.969471505921682 ], [ 7.608166969519729, 45.969419643029482 ], [ 7.6083508288689, 45.969412477909756 ], [ 7.608385889993396, 45.969428796172124 ], [ 7.608483384201601, 45.969397086832203 ], [ 7.608688891973568, 45.9694123643498 ], [ 7.608849584455133, 45.969389732125741 ], [ 7.609029111995643, 45.96940480711114 ], [ 7.609535271600787, 45.969344330354701 ], [ 7.610348089757779, 45.96934544031339 ], [ 7.610352795431705, 45.969355072342665 ], [ 7.610414310781195, 45.969481112718057 ], [ 7.610414607579961, 45.969481246238857 ], [ 7.610414911106871, 45.969481868227483 ], [ 7.610539349657452, 45.969537851119519 ], [ 7.610588875600911, 45.969616588255199 ], [ 7.610588972986139, 45.969616583196455 ], [ 7.610589459790861, 45.969617357619015 ], [ 7.610679218434784, 45.969612678308238 ], [ 7.610928734653257, 45.969737422743428 ], [ 7.610963705962643, 45.969805434082438 ], [ 7.611017921784836, 45.969910966700738 ], [ 7.611018169917672, 45.969911018954974 ], [ 7.611018524486927, 45.969911708898401 ], [ 7.61134184823659, 45.969979803358868 ], [ 7.611347708780021, 45.969989434109763 ], [ 7.611400110279524, 45.970075629154714 ], [ 7.611400331473979, 45.970075765957077 ], [ 7.611400697450389, 45.970076368024806 ], [ 7.611585144319348, 45.970190443259661 ], [ 7.611687468933388, 45.970222607378503 ], [ 7.611811831394146, 45.970317121885202 ], [ 7.612191231223544, 45.970352693006333 ], [ 7.612321502435115, 45.970427126687973 ], [ 7.612523251916233, 45.970455044590324 ], [ 7.61279268600858, 45.970534356918876 ], [ 7.613153896037521, 45.970536589387549 ], [ 7.613492303602773, 45.970573260050408 ], [ 7.61352363965889, 45.9706602954437 ], [ 7.613526659284878, 45.97066868350452 ], [ 7.613527258734258, 45.970669421349605 ], [ 7.613597792307406, 45.97070652017544 ], [ 7.613627861987119, 45.970757104830426 ], [ 7.613628447216087, 45.970757832068784 ], [ 7.613847809338974, 45.970815177710861 ], [ 7.614099462368789, 45.970921738062806 ], [ 7.614289153429254, 45.971065056369831 ], [ 7.614621956595164, 45.971169013436267 ], [ 7.61492984554795, 45.9713854357665 ], [ 7.615228366905233, 45.971456199427763 ], [ 7.615411799023924, 45.971394950410314 ], [ 7.615533194489043, 45.971418581410148 ], [ 7.615885907841534, 45.971400112455214 ], [ 7.615917977070846, 45.971371492692064 ], [ 7.615987632516807, 45.971380828666163 ], [ 7.616092074575307, 45.971352588200226 ], [ 7.616151569287598, 45.971388105028751 ], [ 7.616222753682713, 45.971360408083839 ], [ 7.616252184467008, 45.971405917223336 ], [ 7.616281655148335, 45.97145147772568 ], [ 7.616281751079513, 45.971451470051335 ], [ 7.616282226665612, 45.971452205360698 ], [ 7.616443378587513, 45.971439311739609 ], [ 7.616631017825411, 45.971378908866718 ], [ 7.616807101519951, 45.971399159444694 ], [ 7.616850411276099, 45.971359871568417 ], [ 7.61707678836177, 45.971278915211478 ], [ 7.617305943466766, 45.971349949841979 ], [ 7.617302456676219, 45.971361335541907 ], [ 7.617268322712869, 45.971472869846956 ], [ 7.617268971194791, 45.971473309675957 ], [ 7.617268888222453, 45.971473580854628 ], [ 7.61738548320413, 45.971552650868261 ], [ 7.617418825194685, 45.971640081766438 ], [ 7.617419238683951, 45.971640383914419 ], [ 7.61741939934373, 45.971640805305313 ], [ 7.617554220168931, 45.971739321104963 ], [ 7.617683408757254, 45.971783532892722 ], [ 7.617880070168088, 45.971725484641553 ], [ 7.618266080597594, 45.971969172664558 ], [ 7.618330533644933, 45.971985072902449 ], [ 7.618815453244247, 45.972333879331657 ], [ 7.618989636298365, 45.972355640569688 ], [ 7.619264504703457, 45.97232787514438 ], [ 7.619582279752104, 45.972377716875428 ], [ 7.619901239740591, 45.972286720415703 ], [ 7.620110475974181, 45.972324381675278 ], [ 7.620272745916403, 45.972250637707063 ], [ 7.620571681692611, 45.972175323044837 ], [ 7.62072766337371, 45.972038125065339 ], [ 7.621026580572478, 45.971942747149399 ], [ 7.621157603279868, 45.971943362428696 ], [ 7.621308310120445, 45.971880960376701 ], [ 7.621495936224725, 45.971852779470552 ], [ 7.621749528086887, 45.971775313969466 ], [ 7.622056296726893, 45.971752326698386 ], [ 7.622218884240042, 45.971697972386806 ], [ 7.62250219839642, 45.971651446477139 ], [ 7.622648507863686, 45.97159406052684 ], [ 7.622848023636055, 45.971572407591367 ], [ 7.623244822334583, 45.971486592397497 ], [ 7.623386189038468, 45.971513813988061 ], [ 7.623903769274598, 45.971506902074545 ], [ 7.624007272105138, 45.97152626926529 ], [ 7.624462299577752, 45.971501483243387 ], [ 7.62449045343978, 45.971525688493458 ], [ 7.624642415759879, 45.971481154016637 ], [ 7.62518839437543, 45.971403135284959 ], [ 7.625759308154159, 45.971211280832811 ], [ 7.626071990897535, 45.971141839890556 ], [ 7.626675720943534, 45.97093559724923 ], [ 7.626919064178872, 45.970969525458635 ], [ 7.627064760119787, 45.970923682831248 ], [ 7.627439052931147, 45.970873634707949 ], [ 7.627554172455518, 45.970917410212245 ], [ 7.62760837320984, 45.970917391759272 ], [ 7.627728429348585, 45.970918840527524 ], [ 7.628147566194025, 45.970917208187771 ], [ 7.628337286084837, 45.970917143596488 ], [ 7.628828421405535, 45.970957665983647 ], [ 7.629030780749448, 45.970968991343156 ], [ 7.629282419363783, 45.97097239866153 ], [ 7.629697951677113, 45.970946969054097 ], [ 7.630062431049959, 45.9708978768805 ], [ 7.630412959942215, 45.970814641093739 ], [ 7.630583246551281, 45.970766333856218 ], [ 7.630622181748008, 45.970744507840145 ], [ 7.630937662389859, 45.970662508510685 ], [ 7.631105541274334, 45.970593766726154 ], [ 7.631252524578543, 45.970570163712338 ], [ 7.631405706643861, 45.970504244825982 ], [ 7.63159458339633, 45.970493710410139 ], [ 7.631687428842429, 45.970457478387338 ], [ 7.631790305476147, 45.970463544619328 ], [ 7.632300079501826, 45.970299965211282 ], [ 7.632362756173161, 45.970397691296704 ], [ 7.632363294585637, 45.970398350303554 ], [ 7.632501816142562, 45.970474212767719 ], [ 7.632716468265151, 45.970481750378958 ], [ 7.633298816578334, 45.970479803087549 ], [ 7.633923440601228, 45.970445154361464 ], [ 7.634467319128592, 45.97037050497169 ], [ 7.634843179939308, 45.97032478584525 ], [ 7.635091786099452, 45.970317706410448 ], [ 7.635178072114109, 45.970272750914575 ], [ 7.635288496507942, 45.970315007867129 ], [ 7.635467370556676, 45.970313850684178 ], [ 7.636138299635495, 45.970234206951339 ], [ 7.636684108205494, 45.970159257040713 ], [ 7.637094652087124, 45.970055333302533 ], [ 7.63722589789788, 45.97003296522324 ], [ 7.637468741713089, 45.970045275898912 ], [ 7.638093406152417, 45.970119423090011 ], [ 7.638273624400923, 45.970154376956408 ], [ 7.638370846376524, 45.970155865154751 ], [ 7.638392280993547, 45.970229112718499 ], [ 7.638392814870587, 45.970229781568257 ], [ 7.63847880069442, 45.970194641044152 ], [ 7.638550719225368, 45.970219035241456 ], [ 7.638922482406482, 45.970140368794723 ], [ 7.639538545311813, 45.970112182471986 ], [ 7.639623318325988, 45.970137885042277 ], [ 7.639760688005608, 45.970234207993919 ], [ 7.640182897820013, 45.970286535445496 ], [ 7.640197410449435, 45.970328840503505 ], [ 7.640197785429611, 45.970328993855034 ], [ 7.640197966287499, 45.970329520486139 ], [ 7.640307140251907, 45.970374186733039 ], [ 7.640455775585381, 45.970481400644807 ], [ 7.640861765316102, 45.9705392209883 ], [ 7.640931867355977, 45.97059872688795 ], [ 7.641086931753949, 45.970595829568339 ], [ 7.641098641693212, 45.970637418108055 ], [ 7.641099204882638, 45.97063811616723 ], [ 7.641274687726744, 45.97069604032491 ], [ 7.641484533736099, 45.970697050618128 ], [ 7.641740691751702, 45.970729200178383 ], [ 7.641841778293433, 45.97080852085513 ], [ 7.641893677902027, 45.970791058006313 ], [ 7.641945606293101, 45.970816322930006 ], [ 7.642061924643021, 45.970790108074034 ], [ 7.642255907676772, 45.970903642372633 ], [ 7.64247644292166, 45.97095192816348 ], [ 7.643011057584014, 45.971124602531894 ], [ 7.643365754355589, 45.971191606484517 ], [ 7.64369015677525, 45.971302373090445 ], [ 7.643737168236797, 45.971353047993972 ], [ 7.643779817469631, 45.971517514811993 ], [ 7.643780253840109, 45.971517709007308 ], [ 7.643780386287177, 45.971518219662691 ], [ 7.644114190327693, 45.971666760132692 ], [ 7.644305875619634, 45.971620226937226 ], [ 7.644861708546378, 45.97167471232752 ], [ 7.644936481893778, 45.97171240221229 ], [ 7.645105568849246, 45.971909439082673 ], [ 7.645700742564203, 45.972332362381543 ], [ 7.64574662377274, 45.972431999372944 ], [ 7.645746916227516, 45.972432105727123 ], [ 7.645747190373444, 45.972432701276169 ], [ 7.646040009834342, 45.972539177705684 ], [ 7.646134877038782, 45.972639233121363 ], [ 7.646988290338818, 45.972876944216829 ], [ 7.647199110358368, 45.972910626032935 ], [ 7.647198154446592, 45.972893401148852 ], [ 7.647633913162351, 45.973007013796568 ], [ 7.647815384232737, 45.973092396538348 ], [ 7.647974009383449, 45.973134184458416 ], [ 7.648082992457715, 45.973205277119803 ], [ 7.648176939276624, 45.9733649218728 ], [ 7.648177201243019, 45.973365092986803 ], [ 7.648177534837762, 45.973365659785429 ], [ 7.648445795397768, 45.973540898429903 ], [ 7.648489714966257, 45.97361768865737 ], [ 7.648490300299928, 45.97361842991657 ], [ 7.648545304557643, 45.973570491982628 ], [ 7.648644457367003, 45.973561978399729 ], [ 7.64873751450101, 45.973602420170458 ], [ 7.648936970282918, 45.973801183354361 ], [ 7.649054226353862, 45.973779888816566 ], [ 7.649164022963794, 45.973821971551168 ], [ 7.649304510954098, 45.973903686912251 ], [ 7.649359981765557, 45.973902199040737 ], [ 7.649544596992404, 45.974034587707521 ], [ 7.649632315898239, 45.974007961221545 ], [ 7.649933651519383, 45.974087459683226 ], [ 7.650080693150512, 45.974081555104256 ], [ 7.650314750676658, 45.974158415581527 ], [ 7.65050012903684, 45.974174073500464 ], [ 7.650758522756552, 45.974234965841319 ], [ 7.65090794654877, 45.974210984459468 ], [ 7.65099779175045, 45.974234033858551 ], [ 7.651062208061918, 45.974210578453288 ], [ 7.651127462166596, 45.97422328462833 ], [ 7.651239828733151, 45.974191904659037 ], [ 7.651551226389183, 45.974207117983823 ], [ 7.651598951740156, 45.974270271244826 ], [ 7.651599586005402, 45.974271066154387 ], [ 7.652112286086515, 45.974169463520525 ], [ 7.652110841825325, 45.974120259307071 ], [ 7.652264282530727, 45.974160362598063 ], [ 7.652274855924784, 45.974145733447507 ], [ 7.652433282712111, 45.974167762871296 ], [ 7.652568360803452, 45.974117898589988 ], [ 7.652670773203464, 45.974117841114037 ], [ 7.6530498000367, 45.974221958494738 ], [ 7.653188222969147, 45.974239156795484 ], [ 7.653311064319147, 45.974217399283106 ], [ 7.653705984239624, 45.974281041159223 ], [ 7.653876396342216, 45.974438325093772 ], [ 7.654011405099105, 45.974505013502196 ], [ 7.65403451094161, 45.974549934644081 ], [ 7.65403487085748, 45.974550148454348 ], [ 7.654035178155544, 45.974550745345361 ], [ 7.654249555131963, 45.974678104425138 ], [ 7.654290294631029, 45.974789300927995 ], [ 7.654290950312353, 45.97479010439563 ], [ 7.654522010462371, 45.975063701020943 ], [ 7.654543042010416, 45.975138497817511 ], [ 7.654543672809878, 45.975139302475398 ], [ 7.654604302867003, 45.975166865537332 ], [ 7.654655623954823, 45.975228648451818 ], [ 7.654691672797733, 45.975329609587838 ], [ 7.654692071873933, 45.975329686266086 ], [ 7.654692327974031, 45.975330403455281 ], [ 7.654838937859762, 45.97535859368881 ], [ 7.654911547526374, 45.975441345575469 ], [ 7.654981423056516, 45.97561547875457 ], [ 7.654990180753661, 45.975732663619596 ], [ 7.654990836020729, 45.975733466538635 ], [ 7.655030350425401, 45.975738236028185 ], [ 7.655009894899242, 45.975817821700119 ], [ 7.655010536698668, 45.975818623939404 ], [ 7.655036690046964, 45.975844994265977 ], [ 7.655158265404635, 45.975865723205217 ], [ 7.655166812823993, 45.975901169548258 ], [ 7.65516745458513, 45.975901971724483 ], [ 7.655290197550551, 45.97590357339665 ], [ 7.655573991357593, 45.976024893906455 ], [ 7.655723004896489, 45.976115085889532 ], [ 7.655883672928032, 45.976069154732137 ], [ 7.656089542194414, 45.976226506514067 ], [ 7.656269529324269, 45.976282663086081 ], [ 7.656409091925604, 45.976263460355149 ], [ 7.656538340968547, 45.976285430811586 ], [ 7.65699816093286, 45.97656337221504 ], [ 7.657228700596287, 45.976528765237823 ], [ 7.657442145075832, 45.976636696396525 ], [ 7.657591876662356, 45.976611767811818 ], [ 7.657791771418935, 45.976614759732904 ], [ 7.657801225995047, 45.976671044691997 ], [ 7.657801901745684, 45.976671880092944 ], [ 7.657918843682135, 45.976609944869779 ], [ 7.65829367084652, 45.976483640935122 ], [ 7.658522985886899, 45.976421288256446 ], [ 7.658595287923353, 45.97642116545682 ], [ 7.658738226292445, 45.976433516268571 ], [ 7.658976616450309, 45.976366340560951 ], [ 7.659309000269403, 45.976351979187768 ], [ 7.663010896378324, 45.975854976662781 ], [ 7.66322298803481, 45.975864824185351 ], [ 7.663496691877043, 45.975797779462717 ], [ 7.663762490569244, 45.975788106337092 ], [ 7.66403062962616, 45.975738964375616 ], [ 7.664274256199877, 45.975658657165077 ], [ 7.664370088854217, 45.975533085443026 ], [ 7.664572948158934, 45.975031158391346 ], [ 7.664726553258369, 45.97512178488897 ], [ 7.664800822789073, 45.975079995284467 ], [ 7.66488495069389, 45.97500110634666 ], [ 7.664984565793197, 45.974808149255693 ], [ 7.665176069056662, 45.974753699763916 ], [ 7.665315818507917, 45.974591839823148 ], [ 7.665488587971031, 45.974312819588619 ], [ 7.66572357742016, 45.974183061392687 ], [ 7.665835967651184, 45.974134861374878 ], [ 7.6659809306333, 45.97417665589635 ], [ 7.66609579334779, 45.974118213065815 ], [ 7.66638877062166, 45.974026042093456 ], [ 7.666683821162517, 45.973982497441767 ], [ 7.66683248133366, 45.974007282579961 ], [ 7.668270010510266, 45.973817723523752 ], [ 7.668315262229887, 45.973711646011687 ], [ 7.668283719063036, 45.973570398347441 ], [ 7.66836370700176, 45.973398195636442 ], [ 7.668412192200629, 45.973174359339794 ], [ 7.66849972547496, 45.973100229067008 ], [ 7.668607153318203, 45.972817362123727 ], [ 7.668826262316513, 45.972604442599419 ], [ 7.668886240266793, 45.972463432494493 ], [ 7.668860457440536, 45.972372774473136 ], [ 7.669095897952097, 45.972111191261263 ], [ 7.66931771515785, 45.971690246678456 ], [ 7.669437070781297, 45.971606866090909 ], [ 7.669617215009443, 45.97141956153628 ], [ 7.669743374872962, 45.971383698640381 ], [ 7.669934142502532, 45.971069653258695 ], [ 7.67024030199938, 45.970815974839354 ], [ 7.670361763799256, 45.97059347522638 ], [ 7.670444311996757, 45.970085854715286 ], [ 7.670558089756597, 45.969889555840794 ], [ 7.670716922975673, 45.969817211467763 ], [ 7.670805321283326, 45.969739155631032 ], [ 7.671120034118124, 45.969634359394739 ], [ 7.671207617249586, 45.96963807376796 ], [ 7.672164624866938, 45.969344839905084 ], [ 7.672362805527312, 45.969373682633027 ], [ 7.672492000039966, 45.969337278378283 ], [ 7.672665831498638, 45.969328980176222 ], [ 7.673423495881416, 45.968701298752343 ], [ 7.673541029641588, 45.968505627797249 ], [ 7.673580210377711, 45.968217259365943 ], [ 7.673792802020241, 45.967834923247636 ], [ 7.673747052276502, 45.96769176660839 ], [ 7.673832216683701, 45.96752604607002 ], [ 7.673830481475139, 45.967367963830256 ], [ 7.673829973144195, 45.967367412272836 ], [ 7.673829972310828, 45.967367336909959 ], [ 7.673770688495789, 45.96730300674141 ], [ 7.673725235583917, 45.967148848004094 ], [ 7.673692794499364, 45.96685695142034 ], [ 7.67389309608173, 45.966642109951792 ], [ 7.674149630283311, 45.966419495077297 ], [ 7.67428366434073, 45.966210916729729 ], [ 7.674757455422021, 45.965785622754446 ], [ 7.674977915842513, 45.965730783860288 ], [ 7.675202453600622, 45.965610502972972 ], [ 7.675450254150394, 45.965515477534403 ], [ 7.675670892854307, 45.965367750951408 ], [ 7.676068208423172, 45.965219345449093 ], [ 7.676350258409655, 45.965155190750906 ], [ 7.677053121373929, 45.965079074706658 ], [ 7.67710270742179, 45.964933524659671 ], [ 7.677323884150768, 45.964705970611895 ], [ 7.677270464747651, 45.964351540144179 ], [ 7.677269942860996, 45.964350906837311 ], [ 7.677076447589701, 45.964193094923772 ], [ 7.67711182741515, 45.96396772480859 ], [ 7.677340540499485, 45.963749080217141 ], [ 7.677442880022914, 45.963398405079829 ], [ 7.677544228794544, 45.963345612091544 ], [ 7.677479092119576, 45.963204250037577 ], [ 7.677602723163383, 45.96304344587643 ], [ 7.677678844587673, 45.962888013106948 ], [ 7.677674650756836, 45.962742789060165 ], [ 7.677748966156939, 45.962661267680907 ], [ 7.677774093803111, 45.962563740188656 ], [ 7.677773589406121, 45.962563112709113 ], [ 7.677699882911521, 45.962484015079838 ], [ 7.677709807682785, 45.962341681117493 ], [ 7.677639507527553, 45.962047492248438 ], [ 7.677705818338143, 45.961928702963377 ], [ 7.677927000241071, 45.961711833160408 ], [ 7.678002996901356, 45.961593032397573 ], [ 7.678089911990599, 45.961529142659103 ], [ 7.678079681972284, 45.961422316758998 ], [ 7.677855874474522, 45.960947283226822 ], [ 7.677894437019387, 45.960786705045713 ], [ 7.678047144481048, 45.960444627644613 ], [ 7.678197016360647, 45.960345908774606 ], [ 7.67834790360113, 45.960074917542322 ], [ 7.678255316548255, 45.959943665146398 ], [ 7.678139501362455, 45.959617307139375 ], [ 7.678326075917334, 45.959171999582033 ], [ 7.67832154390753, 45.958837073583837 ], [ 7.678633556144523, 45.958592741176169 ], [ 7.679025234013199, 45.958333342872258 ], [ 7.679436079583482, 45.95809266775349 ], [ 7.679746198235753, 45.957979815417346 ], [ 7.679705273865863, 45.957791504227195 ], [ 7.680237713113551, 45.95754550280369 ], [ 7.680775456145314, 45.957239740451641 ], [ 7.681015578382946, 45.956999265532403 ], [ 7.681133037028324, 45.956932412212197 ], [ 7.681414133267666, 45.956820994316878 ], [ 7.681642251773175, 45.956760557844255 ], [ 7.681886788582596, 45.956843451307158 ], [ 7.682199425755454, 45.956661456932416 ], [ 7.682368273705749, 45.956666480643847 ], [ 7.682475377532908, 45.956775281005378 ], [ 7.682741307181257, 45.956673812767647 ], [ 7.683186416832396, 45.956650225395961 ], [ 7.683335961362705, 45.956673603340697 ], [ 7.683529657645247, 45.956585010029514 ], [ 7.683574858041472, 45.956618698583057 ], [ 7.683816798292867, 45.956546775009421 ], [ 7.683877327724173, 45.956584999252264 ], [ 7.68404379777372, 45.95655186476624 ], [ 7.684369178569347, 45.956300479629327 ], [ 7.684596387269326, 45.956165132652501 ], [ 7.684599988943674, 45.956137211371569 ], [ 7.684820958443122, 45.955968387123519 ], [ 7.68499422249919, 45.955918233378988 ], [ 7.685235199146386, 45.955788089639476 ], [ 7.685699799830663, 45.955615707774491 ], [ 7.686759601167678, 45.955130632613262 ], [ 7.687026454216012, 45.95504294213783 ], [ 7.687789601597204, 45.954986007770039 ], [ 7.688162559592244, 45.95498176379369 ], [ 7.688767201453429, 45.954924588977839 ], [ 7.689674804206299, 45.95475171516874 ], [ 7.689937266495572, 45.954601879954282 ], [ 7.690218135486678, 45.954571272951348 ], [ 7.690337818046894, 45.954500976762446 ], [ 7.690497795758598, 45.954541549293317 ], [ 7.690642595987715, 45.954489924813004 ], [ 7.690881081964748, 45.954596364799933 ], [ 7.691056568790851, 45.954613350394467 ], [ 7.691169439362279, 45.954674107047445 ], [ 7.691543428288688, 45.954689470382661 ], [ 7.691551012594865, 45.954588929443169 ], [ 7.691780636089815, 45.954674680644573 ], [ 7.692024886447093, 45.954701740881731 ], [ 7.692177064093388, 45.954661522466523 ], [ 7.692370416724263, 45.954673375697809 ], [ 7.692958202712322, 45.954798573054774 ], [ 7.693209819313581, 45.954695466493369 ], [ 7.693871344464047, 45.954707880520225 ], [ 7.694015862294227, 45.954601766593157 ], [ 7.694382944852009, 45.95459132480056 ], [ 7.69485387032484, 45.954718107826132 ], [ 7.695188711502196, 45.954662799798236 ], [ 7.69558161057308, 45.954821871767187 ], [ 7.695798632267226, 45.954811906532569 ], [ 7.696053707125134, 45.954946652704102 ], [ 7.69660366863253, 45.954913713376051 ], [ 7.696900874312312, 45.954745406162779 ], [ 7.697210733275863, 45.954673947965318 ], [ 7.697554849778204, 45.954803151280018 ], [ 7.697994122717116, 45.954648367844335 ], [ 7.698821999222351, 45.954499073322133 ], [ 7.699333738514567, 45.95419635713246 ], [ 7.699506216089342, 45.954141311783175 ], [ 7.699678304410654, 45.954064308308027 ], [ 7.699721768414917, 45.953994375607842 ], [ 7.699720997831075, 45.953994133614636 ], [ 7.699721256837894, 45.953993716954528 ], [ 7.699408783858503, 45.953895601729037 ], [ 7.699769791077207, 45.9537414294375 ], [ 7.699699745509333, 45.953391235277394 ], [ 7.700181286009694, 45.95275280636627 ], [ 7.700620939517195, 45.952475981283015 ], [ 7.701322693607207, 45.952298729111334 ], [ 7.701730750390518, 45.952006990028643 ], [ 7.702705471362457, 45.951704585659151 ], [ 7.702903174521519, 45.951510279628806 ], [ 7.702935466889092, 45.951341647901401 ], [ 7.703411176316457, 45.950986443123753 ], [ 7.703734004554725, 45.950872002735302 ], [ 7.704054659151673, 45.950560825807713 ], [ 7.704231620788015, 45.950634810833158 ], [ 7.704595628753468, 45.95057800182969 ], [ 7.704798039727035, 45.950497734594379 ], [ 7.705163811022786, 45.950151113819018 ], [ 7.705455443058871, 45.949970214782155 ], [ 7.705659823579456, 45.949804256235517 ], [ 7.70572636434349, 45.949681906346733 ], [ 7.705708054000661, 45.949611242159584 ], [ 7.706182903627366, 45.949492891797576 ], [ 7.707458473608081, 45.949260014603425 ], [ 7.707684419419575, 45.949344269475048 ], [ 7.708390934750907, 45.949299786975836 ], [ 7.708569875847113, 45.948996936394508 ], [ 7.70876202510165, 45.948927865779439 ], [ 7.709198315292923, 45.948692556900667 ], [ 7.709705939772038, 45.948170094655183 ], [ 7.70987916741747, 45.948095447815625 ], [ 7.709947835706553, 45.948012236353847 ], [ 7.709910185416894, 45.947901061202003 ], [ 7.709909700121632, 45.947900543556166 ], [ 7.709909656308219, 45.947900414214374 ], [ 7.709801819464621, 45.947785380089535 ], [ 7.709897139886196, 45.947649808776909 ], [ 7.70985590735698, 45.94757299585828 ], [ 7.709928282589847, 45.947410685131672 ], [ 7.709905142389786, 45.947203601335936 ], [ 7.709797788469984, 45.947059608713992 ], [ 7.709559528542885, 45.946610680103717 ], [ 7.7096221496969, 45.946517283410465 ], [ 7.709689542710642, 45.946249112364875 ], [ 7.709562235268825, 45.945912809802422 ], [ 7.709577836996861, 45.945802929116731 ], [ 7.709577326459946, 45.945802311570581 ], [ 7.709577328083572, 45.945802300135611 ], [ 7.709230460522477, 45.945382742060637 ], [ 7.709173182209174, 45.945313460347492 ], [ 7.70885350342128, 45.945221004822493 ], [ 7.708656398919764, 45.94485864823983 ], [ 7.708564680429962, 45.944405406955596 ], [ 7.708680629857477, 45.944123246979757 ], [ 7.708651609210773, 45.943964331168942 ], [ 7.708576661866225, 45.943872786750809 ], [ 7.709151937380727, 45.941640969819048 ], [ 7.707429117648083, 45.935539288774812 ], [ 7.707385365230492, 45.935213400644081 ], [ 7.707370149982135, 45.934962672236416 ], [ 7.707351230597719, 45.934936137312697 ], [ 7.707321567020235, 45.934894004183136 ], [ 7.707545230183167, 45.9344771920806 ], [ 7.707831675148187, 45.934058374754784 ], [ 7.707941953408515, 45.934024431572048 ], [ 7.707999219551096, 45.933987683251083 ], [ 7.708176815800452, 45.933792858006193 ], [ 7.708190417096869, 45.933777173463675 ], [ 7.708190843029052, 45.933743169647599 ], [ 7.708252667602316, 45.933700167599568 ], [ 7.708252141188762, 45.933699517490389 ], [ 7.708223670037271, 45.933671770680654 ], [ 7.708257370990571, 45.933639401106959 ], [ 7.708283376185586, 45.933621509901613 ], [ 7.70835339938473, 45.933476129249613 ], [ 7.708436442627206, 45.933488751495382 ], [ 7.708600851257308, 45.933764484446037 ], [ 7.708601377053485, 45.933765124818834 ], [ 7.709129779716989, 45.933865020094842 ], [ 7.709291251743456, 45.933867771796564 ], [ 7.709658486229393, 45.933764935296786 ], [ 7.710931831708744, 45.93324994780447 ], [ 7.711274002093045, 45.93290911295351 ], [ 7.711566431454536, 45.932189582679158 ], [ 7.711842020096394, 45.931538061557575 ], [ 7.712457385971087, 45.930640338358302 ], [ 7.712773287948406, 45.929788680481671 ], [ 7.71284123020028, 45.929048290058105 ], [ 7.712714235593009, 45.928490674358855 ], [ 7.712657727562846, 45.928289588208656 ], [ 7.712673623534707, 45.928227922411402 ], [ 7.713093757789408, 45.927988506162762 ], [ 7.713475138564331, 45.927908670465435 ], [ 7.716218959586369, 45.927771089146461 ], [ 7.716333307060016, 45.927734565155397 ], [ 7.716541864419852, 45.927416496587547 ], [ 7.716705050459996, 45.927051097757939 ], [ 7.716940197782415, 45.926474111088432 ], [ 7.717313399570081, 45.925725851815322 ], [ 7.717773065294077, 45.925199986023088 ], [ 7.718374571525448, 45.924562295455779 ], [ 7.718902472908337, 45.924209093379091 ], [ 7.720480378447319, 45.923790248218658 ], [ 7.72123463240185, 45.923631274600758 ], [ 7.722327572357627, 45.92349319619025 ], [ 7.723870465498762, 45.923587843902453 ], [ 7.725959084433487, 45.923673262811462 ], [ 7.728580670872309, 45.923801471539129 ], [ 7.728846778786441, 45.923808374452442 ], [ 7.734158939338501, 45.923960359450263 ], [ 7.734461467747675, 45.924030261620246 ], [ 7.734740608901755, 45.924068929460596 ], [ 7.734933287154218, 45.923995471301176 ], [ 7.734976854517456, 45.92398376063241 ], [ 7.735080362592805, 45.923986722078034 ], [ 7.735097071713319, 45.923989880485202 ], [ 7.73508465303378, 45.924003091441328 ], [ 7.735017010387375, 45.924044054593921 ], [ 7.734874634428714, 45.924187869884449 ], [ 7.734725745352008, 45.924780258511291 ], [ 7.736149845650095, 45.927523195415667 ], [ 7.736150339247324, 45.927523726307108 ], [ 7.736150434912669, 45.927523910567167 ], [ 7.736871239907457, 45.928299180358962 ], [ 7.738693176577738, 45.929716640814299 ], [ 7.740340227045431, 45.930745116507332 ], [ 7.742059446290306, 45.931578596344558 ], [ 7.743551400137181, 45.93262557733852 ], [ 7.74582849034273, 45.934877840519299 ], [ 7.747229390024805, 45.93738826269837 ], [ 7.747768801107625, 45.939212246559499 ], [ 7.747847223371956, 45.940169389087302 ], [ 7.747750926692797, 45.941007623543953 ], [ 7.747751577948128, 45.941008416256672 ], [ 7.748074106017066, 45.940865690207026 ], [ 7.748896566620855, 45.940433658903949 ], [ 7.750059689109706, 45.940054877646517 ], [ 7.750667394701517, 45.939994022354263 ], [ 7.751629158678621, 45.939964023321579 ], [ 7.752065766156545, 45.940054309264696 ], [ 7.753167304103679, 45.940062724397201 ], [ 7.753366313896296, 45.940046903927026 ], [ 7.753990950105805, 45.9396900753 ], [ 7.754355680873402, 45.939533856556132 ], [ 7.754907274336361, 45.939442664246684 ], [ 7.755164760423624, 45.939350062064037 ], [ 7.755685459921657, 45.939141521639648 ], [ 7.756107844940003, 45.93905972420675 ], [ 7.756541835692089, 45.938920439886452 ], [ 7.757083104589244, 45.938713915969117 ], [ 7.757769170729144, 45.938724971348975 ], [ 7.758225167061586, 45.938755133088698 ], [ 7.758686458724085, 45.938779954020056 ], [ 7.759127881927079, 45.938768530026486 ], [ 7.759502838001395, 45.938731217111609 ], [ 7.759699695654003, 45.938697334345818 ], [ 7.759866020134955, 45.938643343072194 ], [ 7.760028753986268, 45.93863431361742 ], [ 7.760525657821916, 45.938681111167718 ], [ 7.760647173734696, 45.938669816855878 ], [ 7.760764352055506, 45.938622489890271 ], [ 7.760989255074031, 45.938486317503489 ], [ 7.761489368732922, 45.938389143074787 ], [ 7.761741253494087, 45.938316256468482 ], [ 7.761911003907863, 45.938224502082129 ], [ 7.762386691110015, 45.938181045164747 ], [ 7.76267643517225, 45.93814637860109 ], [ 7.763935755638813, 45.937902599427737 ], [ 7.764485799227055, 45.937764550154647 ], [ 7.764711799813552, 45.937694975948567 ], [ 7.764811522770709, 45.937735652166666 ], [ 7.765068742135695, 45.9377708391035 ], [ 7.765345415679348, 45.937743233058519 ], [ 7.765553403080891, 45.937671665330711 ], [ 7.765748701599332, 45.937590969046319 ], [ 7.766047107566684, 45.937630202637479 ], [ 7.766537131895125, 45.937637289563909 ], [ 7.766747360511517, 45.937581957086415 ], [ 7.76702670354292, 45.937550765616528 ], [ 7.767365832317496, 45.937498626834383 ], [ 7.767951996322805, 45.93735839258941 ], [ 7.768031786930522, 45.937339429751184 ], [ 7.768093889614422, 45.937324445949159 ], [ 7.768553780070762, 45.937214421467395 ], [ 7.768976791485207, 45.937218972981384 ], [ 7.769267993322791, 45.93711770852466 ], [ 7.769364670309831, 45.936945942888855 ], [ 7.769491888617716, 45.936560292868471 ], [ 7.769689119001042, 45.936391399893495 ], [ 7.770041953215205, 45.936218714448756 ], [ 7.770088189034738, 45.93614637448114 ], [ 7.770190388592452, 45.936120752578482 ], [ 7.770147626674446, 45.936009993445367 ], [ 7.770304140669321, 45.93595007370439 ], [ 7.770290760513392, 45.935877889089021 ], [ 7.770420130657921, 45.935828032604832 ], [ 7.770529376656956, 45.935704003285501 ], [ 7.770549992803277, 45.935625465574134 ], [ 7.770635012317514, 45.935509783334588 ], [ 7.770763494928668, 45.935290506019264 ], [ 7.770813681099364, 45.934887810073207 ], [ 7.770899506698983, 45.934739337887777 ], [ 7.771254303922316, 45.934561342658846 ], [ 7.77131189952551, 45.934493709741751 ], [ 7.771370149482836, 45.934426825866758 ], [ 7.771571059710858, 45.934189385134339 ], [ 7.771770777742097, 45.933954861797481 ], [ 7.771995841988203, 45.933809668187742 ], [ 7.772333205271755, 45.933719685896847 ], [ 7.772417018750206, 45.933662982139857 ], [ 7.772806011766527, 45.933337751304329 ], [ 7.773159445017, 45.933103934018511 ], [ 7.773633943732267, 45.932878600543383 ], [ 7.774214839240665, 45.932740813847765 ], [ 7.774501768907663, 45.932715106306119 ], [ 7.774941852552994, 45.932763037109524 ], [ 7.775168109947975, 45.932797857957475 ], [ 7.775227914982636, 45.932776899830088 ], [ 7.775394823839718, 45.932460056235726 ], [ 7.775688835997163, 45.931995200748425 ], [ 7.77585385804359, 45.931881749661059 ], [ 7.776154651456989, 45.931341336350116 ], [ 7.776560583463419, 45.931066676268912 ], [ 7.776954646141115, 45.930860286501002 ], [ 7.7776907804705, 45.930583747000838 ], [ 7.779125205895663, 45.929990645291625 ], [ 7.780468171530525, 45.929567560820047 ], [ 7.781053148576954, 45.929416040264705 ], [ 7.781928306917538, 45.929091990708798 ], [ 7.782449061710837, 45.928834176473508 ], [ 7.784810071331203, 45.927841145817098 ], [ 7.786198042627987, 45.927582170267989 ], [ 7.787867109039055, 45.926422894791415 ], [ 7.789118139742113, 45.925587653255405 ], [ 7.790813174400331, 45.924948713406536 ], [ 7.791740317761882, 45.924189250666004 ], [ 7.791707883190382, 45.92331593458352 ], [ 7.792324478629252, 45.922446601813128 ], [ 7.793229188659899, 45.921823463207609 ], [ 7.793188533455044, 45.920815458601894 ], [ 7.793983830219607, 45.920000717636398 ], [ 7.796203558001886, 45.918935234842806 ], [ 7.797007523450225, 45.918549730098277 ], [ 7.797581319777325, 45.918273900837299 ], [ 7.799117245344891, 45.917536647252625 ], [ 7.799517828006095, 45.917126608006598 ], [ 7.800356724635501, 45.917221214136305 ], [ 7.801472328782617, 45.917451877484645 ], [ 7.802063969603907, 45.917731805168373 ], [ 7.803803876501592, 45.918461670886089 ], [ 7.805389907793371, 45.919167434693776 ], [ 7.807365560149035, 45.921104059873102 ], [ 7.808684883449955, 45.922294779920044 ], [ 7.809901591235651, 45.923046484780954 ], [ 7.81179699669859, 45.923504128752924 ], [ 7.81314447878897, 45.923381285150391 ], [ 7.81419173812228, 45.923554286368478 ], [ 7.814865758146686, 45.924187196749443 ], [ 7.817100687341103, 45.925310925239415 ], [ 7.819166171139925, 45.926563986344384 ], [ 7.820390647901104, 45.926959840292653 ], [ 7.821765492808744, 45.926960714523879 ], [ 7.822668343832077, 45.926707639399297 ], [ 7.824059004812089, 45.926311389507482 ], [ 7.825145085924557, 45.926185703745624 ], [ 7.826596254645461, 45.926109710103084 ], [ 7.827875565075709, 45.92571063942998 ], [ 7.828966744370061, 45.925340172662423 ], [ 7.830209893056573, 45.925170177417655 ], [ 7.831447050681763, 45.924963865410923 ], [ 7.8328394126435, 45.924463821391697 ], [ 7.833330986224032, 45.923873449384544 ], [ 7.833878193940889, 45.923045372201045 ], [ 7.835633618294474, 45.922355041337546 ], [ 7.836720594218384, 45.921724725274125 ], [ 7.840670848760265, 45.922039808061712 ], [ 7.842923762803554, 45.921962645526932 ], [ 7.847519015569693, 45.920784269018952 ], [ 7.850729325370488, 45.92059161898019 ], [ 7.852942927188212, 45.920763839829277 ], [ 7.855936302667494, 45.921168793994795 ], [ 7.858500718262757, 45.920869496405807 ], [ 7.859671497175366, 45.920331282331396 ], [ 7.860375559687292, 45.919263463847123 ], [ 7.860949840706423, 45.917869391924583 ], [ 7.864076506051219, 45.916750662479458 ], [ 7.865217228810736, 45.917661581204364 ], [ 7.86633768470648, 45.919571930465267 ], [ 7.866338347934656, 45.919572743684739 ], [ 7.870400555037021, 45.91941462464262 ], [ 7.872132388445432, 45.91978167203991 ], [ 7.873072876187525, 45.920465473430092 ], [ 7.873716753859844, 45.922346148594954 ], [ 7.875004643624937, 45.924433514364317 ], [ 7.876902550555653, 45.926954612672048 ], [ 7.877051811527523, 45.927195110768949 ], [ 7.874105822813453, 45.930220333701385 ], [ 7.874037276517946, 45.931166079739803 ], [ 7.872657371204477, 45.931819641625829 ], [ 7.871436813658459, 45.932130340270142 ], [ 7.871334684892288, 45.932432333924893 ], [ 7.871355423651539, 45.932869498466133 ], [ 7.871300433776335, 45.933291733689373 ], [ 7.87117735565238, 45.933741154042437 ], [ 7.871187219526822, 45.933800279085546 ], [ 7.871223145414256, 45.93402865648514 ], [ 7.871229135718655, 45.934070226420609 ], [ 7.871176162119947, 45.934222175056419 ], [ 7.871022402237451, 45.934546369829114 ], [ 7.870915167507112, 45.934775582184976 ], [ 7.870950892500118, 45.934865552959621 ], [ 7.870857998525968, 45.93498917497098 ], [ 7.870277856882134, 45.935242914795566 ], [ 7.870173554077892, 45.935399683423746 ], [ 7.870067687522303, 45.935454493930798 ], [ 7.870008632709848, 45.935538729196331 ], [ 7.869657017570724, 45.935653572029416 ], [ 7.869608308977288, 45.935719056831793 ], [ 7.86850168707762, 45.936541670975615 ], [ 7.868408131087141, 45.936713473395173 ], [ 7.868409310655734, 45.936713506383299 ], [ 7.868408851476043, 45.936714349651098 ], [ 7.868653955480225, 45.936721192874181 ], [ 7.868761330428558, 45.936789148168508 ], [ 7.869036592281779, 45.936878474541309 ], [ 7.869086602211194, 45.937190144082159 ], [ 7.868864069995065, 45.937206331924919 ], [ 7.868586322360871, 45.937398997068662 ], [ 7.868588814864014, 45.937593479334467 ], [ 7.868724673415579, 45.937773311335498 ], [ 7.86872539160503, 45.937774160491877 ], [ 7.868906619668163, 45.937944877468993 ], [ 7.868986284903918, 45.938157589210562 ], [ 7.869003236711057, 45.93840028610763 ], [ 7.869058784339326, 45.938793204348286 ], [ 7.869152476454679, 45.939306624476885 ], [ 7.869180728285812, 45.939521967826018 ], [ 7.869222716754062, 45.9397297294081 ], [ 7.869215458375508, 45.939977637349202 ], [ 7.869189529727458, 45.94030264521659 ], [ 7.86932742670134, 45.94064724850287 ], [ 7.869444469048607, 45.940966330214728 ], [ 7.869500633638615, 45.941238535300435 ], [ 7.869856491496609, 45.941753389388261 ], [ 7.869925705538646, 45.941963061516681 ], [ 7.869990133918947, 45.942113435549558 ], [ 7.870103875899752, 45.942605306075947 ], [ 7.870222763198497, 45.944215334921019 ], [ 7.8702598170181, 45.945408276828239 ], [ 7.870380710216471, 45.946665944094512 ], [ 7.870350751753336, 45.94706167273246 ], [ 7.870373626235216, 45.947362655971517 ], [ 7.870374258507248, 45.947363034794442 ], [ 7.870374291831983, 45.94736347337691 ], [ 7.870836163732369, 45.94764019411393 ], [ 7.870968041217972, 45.947708459000815 ], [ 7.871157171842929, 45.947740833085398 ], [ 7.871397064394404, 45.947823070343958 ], [ 7.871683529099418, 45.947994050371484 ], [ 7.871906603310351, 45.948054260509601 ], [ 7.872273430796652, 45.948077899173498 ], [ 7.872607501805132, 45.94807187016194 ], [ 7.872822278660363, 45.948079180245266 ], [ 7.873171180727258, 45.948127652814186 ], [ 7.873552795853849, 45.948269760153735 ], [ 7.873833559625745, 45.948322902895832 ], [ 7.874168633281661, 45.948398801252189 ], [ 7.874853999145394, 45.948568157335274 ], [ 7.875177095105789, 45.948725464928593 ], [ 7.875577688245833, 45.948795846990528 ], [ 7.876240953995332, 45.948810027034874 ], [ 7.87652629829492, 45.94883148750376 ], [ 7.876854700632331, 45.948925579134446 ], [ 7.877133188249752, 45.949049036991553 ], [ 7.877206185233304, 45.949113069308403 ], [ 7.877309259605044, 45.949588142727926 ], [ 7.877493727873533, 45.949998042701182 ], [ 7.877515799486834, 45.95023880285315 ], [ 7.877416822215672, 45.950464139605451 ], [ 7.877371081852842, 45.950759101149373 ], [ 7.877376147555541, 45.951061600920113 ], [ 7.877384346226345, 45.951417144106834 ], [ 7.877450027334203, 45.951631422501855 ], [ 7.877397904033924, 45.951777502298974 ], [ 7.877361704795314, 45.951877254770203 ], [ 7.877323507709002, 45.951980051246515 ], [ 7.877233890960836, 45.952079926787555 ], [ 7.877198635454652, 45.952181830469641 ], [ 7.877202766390575, 45.952383754956777 ], [ 7.87722599496786, 45.952577365176381 ], [ 7.87728002136767, 45.952769461144179 ], [ 7.8772806485967, 45.952770200677072 ], [ 7.877674911334871, 45.953000857856104 ], [ 7.877838349973303, 45.953385655774561 ], [ 7.878044268464053, 45.953634613416163 ], [ 7.878044299164816, 45.953634631849106 ], [ 7.878044875856774, 45.95363532903206 ], [ 7.878356890896336, 45.953822663247252 ], [ 7.878589248961545, 45.95397358829549 ], [ 7.878706704903371, 45.954059342033958 ], [ 7.878852873082624, 45.954179056529085 ], [ 7.878894925799396, 45.954280165890694 ], [ 7.878906640597109, 45.954368995932221 ], [ 7.8787272939669, 45.95454532560202 ], [ 7.878358876217004, 45.954691088873759 ], [ 7.878120532646639, 45.954722307114821 ], [ 7.877867906298, 45.954773748528602 ], [ 7.877537656133156, 45.954931918003282 ], [ 7.877347712291277, 45.955125657122878 ], [ 7.877243094921321, 45.955234064909241 ], [ 7.877206103512085, 45.955328814944771 ], [ 7.877209082477038, 45.955422864003232 ], [ 7.877211315073995, 45.955510056460867 ], [ 7.877212950682773, 45.955596135436778 ], [ 7.876883628498914, 45.955900206866865 ], [ 7.876606003425015, 45.955987490930312 ], [ 7.876253424133764, 45.956117479481129 ], [ 7.875836960824421, 45.956450896956881 ], [ 7.875384379388419, 45.956975221156561 ], [ 7.874890780742684, 45.957931173059386 ], [ 7.874946061413556, 45.958068968381205 ], [ 7.874946583876139, 45.958069484938839 ], [ 7.87494664738455, 45.958069643206173 ], [ 7.875341997081932, 45.958460559103237 ], [ 7.876094418383694, 45.958744722918055 ], [ 7.877256934913907, 45.959010420849957 ], [ 7.877837517696786, 45.959130246775516 ], [ 7.877856305414749, 45.959316483616419 ], [ 7.877839550262668, 45.95964303290004 ], [ 7.877806633069371, 45.959784490102393 ], [ 7.877639976647731, 45.959979371361527 ], [ 7.877478774358804, 45.960265958601624 ], [ 7.877360502447496, 45.960753068822193 ], [ 7.877421127562456, 45.961143140008154 ], [ 7.877573598955748, 45.961405350577465 ], [ 7.877574056192709, 45.961405817567659 ], [ 7.877574171420951, 45.961406015712228 ], [ 7.877820293675488, 45.961657419335666 ], [ 7.87859218014624, 45.962250644433993 ], [ 7.880006995958437, 45.96313083578535 ], [ 7.881317738734192, 45.963697326808038 ], [ 7.881435325399918, 45.963784895182805 ], [ 7.881638013492955, 45.963870005225203 ], [ 7.881779841612031, 45.963936868725284 ], [ 7.881811026255992, 45.964008404080822 ], [ 7.881772543210666, 45.964077974079835 ], [ 7.881217280462857, 45.964601151909008 ], [ 7.880984321736958, 45.964980055373715 ], [ 7.880731496770927, 45.965389524153075 ], [ 7.880631743690422, 45.965549440227264 ], [ 7.880485683495828, 45.965895046299373 ], [ 7.880526220631031, 45.966402793714074 ], [ 7.880616200587818, 45.966612774545503 ], [ 7.88076004624623, 45.966815779269325 ], [ 7.880760163204984, 45.966815829435618 ], [ 7.880760601886712, 45.96681644858954 ], [ 7.881012427865692, 45.96692445941671 ], [ 7.881251885043173, 45.966954472084254 ], [ 7.881495819000672, 45.966951012160919 ], [ 7.88154128172927, 45.966966569798871 ], [ 7.881519561987822, 45.967055027889245 ], [ 7.881454839866092, 45.967204617380766 ], [ 7.881425824962613, 45.967411718947787 ], [ 7.881496688261045, 45.967669081838153 ], [ 7.881511997096305, 45.967797891857188 ], [ 7.881080798289011, 45.968011764167777 ], [ 7.880993392327776, 45.968212096413737 ], [ 7.880855744721455, 45.968307620806051 ], [ 7.880770585201302, 45.968447601933143 ], [ 7.880705875429032, 45.968503268448863 ], [ 7.88051440143053, 45.968566151890862 ], [ 7.88015705123813, 45.968833380394841 ], [ 7.880093307531663, 45.968957831718583 ], [ 7.880101704602209, 45.969108168380487 ], [ 7.880193010817802, 45.969237472364306 ], [ 7.880178034976067, 45.969378500286616 ], [ 7.880075572980763, 45.969512134879231 ], [ 7.879879235894845, 45.969662077205264 ], [ 7.879848199492263, 45.969864157804651 ], [ 7.87962850491945, 45.970008604930236 ], [ 7.878217780959566, 45.970766613758009 ], [ 7.877570474340795, 45.971288504499924 ], [ 7.877404257212985, 45.971607135589373 ], [ 7.877426575482132, 45.97179712460607 ], [ 7.87742711845519, 45.97179754929698 ], [ 7.87742714901257, 45.97179780942389 ], [ 7.877637218682537, 45.97196211802104 ], [ 7.877575801134869, 45.972111027704415 ], [ 7.877204585445416, 45.972289883558389 ], [ 7.877116146386649, 45.972736074187068 ], [ 7.877425012326391, 45.973859909173008 ], [ 7.877425396690813, 45.973859893465459 ], [ 7.877425590933213, 45.973860600225301 ], [ 7.878065785975795, 45.973834429585033 ], [ 7.879108401362141, 45.973673358392105 ], [ 7.879233039125559, 45.973684178593629 ], [ 7.879468165455467, 45.973777009860392 ], [ 7.879542028057565, 45.973896352363653 ], [ 7.879542594444808, 45.973897035153009 ], [ 7.880027144389145, 45.974208900160669 ], [ 7.880393128233502, 45.974340662909412 ], [ 7.880898975982076, 45.974596660193789 ], [ 7.881095279685217, 45.974670714514687 ], [ 7.88116597755896, 45.974665551808222 ], [ 7.881373594631486, 45.974747351194196 ], [ 7.881677389731267, 45.974896804322469 ], [ 7.88167915873881, 45.97493265838866 ], [ 7.881679734798059, 45.974933345969589 ], [ 7.881770116135396, 45.97496899967274 ], [ 7.881946075194366, 45.974993610970124 ], [ 7.882170407534685, 45.975080741153825 ], [ 7.882399578015526, 45.975132760024792 ], [ 7.882597300872071, 45.975147435377778 ], [ 7.88276935077105, 45.975267110750288 ], [ 7.882957845724104, 45.975165337349061 ], [ 7.883126417875613, 45.975168109274165 ], [ 7.883432676863569, 45.975081775994461 ], [ 7.883459100887755, 45.97502010468083 ], [ 7.883819851342754, 45.975002894952141 ], [ 7.883947741779027, 45.974964363880652 ], [ 7.884224789392611, 45.975144671838677 ], [ 7.884416839457017, 45.975205875862436 ], [ 7.884388531707735, 45.975323263496456 ], [ 7.884389088993295, 45.975323897554297 ], [ 7.884389080763351, 45.975323931648767 ], [ 7.884519135221963, 45.975471896674577 ], [ 7.885005162568008, 45.97581079540771 ], [ 7.885318692470691, 45.975930769704661 ], [ 7.885556015808463, 45.976049722746822 ], [ 7.886029126535624, 45.975996733240017 ], [ 7.886407546165755, 45.976137540752688 ], [ 7.886889322390221, 45.976559823037427 ], [ 7.887136654888728, 45.976652430192779 ], [ 7.887559360166561, 45.976715732903727 ], [ 7.888131254160448, 45.976923743052822 ], [ 7.888821143361023, 45.976968503661439 ], [ 7.889593524657157, 45.977069123325364 ], [ 7.889689154389835, 45.977100278500217 ], [ 7.89000310659847, 45.977127167075025 ], [ 7.890319893825589, 45.977224108702345 ], [ 7.89059271232209, 45.977518068105326 ], [ 7.891320868730606, 45.977313374242918 ], [ 7.891673254733509, 45.977376800430235 ], [ 7.89185770558256, 45.977457631642288 ], [ 7.891999928419255, 45.977457555155326 ], [ 7.892278304691948, 45.977503694312446 ], [ 7.892495211629095, 45.977821692207989 ], [ 7.892495462631288, 45.977821890699651 ], [ 7.892495797695769, 45.977822381922884 ], [ 7.892837827233479, 45.97809286811033 ], [ 7.893072903792405, 45.978178944716241 ], [ 7.893410895719803, 45.978411031516607 ], [ 7.89351046872041, 45.978417513338236 ], [ 7.893535160901107, 45.978498885344514 ], [ 7.893634031693548, 45.97863532667234 ], [ 7.893634600805616, 45.978636035966943 ], [ 7.893849418818674, 45.978635591768793 ], [ 7.893966536115714, 45.978837490127148 ], [ 7.893992980461354, 45.978951581980695 ], [ 7.893962782617232, 45.979005236642458 ], [ 7.893960872483447, 45.979172777809026 ], [ 7.893985922362062, 45.979566061746389 ], [ 7.894059347846711, 45.979892879821008 ], [ 7.894104527876662, 45.980298622225057 ], [ 7.89410514743659, 45.980299327723209 ], [ 7.894167947791452, 45.980331508778242 ], [ 7.894315669582983, 45.980619198182744 ], [ 7.894894871068756, 45.981388188405006 ], [ 7.895065178988565, 45.981706796424845 ], [ 7.895065770481414, 45.981707525994139 ], [ 7.895768801503699, 45.982421444141821 ], [ 7.896282499041921, 45.983430375952416 ], [ 7.896282837883602, 45.983430608894103 ], [ 7.896283076356578, 45.983431077287982 ], [ 7.896531596843874, 45.983601916197884 ], [ 7.896889343857584, 45.983937241915584 ], [ 7.897248384583024, 45.984201568128803 ], [ 7.897973396255843, 45.984302890639654 ], [ 7.898431533902728, 45.984637730968544 ], [ 7.898727029554083, 45.984664696988212 ], [ 7.898848173817195, 45.984726262313252 ], [ 7.898957384306158, 45.984831001807848 ], [ 7.899084188900379, 45.984855237863208 ], [ 7.89919957656036, 45.984945710951507 ], [ 7.899372470191365, 45.98498034851702 ], [ 7.899467597649609, 45.985107348461653 ], [ 7.899468174088031, 45.985108026241463 ], [ 7.899891083706698, 45.985200377609935 ], [ 7.900013013614425, 45.985282809222504 ], [ 7.900143011426668, 45.985282968823121 ], [ 7.90031647200262, 45.98536733905933 ], [ 7.900373299506588, 45.985326153627518 ], [ 7.900783029669054, 45.985536295798532 ], [ 7.900886869177863, 45.985620203685912 ], [ 7.901092045868516, 45.985710716774527 ], [ 7.901503478561511, 45.986458685688675 ], [ 7.900540222442337, 45.987303059439434 ], [ 7.900821574791, 45.987785148409593 ], [ 7.900822123156749, 45.987785807998897 ], [ 7.901584304780307, 45.9883683930085 ], [ 7.90264280607991, 45.988527798965634 ], [ 7.903527100204237, 45.988699715423159 ], [ 7.903721279456513, 45.988784578145307 ], [ 7.90397486199548, 45.989081240157631 ], [ 7.904018653904101, 45.98934187230644 ], [ 7.904100687033329, 45.989442688215121 ], [ 7.904228680434382, 45.989599997443975 ], [ 7.90482366282798, 45.990155927839517 ], [ 7.905155702797209, 45.99079585004359 ], [ 7.905551109939951, 45.99139906675552 ], [ 7.905631453451529, 45.991604004170327 ], [ 7.90567023970201, 45.991852661417767 ], [ 7.905670821737117, 45.991853345631682 ], [ 7.905796540123896, 45.991909676830524 ], [ 7.90587471563611, 45.991977850006279 ], [ 7.905938716405801, 45.99216995630735 ], [ 7.905863276387597, 45.992387098801572 ], [ 7.90586384701996, 45.99238779378728 ], [ 7.906102397542292, 45.992560842404309 ], [ 7.906066522083498, 45.993639161783577 ], [ 7.906171318285066, 45.993871658904993 ], [ 7.906227549139865, 45.993939383944706 ], [ 7.906607395875087, 45.994396883134002 ], [ 7.907003145510556, 45.995061227320264 ], [ 7.907003637523238, 45.995061781111438 ], [ 7.907003721548215, 45.995061922161518 ], [ 7.907177189684246, 45.995257168069053 ], [ 7.907610565764463, 45.995688141657716 ], [ 7.907986832472202, 45.995763801140782 ], [ 7.908020601087991, 45.995831397917897 ], [ 7.908020949855467, 45.995831648688224 ], [ 7.908021160454807, 45.995832070414792 ], [ 7.908158542853164, 45.995930842253529 ], [ 7.908344107968774, 45.99615183148849 ], [ 7.908532655236217, 45.996777939567949 ], [ 7.908533232625547, 45.996778609256566 ], [ 7.908679251010441, 45.996936644211182 ], [ 7.907849617188753, 45.997911513826232 ], [ 7.907495945658242, 45.998812563389102 ], [ 7.906447607231418, 45.999986356305726 ], [ 7.906286127440127, 46.000724665482736 ], [ 7.906133773730229, 46.001022161268004 ], [ 7.905903755545235, 46.001292983060296 ], [ 7.905758882704786, 46.002463020473051 ], [ 7.905989080543741, 46.003721450311396 ], [ 7.906292538336072, 46.004484817836946 ], [ 7.906363780096782, 46.005267157665422 ], [ 7.905988456141839, 46.006663041998159 ], [ 7.905630309527997, 46.007051337309086 ], [ 7.905541507675727, 46.007231617255776 ], [ 7.905608354801961, 46.00750121748824 ], [ 7.906460305932137, 46.008999951178673 ], [ 7.905848988170864, 46.009974021086151 ], [ 7.905763380956782, 46.010532103534914 ], [ 7.905960726466676, 46.010963074805851 ], [ 7.905512885687444, 46.011432720064477 ], [ 7.904813221353301, 46.01265003171239 ], [ 7.904454031817881, 46.012921384724137 ], [ 7.904196055533587, 46.01294943720093 ], [ 7.903485377924033, 46.012880413934838 ], [ 7.902904415159433, 46.012882807943413 ], [ 7.902582801925167, 46.013019075062147 ], [ 7.901913216720264, 46.013228727600612 ], [ 7.901035083866394, 46.013205363891466 ], [ 7.89939455899052, 46.013104142329603 ], [ 7.898515144218554, 46.012927829917956 ], [ 7.897545714540068, 46.012796846133618 ], [ 7.897068964610455, 46.012906742007459 ], [ 7.895616873703498, 46.013722259615243 ], [ 7.894885100116125, 46.014219990573118 ], [ 7.894242053773115, 46.014519454938004 ], [ 7.893082856188625, 46.014856979676971 ], [ 7.89162603784484, 46.015114737160076 ], [ 7.891431023035344, 46.014953599668921 ], [ 7.891045422592852, 46.015162046451451 ], [ 7.889800883447533, 46.016111589620053 ], [ 7.889160304583524, 46.016716865411723 ], [ 7.888134292048567, 46.017557569423374 ], [ 7.88775117043259, 46.018071845466608 ], [ 7.887391491759741, 46.018298176600737 ], [ 7.887135103093413, 46.01852408678387 ], [ 7.886534539767947, 46.019291109239383 ], [ 7.886369274804714, 46.019606611706664 ], [ 7.886307143639261, 46.019903722313529 ], [ 7.886023815882245, 46.019994802845638 ], [ 7.885831251634774, 46.020130500757858 ], [ 7.885640289925961, 46.020464095271237 ], [ 7.885344633580324, 46.020627205776869 ], [ 7.885089852854799, 46.021051008197794 ], [ 7.884832928353103, 46.021213946003684 ], [ 7.884616524486333, 46.021592626465633 ], [ 7.884060780466131, 46.021531853829622 ], [ 7.883713610250004, 46.021713136713309 ], [ 7.883715219797073, 46.02191104264385 ], [ 7.88319821073497, 46.021850103849111 ], [ 7.882617516583109, 46.021897369679152 ], [ 7.881803304746145, 46.021810616426215 ], [ 7.880121907323774, 46.021475378862618 ], [ 7.877963728516207, 46.021258908574595 ], [ 7.877189928295278, 46.021378863349277 ], [ 7.876543363833976, 46.021264433203314 ], [ 7.875831247656222, 46.0210243151407 ], [ 7.875143657776851, 46.020622176915481 ], [ 7.873367867605843, 46.019774437193469 ], [ 7.87233169174528, 46.019373625297419 ], [ 7.871102210109965, 46.019018514415819 ], [ 7.86996292654821, 46.018636067426549 ], [ 7.866122485954319, 46.017931035364185 ], [ 7.863885985690706, 46.017579658996773 ], [ 7.861820156564811, 46.017587430370227 ], [ 7.860568622974087, 46.017709062628462 ], [ 7.858051576243424, 46.017808389988026 ], [ 7.856180906304247, 46.017950231850435 ], [ 7.85618043931619, 46.01795026725938 ], [ 7.856138261281518, 46.0175006442986 ], [ 7.855847820840674, 46.016665130104897 ], [ 7.853004793426332, 46.016342767023374 ], [ 7.85206227961987, 46.016346226272177 ], [ 7.851157482316125, 46.016214605996247 ], [ 7.850253690988248, 46.01621789945353 ], [ 7.847712350988107, 46.016515005028467 ], [ 7.845609030083118, 46.016684535252409 ], [ 7.844551642822323, 46.01686825753454 ], [ 7.843647973395222, 46.01688948860069 ], [ 7.842358503355045, 46.01711900132554 ], [ 7.841677725333093, 46.017598201663212 ], [ 7.840324782001431, 46.017980851557567 ], [ 7.839653381626109, 46.017983240828755 ], [ 7.839033153913878, 46.017922475429664 ], [ 7.838168540820668, 46.01798851960843 ], [ 7.837937747648297, 46.018214253225935 ], [ 7.837526398803458, 46.018467593812844 ], [ 7.837141131585501, 46.018756832021481 ], [ 7.836754421052963, 46.018848171420252 ], [ 7.835915979956057, 46.018968079276711 ], [ 7.835491325853989, 46.019167485827865 ], [ 7.834203354293485, 46.019621824817001 ], [ 7.833496416290625, 46.020074116427388 ], [ 7.832764937624041, 46.02070640974803 ], [ 7.831697566018449, 46.021321878152307 ], [ 7.831285648645975, 46.021503233235542 ], [ 7.830578997132111, 46.022000492290189 ], [ 7.830128642034482, 46.022226954529799 ], [ 7.829033935846941, 46.022635585298111 ], [ 7.828776952095919, 46.022816394830755 ], [ 7.828521875972258, 46.023267091297541 ], [ 7.82816126472602, 46.023403279692282 ], [ 7.827518166264406, 46.023765348406599 ], [ 7.826523985748519, 46.023786771524883 ], [ 7.825385741268941, 46.023520803648722 ], [ 7.824481687891194, 46.023505908427673 ], [ 7.822712928004337, 46.023556931350825 ], [ 7.821938898269316, 46.023667519872575 ], [ 7.82071278722818, 46.023761644015863 ], [ 7.820195805393418, 46.02370042485785 ], [ 7.819642102524346, 46.02392721247498 ], [ 7.818777370892548, 46.023993098691747 ], [ 7.818030761184089, 46.02433747959148 ], [ 7.81719510554633, 46.024880047818812 ], [ 7.81665472631709, 46.025169744935262 ], [ 7.81427033720697, 46.0258524306753 ], [ 7.813819772461675, 46.026060854954984 ], [ 7.813267853050422, 46.026557472127521 ], [ 7.812821188080862, 46.027341613646328 ], [ 7.812797389644196, 46.02763857324603 ], [ 7.812865033621904, 46.028088127222951 ], [ 7.81241531762939, 46.028422444986425 ], [ 7.811773614090654, 46.029009262933933 ], [ 7.811387597623622, 46.029217436946738 ], [ 7.811067006329091, 46.029551322631818 ], [ 7.810709270565371, 46.030119214652423 ], [ 7.810427426296935, 46.030452970734274 ], [ 7.810170234897068, 46.030615738142608 ], [ 7.808455928182246, 46.03111612623853 ], [ 7.808069702046871, 46.0312973028107 ], [ 7.807787701262824, 46.031613052631002 ], [ 7.807234787874657, 46.031974673891575 ], [ 7.806757542215841, 46.032066187566187 ], [ 7.80633358608892, 46.03240040588507 ], [ 7.806143497698472, 46.032940741211441 ], [ 7.806055110127666, 46.033237864794273 ], [ 7.805888842271496, 46.033481286395684 ], [ 7.805670803973385, 46.033706876026095 ], [ 7.805373920152853, 46.033734828010218 ], [ 7.804834800270823, 46.034231326126964 ], [ 7.804386680375544, 46.034817482424167 ], [ 7.803833411876628, 46.03513410122639 ], [ 7.803835032283263, 46.035376976333055 ], [ 7.803748861173762, 46.03600692700622 ], [ 7.803043593127926, 46.036773803068584 ], [ 7.802851827993047, 46.037071266946469 ], [ 7.80281470850532, 46.037314258129861 ], [ 7.802945366683931, 46.037538716662873 ], [ 7.802947774339231, 46.03789851371242 ], [ 7.802820732043537, 46.038213759739278 ], [ 7.802796575048204, 46.038465713676644 ], [ 7.802797085051469, 46.038466214789445 ], [ 7.803316673592241, 46.038976745774306 ], [ 7.803602529784906, 46.039227688697245 ], [ 7.803513732628416, 46.039470847282836 ], [ 7.803519048353864, 46.04026241349829 ], [ 7.803070864759541, 46.040848555918082 ], [ 7.802905159037585, 46.041181918104321 ], [ 7.802716707363403, 46.041974109707809 ], [ 7.802822751719795, 46.042378559412732 ], [ 7.802760259537041, 46.042693597165332 ], [ 7.801306683606089, 46.043615799046911 ], [ 7.800377373601828, 46.043735732851189 ], [ 7.799216561301613, 46.044009314563347 ], [ 7.798791874309848, 46.04425355102169 ], [ 7.796708914896394, 46.045744421027116 ], [ 7.795936351269979, 46.046133678909108 ], [ 7.794458369003475, 46.047307736351655 ], [ 7.793713471907866, 46.047984741091405 ], [ 7.792650157915537, 46.047376408820192 ], [ 7.790731784710585, 46.046392958937915 ], [ 7.790020976352002, 46.046350205007492 ], [ 7.78905051063217, 46.046110359388422 ], [ 7.788572248359884, 46.046066883187457 ], [ 7.788081629906983, 46.046113380918108 ], [ 7.787501455810318, 46.04629508686763 ], [ 7.787025025263515, 46.046539438671552 ], [ 7.786534871577214, 46.04665789276936 ], [ 7.784179518124565, 46.046008495672716 ], [ 7.782716880568389, 46.045563212014947 ], [ 7.78058167478099, 46.044985051265208 ], [ 7.779261384316533, 46.044566269347008 ], [ 7.778836491920866, 46.044792439734955 ], [ 7.777135329582133, 46.04544523417843 ], [ 7.776259839969759, 46.045924611815188 ], [ 7.77452044718423, 46.046667436582148 ], [ 7.773618951683168, 46.047119893285071 ], [ 7.77288427150096, 46.04739193771838 ], [ 7.772240178786761, 46.047690696391932 ], [ 7.769922102624403, 46.048884927514074 ], [ 7.768658123077716, 46.049230424656024 ], [ 7.767986443769741, 46.049250377098673 ], [ 7.765043512638857, 46.049690710222066 ], [ 7.763945656216706, 46.049738865434207 ], [ 7.763145204338948, 46.049831124394338 ], [ 7.761944003094117, 46.049879548045936 ], [ 7.760690845603103, 46.049883138274375 ], [ 7.760070303902245, 46.049812959990511 ], [ 7.759425032410814, 46.049931737300497 ], [ 7.758006561107425, 46.05038551812401 ], [ 7.757336342892365, 46.050657269495495 ], [ 7.755917431260994, 46.051039069697183 ], [ 7.755362156081254, 46.051085606300383 ], [ 7.754627201873883, 46.051339540933292 ], [ 7.753684453659845, 46.051405143953488 ], [ 7.753207206905955, 46.051541407772994 ], [ 7.752757100176423, 46.051902474020103 ], [ 7.752436326353414, 46.052290147835237 ], [ 7.752076131993104, 46.052561005894717 ], [ 7.751107507136804, 46.052626668091641 ], [ 7.750694842413295, 46.05276273352154 ], [ 7.75039873650285, 46.05294346250259 ], [ 7.74879245328153, 46.054477076202005 ], [ 7.748085170520087, 46.055063700671532 ], [ 7.74760863929547, 46.055334863098828 ], [ 7.747092847861578, 46.055516175151709 ], [ 7.745569137436474, 46.055682255340102 ], [ 7.744899043883849, 46.055998909910748 ], [ 7.74466556783668, 46.055837631729425 ], [ 7.744407055935501, 46.05582034077289 ], [ 7.743501864874001, 46.055687863374033 ], [ 7.741666999288796, 46.055665823490415 ], [ 7.740889917050466, 46.055335097110962 ], [ 7.740112064555045, 46.054860429591187 ], [ 7.739656773392555, 46.05430395554864 ], [ 7.738878920525929, 46.053829288622943 ], [ 7.738387365823072, 46.053722656597834 ], [ 7.737871054491891, 46.053813981185314 ], [ 7.737418949307362, 46.05383316915497 ], [ 7.736643400560242, 46.053772258178718 ], [ 7.736294656021766, 46.053791168877453 ], [ 7.735649799618437, 46.053999764125813 ], [ 7.73542139441251, 46.0547649504486 ], [ 7.734778650971875, 46.055369321453448 ], [ 7.734391778734871, 46.055505259375863 ], [ 7.734004309362459, 46.055533259892798 ], [ 7.733616306536945, 46.055462318389324 ], [ 7.731868173686275, 46.054747270874856 ], [ 7.731415481505217, 46.054658498626836 ], [ 7.73035544181946, 46.05455330359888 ], [ 7.729319753495999, 46.054169191902957 ], [ 7.728762266186368, 46.053810821175389 ], [ 7.7282832708785, 46.053632157442934 ], [ 7.727700348680145, 46.05334580211224 ], [ 7.727053496302903, 46.053185544700128 ], [ 7.726368880590943, 46.053214286269309 ], [ 7.725917484189706, 46.053368350462648 ], [ 7.724342806109884, 46.053669197174784 ], [ 7.723181402054719, 46.053941994972583 ], [ 7.722600008887536, 46.053943457914748 ], [ 7.722212730894315, 46.054007399566977 ], [ 7.72153053159122, 46.054503847025778 ], [ 7.721053409482908, 46.054684951728184 ], [ 7.719984191954277, 46.055299289746927 ], [ 7.718540574732207, 46.055977523621181 ], [ 7.717313894029664, 46.056133480369752 ], [ 7.716927201507084, 46.056314344452375 ], [ 7.716734076144237, 46.056449735188941 ], [ 7.716567156682498, 46.056657043489338 ], [ 7.716568871675881, 46.056989856486531 ], [ 7.716505773616725, 46.057286855724257 ], [ 7.715991318312081, 46.057755861237339 ], [ 7.715128255626049, 46.058279709299562 ], [ 7.714702640932299, 46.058433665328756 ], [ 7.714250761009104, 46.058506732893505 ], [ 7.713928273144417, 46.058615465644316 ], [ 7.7132587849467, 46.059093840810512 ], [ 7.71186698400004, 46.059834822797171 ], [ 7.711157105254311, 46.059998456955924 ], [ 7.71051237907586, 46.060269858457808 ], [ 7.709389804845707, 46.060587442932018 ], [ 7.707994545477754, 46.060635800131791 ], [ 7.707645292340898, 46.060564658734727 ], [ 7.705468192305606, 46.05931045323355 ], [ 7.704624342596567, 46.058502879755387 ], [ 7.704300003057836, 46.058233803442882 ], [ 7.70365252627583, 46.057947475431796 ], [ 7.702553669758554, 46.057833114103197 ], [ 7.700678608661709, 46.057522669724811 ], [ 7.699773624350121, 46.05741682711971 ], [ 7.697963495945888, 46.057169147323812 ], [ 7.697511178952912, 46.057152193289816 ], [ 7.697059668602817, 46.057306150830549 ], [ 7.696414917064835, 46.057577471514591 ], [ 7.695873713142611, 46.057893539545667 ], [ 7.694868839749948, 46.058525492029709 ], [ 7.693748775831175, 46.059382647050725 ], [ 7.693388543474335, 46.059698366443541 ], [ 7.692875478021818, 46.060464286522112 ], [ 7.692592564221423, 46.060761802363366 ], [ 7.692464667610678, 46.061049955940895 ], [ 7.691823929949923, 46.062220894280181 ], [ 7.691566721017387, 46.062491354359018 ], [ 7.69098741967676, 46.062969439846775 ], [ 7.691246376232365, 46.063076807912928 ], [ 7.691441178807915, 46.063283269849258 ], [ 7.691441087534292, 46.063283290139623 ], [ 7.690950664982598, 46.06339231234778 ], [ 7.690499138782177, 46.063555239091009 ], [ 7.690500198720197, 46.063780125272743 ], [ 7.690372141842162, 46.064023290166162 ], [ 7.690050273225539, 46.064275881697156 ], [ 7.689829944414996, 46.064141447397922 ], [ 7.689564054071877, 46.064061945787572 ], [ 7.689441718975742, 46.064025367410821 ], [ 7.689182650952253, 46.063891008805925 ], [ 7.689084714117866, 46.063722166659481 ], [ 7.689052371881732, 46.063666408960103 ], [ 7.688849272831555, 46.063471055037859 ], [ 7.688753789268886, 46.063379212715297 ], [ 7.688589708271227, 46.06325312846004 ], [ 7.688403615516074, 46.063110129777819 ], [ 7.688096210671747, 46.062986625923791 ], [ 7.687846919469473, 46.062886469973662 ], [ 7.687561663424183, 46.062680201089435 ], [ 7.687366783064363, 46.062455741584117 ], [ 7.687236459047344, 46.06221313971723 ], [ 7.686587610339643, 46.061602850214975 ], [ 7.686288493536077, 46.061180688657366 ], [ 7.685963835122243, 46.060821568975648 ], [ 7.685823924877869, 46.060580247933302 ], [ 7.685666866776153, 46.060309349794395 ], [ 7.685442936581635, 46.059923108828293 ], [ 7.685464905423746, 46.059802912710921 ], [ 7.68548076898113, 46.059716119879717 ], [ 7.685444600408814, 46.059582610623877 ], [ 7.68538969233232, 46.059379928130127 ], [ 7.685151916351916, 46.058502224306956 ], [ 7.68469366943579, 46.057180915164984 ], [ 7.684651313268758, 46.056389427384111 ], [ 7.684583183537674, 46.055607009259703 ], [ 7.684527670968685, 46.055390193951936 ], [ 7.684491112149785, 46.055247406260499 ], [ 7.684186450155321, 46.054949067901475 ], [ 7.683143463180866, 46.053927729408016 ], [ 7.683024640998404, 46.0538113735265 ], [ 7.681470093813497, 46.052888247478251 ], [ 7.681242907334919, 46.052773003728745 ], [ 7.68108162092627, 46.052691188778347 ], [ 7.680621838296589, 46.052507179904929 ], [ 7.679852043206968, 46.052199101439022 ], [ 7.679711986372546, 46.052137278843901 ], [ 7.679243630176044, 46.051930541374581 ], [ 7.678860890516448, 46.051694233349302 ], [ 7.678401542155543, 46.051410626199214 ], [ 7.678055594448646, 46.05084342881316 ], [ 7.677881015901418, 46.050557199149907 ], [ 7.677652245222218, 46.050247891169128 ], [ 7.677582092649637, 46.050153041817595 ], [ 7.677445939062332, 46.049896357029397 ], [ 7.67738955519569, 46.049790058832244 ], [ 7.677301818710157, 46.049624652825308 ], [ 7.677191290884926, 46.049416279238017 ], [ 7.677194836681555, 46.04938194305349 ], [ 7.677228455709067, 46.04905638881192 ], [ 7.677122245974455, 46.048399966702192 ], [ 7.6769882992083, 46.047808152920737 ], [ 7.67693832012149, 46.047587331521257 ], [ 7.676898374638077, 46.047410841350796 ], [ 7.676897496728653, 46.047207425804352 ], [ 7.67689662745213, 46.047006010539796 ], [ 7.677149111017934, 46.045638068741255 ], [ 7.677156178008672, 46.045404347419066 ], [ 7.67717168513372, 46.044891491819882 ], [ 7.677234695943563, 46.04453158297558 ], [ 7.67723260948332, 46.044052342604466 ], [ 7.677232463989374, 46.044018924008135 ], [ 7.677292879668966, 46.043593796204668 ], [ 7.677357763905603, 46.043137224447349 ], [ 7.677452105037367, 46.042871021299632 ], [ 7.67748537184866, 46.042777152064495 ], [ 7.677600703375066, 46.042575795551627 ], [ 7.677792850945869, 46.042240326439078 ], [ 7.677908416293822, 46.042038561698796 ], [ 7.677874621177094, 46.042033092111566 ], [ 7.676180147941841, 46.04175884926039 ], [ 7.675170448556051, 46.041595433968467 ], [ 7.674999944655378, 46.041567838681104 ], [ 7.674613508017474, 46.041333764339548 ], [ 7.674378279367352, 46.041191280459941 ], [ 7.673900731210922, 46.041282239724381 ], [ 7.673577030827767, 46.041102984784274 ], [ 7.673408144807133, 46.040878411862771 ], [ 7.673084230177985, 46.040654169394585 ], [ 7.672735304452398, 46.040609915101079 ], [ 7.67247702990364, 46.040519701561443 ], [ 7.672035941079644, 46.040365632241418 ], [ 7.671506380144438, 46.040180660215924 ], [ 7.67114433808907, 46.040091441460774 ], [ 7.670521105027312, 46.039772452205057 ], [ 7.670409286464634, 46.039715220132059 ], [ 7.669737097305084, 46.039371173686419 ], [ 7.669306230080494, 46.039150642999395 ], [ 7.668917433349851, 46.038836583907731 ], [ 7.668841363435928, 46.038801487032536 ], [ 7.668335068918084, 46.038567894609599 ], [ 7.668260484807995, 46.038538682347969 ], [ 7.667261195279942, 46.038147291915024 ], [ 7.667235638052605, 46.038139264411697 ], [ 7.667107757492989, 46.038099097236923 ], [ 7.667035020638869, 46.038076250653035 ], [ 7.666842585123996, 46.038015806821832 ], [ 7.666265284409183, 46.03783447715935 ], [ 7.665394281875851, 46.037432650731269 ], [ 7.665294633843753, 46.037386679323298 ], [ 7.664932024821932, 46.03716252716012 ], [ 7.664250043291023, 46.036942222319837 ], [ 7.66387863229606, 46.036822243059085 ], [ 7.663742082202721, 46.036778132412181 ], [ 7.663363837401157, 46.036735005916682 ], [ 7.663035504721631, 46.036697570272445 ], [ 7.662966722052595, 46.036689727850145 ], [ 7.661481542347013, 46.036737670211977 ], [ 7.660878318651132, 46.036831591658576 ], [ 7.660603768280482, 46.036874338931518 ], [ 7.659443153842389, 46.037326387415625 ], [ 7.658796580938361, 46.037147756400962 ], [ 7.658123374836061, 46.036771272251215 ], [ 7.657024284835899, 46.036476567239603 ], [ 7.65573065791273, 46.035984342166564 ], [ 7.653752934065077, 46.035583343182992 ], [ 7.652951821245949, 46.035476891721977 ], [ 7.652176371609567, 46.035316395083015 ], [ 7.651399216758684, 46.034805089702331 ], [ 7.650776017851305, 46.033996665645361 ], [ 7.650516735683529, 46.033745277843593 ], [ 7.649909006246762, 46.03356651417802 ], [ 7.649714860519873, 46.033458930818753 ], [ 7.64967566461173, 46.033342080473865 ], [ 7.649673375889483, 46.032757377212903 ], [ 7.649066018269634, 46.032668563345254 ], [ 7.647864657220765, 46.032607833575753 ], [ 7.646158656581026, 46.032296162416671 ], [ 7.645442398066444, 46.03225548177069 ], [ 7.644931456002623, 46.032226462285692 ], [ 7.644414348371322, 46.032092481148347 ], [ 7.644052028649142, 46.031913230042633 ], [ 7.643339779333093, 46.031401796464039 ], [ 7.64249828294115, 46.030863605053938 ], [ 7.641760785997403, 46.030505121541346 ], [ 7.641333593168983, 46.030236041313508 ], [ 7.640660763929619, 46.029895425684671 ], [ 7.64014345755471, 46.029698456910616 ], [ 7.639988885830014, 46.029719056073731 ], [ 7.639459321519914, 46.029789629017301 ], [ 7.638788728863621, 46.029828201808243 ], [ 7.637845340444763, 46.029882465934044 ], [ 7.637044707484217, 46.029901873575582 ], [ 7.636205427654568, 46.029948329530257 ], [ 7.635519528322736, 46.029949528495187 ], [ 7.634875234056681, 46.029950654733682 ], [ 7.634461411326311, 46.029798466709558 ], [ 7.633710971208973, 46.029412966544591 ], [ 7.633387141057828, 46.029143668924988 ], [ 7.63319240566804, 46.028856148383817 ], [ 7.632609330829486, 46.028317429535718 ], [ 7.631353842565104, 46.027527999875808 ], [ 7.630927039514046, 46.027348825599155 ], [ 7.630694852208142, 46.027336283720608 ], [ 7.630604129369954, 46.027331383216627 ], [ 7.630321042409747, 46.027619728054212 ], [ 7.630146394362292, 46.027741980273412 ], [ 7.630087838033101, 46.027782969229754 ], [ 7.630024756034374, 46.027827126118126 ], [ 7.629612760257252, 46.028187642182814 ], [ 7.629279679702676, 46.028659401440827 ], [ 7.62918386293489, 46.028795111696667 ], [ 7.628995962662702, 46.029061244593855 ], [ 7.628842563086985, 46.029511277220877 ], [ 7.628713979959958, 46.02967341223183 ], [ 7.628713160792019, 46.029674035493791 ], [ 7.628666320020054, 46.029709674182804 ], [ 7.628596836246474, 46.029762540745295 ], [ 7.628417751473679, 46.029898796965192 ], [ 7.628293747835123, 46.02996890363854 ], [ 7.627921338951356, 46.030179448653769 ], [ 7.627812211539651, 46.030241144906356 ], [ 7.627747499904114, 46.030277730264231 ], [ 7.627738698012145, 46.030285603344296 ], [ 7.627515762486345, 46.030485013794859 ], [ 7.627129003331834, 46.030683559808054 ], [ 7.626806396119433, 46.030756078892921 ], [ 7.626587462497946, 46.030936352736362 ], [ 7.626484822045654, 46.031134424063666 ], [ 7.626201939560091, 46.031494713185666 ], [ 7.625905475935354, 46.031657123259365 ], [ 7.625580449468553, 46.031657660681695 ], [ 7.625427624297398, 46.031657913373913 ], [ 7.625233630156295, 46.03158627861859 ], [ 7.624678289771756, 46.031587193353651 ], [ 7.624215045968578, 46.03173082878849 ], [ 7.624007440056978, 46.031795200001191 ], [ 7.623890431275626, 46.031938605870053 ], [ 7.623809157277086, 46.032038215217675 ], [ 7.62349297633549, 46.032425726326871 ], [ 7.623042079434589, 46.032759295464864 ], [ 7.623011606578085, 46.032797406143864 ], [ 7.622908273679426, 46.032926638758823 ], [ 7.62268197595709, 46.033209656527568 ], [ 7.622618028551473, 46.033389670402066 ], [ 7.622592740674071, 46.03355163039906 ], [ 7.622723023648396, 46.03388425171925 ], [ 7.622529985391261, 46.034091462024335 ], [ 7.622064261155343, 46.034318897078904 ], [ 7.621975533962703, 46.034362226741273 ], [ 7.621627876842817, 46.034677631894645 ], [ 7.621573943377591, 46.034692179928001 ], [ 7.620880220881428, 46.034879304897096 ], [ 7.620789107649394, 46.034903881814841 ], [ 7.620296092855068, 46.035229329663018 ], [ 7.620106089716719, 46.035354754119311 ], [ 7.618913773775932, 46.035415163741064 ], [ 7.618883276798245, 46.035416708894346 ], [ 7.618272342551974, 46.035447662356823 ], [ 7.618130532526059, 46.035391525183108 ], [ 7.618028577253596, 46.035351164984284 ], [ 7.617819701915609, 46.035268479214658 ], [ 7.617746719080571, 46.035250879010356 ], [ 7.617720483764267, 46.035244552222331 ], [ 7.61726385900866, 46.035134434699707 ], [ 7.617039693414001, 46.035100110792207 ], [ 7.61668235912987, 46.035045396290037 ], [ 7.614977096291249, 46.034931152272996 ], [ 7.61469840002227, 46.034869976173368 ], [ 7.614089201269996, 46.034736252088372 ], [ 7.613878487477922, 46.034689998695804 ], [ 7.613747319624128, 46.034664903705526 ], [ 7.612805820769323, 46.034484776456921 ], [ 7.612611610753746, 46.034413304247735 ], [ 7.61239203809922, 46.034332498205636 ], [ 7.612055419630109, 46.034299533025184 ], [ 7.611939839046229, 46.034288214172676 ] ] ] } },
{ "type": "Feature", "properties": { "geo_point_2d": { "lon": 7.837477820142577, "lat": 46.2424683077694 }, "year": "2023", "kan_code": [ "23" ], "kan_name": [ "Valais" ], "bez_code": [ "2309", "2313" ], "bez_name": [ "Raron", "Visp" ], "gem_code": [ "6193", "6201", "6283", "6285", "6293", "6296", "6299" ], "gem_name": [ "Bürchen", "Embd", "Grächen", "Stalden (VS)", "Törbel", "Unterbäch", "Zeneggen" ], "plz_code": [ "3923" ], "plz_area_code": "CHE", "plz_type": "PLZ4/NPA4" }, "geometry": { "type": "Polygon", "coordinates": [ [ [ 7.847535544094211, 46.220145466307052 ], [ 7.847535713106864, 46.220145570230002 ], [ 7.847613793632823, 46.22019358059336 ], [ 7.847793306950975, 46.220386159919606 ], [ 7.847793406059669, 46.220386226828637 ], [ 7.847906892845836, 46.22046284262062 ], [ 7.848299044930743, 46.220616060550732 ], [ 7.848386658040201, 46.220616553072077 ], [ 7.848583970596394, 46.220693741622171 ], [ 7.849182167926869, 46.221033321100869 ], [ 7.849393316727311, 46.221174867417048 ], [ 7.849605170612288, 46.221358240878629 ], [ 7.850097175625584, 46.221586564155132 ], [ 7.851077053283215, 46.22192357630486 ], [ 7.851218385005992, 46.221983512535516 ], [ 7.851461645851169, 46.222034351076211 ], [ 7.852037184727044, 46.222184458357347 ], [ 7.852539714852524, 46.22224325323829 ], [ 7.852638643524066, 46.22226574061542 ], [ 7.852846840584649, 46.22237517660276 ], [ 7.852996701124118, 46.222482576825101 ], [ 7.853114213998849, 46.222596932040993 ], [ 7.85329357790396, 46.222749202459511 ], [ 7.853472669114341, 46.22286549070801 ], [ 7.853651726863023, 46.222977280937457 ], [ 7.853879197758074, 46.22306415507542 ], [ 7.854032148124147, 46.223151302231891 ], [ 7.854146321067645, 46.22325208510501 ], [ 7.854150330493247, 46.223259045666325 ], [ 7.854195443546925, 46.223337364160606 ], [ 7.85431597733823, 46.223422381000304 ], [ 7.854481924010192, 46.223513977694751 ], [ 7.854613745355327, 46.223585086037211 ], [ 7.854618660015803, 46.223587771166365 ], [ 7.854755634740656, 46.223715375689977 ], [ 7.854755645494325, 46.223715380300099 ], [ 7.854807647764766, 46.223737673796592 ], [ 7.855187854733222, 46.223882455923693 ], [ 7.855308339735489, 46.223960725103375 ], [ 7.855519788759734, 46.224070144246873 ], [ 7.855679276402628, 46.224164011916386 ], [ 7.855679301978153, 46.224164087016604 ], [ 7.855719052145428, 46.224280809792418 ], [ 7.855768084380439, 46.224404680170636 ], [ 7.855768131438304, 46.224404717982985 ], [ 7.855829376297411, 46.224453931270901 ], [ 7.855741567904645, 46.224496381334667 ], [ 7.855739998673465, 46.224494560984418 ], [ 7.855117894501697, 46.224766766638147 ], [ 7.854998778302795, 46.224818886691772 ], [ 7.854171568279087, 46.224949665324274 ], [ 7.853988596906076, 46.225141855736538 ], [ 7.853463206876023, 46.225301926945633 ], [ 7.853140546992478, 46.225550041395429 ], [ 7.852668945937534, 46.225762177085223 ], [ 7.852350034952027, 46.226009825761786 ], [ 7.851963755915872, 46.226142214425586 ], [ 7.85182616989186, 46.226287367879067 ], [ 7.851531682337352, 46.226406376209226 ], [ 7.851237149984912, 46.226673813351276 ], [ 7.851283647915345, 46.226686507765024 ], [ 7.852926659694631, 46.226638227347983 ], [ 7.853016468212295, 46.226664552038173 ], [ 7.853404347180931, 46.226778247197011 ], [ 7.853472255495896, 46.226798152495519 ], [ 7.853798131725203, 46.227039842488828 ], [ 7.854034515847508, 46.227443782994435 ], [ 7.854492275192701, 46.227981845962027 ], [ 7.854520118844912, 46.228233623985474 ], [ 7.854699924261258, 46.22855436412496 ], [ 7.854756650801104, 46.228655553948229 ], [ 7.855212572039032, 46.228950736247455 ], [ 7.855470566286367, 46.22878786359589 ], [ 7.855923876678779, 46.228741215059536 ], [ 7.856533965616659, 46.2288559091851 ], [ 7.857285875057392, 46.228871122685533 ], [ 7.858065991399804, 46.229183085697919 ], [ 7.858521242338318, 46.22938829993646 ], [ 7.859131621482132, 46.229538961921349 ], [ 7.860298873202237, 46.229624577831103 ], [ 7.860532741588806, 46.229695672386065 ], [ 7.860949747686334, 46.229981980975666 ], [ 7.861080620522974, 46.230143415854002 ], [ 7.861379092411118, 46.230187280402866 ], [ 7.862185524392505, 46.230544095532672 ], [ 7.862575082942407, 46.230632594786897 ], [ 7.862744428456449, 46.230739909309754 ], [ 7.862709390284834, 46.231234805780026 ], [ 7.862905432203515, 46.231440973119838 ], [ 7.863465259211308, 46.231753724440878 ], [ 7.863884260923375, 46.232291895363147 ], [ 7.864576889195323, 46.233008950352833 ], [ 7.864996052256457, 46.2335651081195 ], [ 7.865167593196501, 46.233951278560468 ], [ 7.865369779518546, 46.234940047459361 ], [ 7.865462774144143, 46.235227560431397 ], [ 7.866310314024311, 46.235854063665847 ], [ 7.866701188615069, 46.236104467154725 ], [ 7.867353597419949, 46.236641742883947 ], [ 7.86735366416155, 46.23664188493575 ], [ 7.86745907364398, 46.236866236867449 ], [ 7.867849535877449, 46.237062663582648 ], [ 7.868007081796894, 46.237313946883589 ], [ 7.86804738958822, 46.237493708764099 ], [ 7.868047553306894, 46.237493921119238 ], [ 7.86844114007665, 46.23800443206315 ], [ 7.868751099740384, 46.239031467888779 ], [ 7.868557207417412, 46.239104170153801 ], [ 7.868558626204961, 46.239284079528339 ], [ 7.868691814777546, 46.23973336065761 ], [ 7.868498912899155, 46.239931999388951 ], [ 7.869080151360424, 46.242476637990571 ], [ 7.869264357989635, 46.244951277440258 ], [ 7.870078008965931, 46.247195019754344 ], [ 7.870580269535459, 46.249009237587785 ], [ 7.870668296359209, 46.250937409236904 ], [ 7.870945667973714, 46.252780253418017 ], [ 7.871406480583848, 46.253937370340104 ], [ 7.871531512066126, 46.254201187506624 ], [ 7.871679585953063, 46.254296516090456 ], [ 7.871707220694557, 46.25433077417339 ], [ 7.871702613336024, 46.254403747285089 ], [ 7.871724123031226, 46.254450532870315 ], [ 7.871759488306935, 46.254527401213636 ], [ 7.871815173563282, 46.254648181026766 ], [ 7.871950356304371, 46.254769286399686 ], [ 7.871859449056074, 46.254850775784391 ], [ 7.871812353049246, 46.254945950991164 ], [ 7.871763795517381, 46.254987786995947 ], [ 7.87169836303009, 46.255043900781686 ], [ 7.871722185405096, 46.255185852514849 ], [ 7.872200853054838, 46.257078075540967 ], [ 7.870217193397797, 46.256787082577951 ], [ 7.869001795717828, 46.256921065946948 ], [ 7.868809897061713, 46.256942215260629 ], [ 7.86850406239832, 46.256954351182564 ], [ 7.868112544981286, 46.256988041149633 ], [ 7.867119688622698, 46.257073572729318 ], [ 7.866122811081826, 46.257159380624216 ], [ 7.866095984313167, 46.257161730803723 ], [ 7.864510719300357, 46.257298140518273 ], [ 7.862967567662118, 46.257431041788124 ], [ 7.86228457031915, 46.257489731766363 ], [ 7.862271351646303, 46.257490950651253 ], [ 7.861885445853759, 46.25759692378135 ], [ 7.861039477977971, 46.257829473003568 ], [ 7.859924487484358, 46.258258134317714 ], [ 7.859462945828623, 46.259672001049317 ], [ 7.859382482004025, 46.259900162019271 ], [ 7.859038413085806, 46.260876307721794 ], [ 7.858629002694273, 46.261823818310219 ], [ 7.857496165392453, 46.264634773165788 ], [ 7.855227483954873, 46.265989980249863 ], [ 7.854932295582115, 46.266129329799739 ], [ 7.854550287306059, 46.266330977966817 ], [ 7.853938283379152, 46.26663233131228 ], [ 7.853007652063902, 46.2669438428549 ], [ 7.85149234941272, 46.268652177771791 ], [ 7.851400194075737, 46.268935609380058 ], [ 7.851298535821923, 46.269231849470046 ], [ 7.851121954916296, 46.269535288968399 ], [ 7.850812555000554, 46.269891926449311 ], [ 7.851586780336628, 46.270055618439756 ], [ 7.852050846266218, 46.270166912612595 ], [ 7.85205045443239, 46.270167066684515 ], [ 7.8513770230763, 46.270431864808408 ], [ 7.848011811506125, 46.271204111291318 ], [ 7.848009370100399, 46.271204671543458 ], [ 7.848226011291258, 46.270893409812686 ], [ 7.84951438548888, 46.269737263988098 ], [ 7.849771261915085, 46.269403489943983 ], [ 7.84996274890618, 46.268997959834479 ], [ 7.850322640021242, 46.268564848401823 ], [ 7.8504103655191, 46.268159721481993 ], [ 7.850408313715619, 46.267889907015373 ], [ 7.850408313265768, 46.267889847859493 ], [ 7.84995057192808, 46.267396745049957 ], [ 7.849559617382536, 46.267155278806797 ], [ 7.847019568072175, 46.26572511834204 ], [ 7.844025688368679, 46.264296544115169 ], [ 7.842894972875606, 46.263985733718833 ], [ 7.840189438557529, 46.262933850054594 ], [ 7.839318827435475, 46.262712039177138 ], [ 7.838823998815915, 46.26244391626436 ], [ 7.838017774444355, 46.262158897881392 ], [ 7.837756977978843, 46.261953019684618 ], [ 7.837756868897127, 46.261952933573227 ], [ 7.837520417001948, 46.261548985590707 ], [ 7.837387419740352, 46.261099685433678 ], [ 7.837031831954645, 46.260363331846136 ], [ 7.83670672459284, 46.260247557170722 ], [ 7.836589931116245, 46.260245182521111 ], [ 7.835954387485035, 46.260232260622715 ], [ 7.834267103053085, 46.260058376743302 ], [ 7.833656567761989, 46.259925580255924 ], [ 7.831540480776446, 46.259636097674985 ], [ 7.830631542823716, 46.259486336898043 ], [ 7.83004665050044, 46.259308444638606 ], [ 7.829656281242999, 46.259129878173063 ], [ 7.829369006930309, 46.258860997654118 ], [ 7.828871467308608, 46.25820602487132 ], [ 7.828777107033655, 46.25771156724111 ], [ 7.828927086320004, 46.256928414015277 ], [ 7.828834827228935, 46.256721821255624 ], [ 7.828313357900138, 46.256345795877408 ], [ 7.827818641540056, 46.256077633848498 ], [ 7.827298622338795, 46.255899504674453 ], [ 7.826714099756162, 46.255766581683602 ], [ 7.826194854585041, 46.255696393421445 ], [ 7.825611167082758, 46.255680415213931 ], [ 7.825350339480787, 46.255474404330101 ], [ 7.825110700101121, 46.255465725363877 ], [ 7.824896333901948, 46.255457961710817 ], [ 7.824155672149453, 46.255253592032659 ], [ 7.823765351343355, 46.255075005249317 ], [ 7.823399571940536, 46.254698428025527 ], [ 7.823332942759384, 46.254446774243675 ], [ 7.823365445425674, 46.253547065289496 ], [ 7.823260296320321, 46.253349516582887 ], [ 7.822478094132131, 46.25276744804318 ], [ 7.822190585447069, 46.252453571798668 ], [ 7.821890884741338, 46.252247684658755 ], [ 7.821176919604546, 46.252142167203075 ], [ 7.820462466073004, 46.251964663192247 ], [ 7.819359104840527, 46.251806462763938 ], [ 7.819163970846177, 46.251717161248358 ], [ 7.818961556099365, 46.250593367908579 ], [ 7.818992835953859, 46.249860321772829 ], [ 7.818994957556963, 46.249810601817863 ], [ 7.81878504239981, 46.249731426244487 ], [ 7.818214868970679, 46.249516368843274 ], [ 7.817434051768132, 46.249114175424417 ], [ 7.817003961535555, 46.248800762869834 ], [ 7.815338235008961, 46.247593351934327 ], [ 7.81463206948037, 46.247081484008895 ], [ 7.813159895923572, 46.246069863779461 ], [ 7.812573315463474, 46.245622016233497 ], [ 7.81150537329049, 46.244932867079434 ], [ 7.811180622629968, 46.244843978500143 ], [ 7.810622618597576, 46.244773855595035 ], [ 7.810104186185178, 46.244802543946328 ], [ 7.808521464560959, 46.24467280534968 ], [ 7.807058967830571, 46.245055426774634 ], [ 7.805763813144974, 46.245266541670006 ], [ 7.80293642765027, 46.245824304224008 ], [ 7.802889217389067, 46.245833617462658 ], [ 7.8025649557055, 46.245816668188752 ], [ 7.802045250264681, 46.245656422876721 ], [ 7.801966939237317, 46.245621463602205 ], [ 7.801004866115579, 46.245191979026387 ], [ 7.800420045473726, 46.244986956039256 ], [ 7.79983587161041, 46.244880871681772 ], [ 7.799381783740885, 46.244837349045618 ], [ 7.798961905374828, 46.244706542066815 ], [ 7.798953033024421, 46.244703778015499 ], [ 7.798941046879709, 46.244701838595233 ], [ 7.798407892957825, 46.244615571530474 ], [ 7.797758531855368, 46.244455709265537 ], [ 7.797280937693462, 46.244195579045972 ], [ 7.797068872672155, 46.244080074031558 ], [ 7.79609452016327, 46.243786303543303 ], [ 7.795701637285992, 46.243704693915419 ], [ 7.794601456249185, 46.243476164319937 ], [ 7.793607290393105, 46.243179975690829 ], [ 7.793107493464998, 46.243031072802985 ], [ 7.792588296529617, 46.242942739163425 ], [ 7.792199787633631, 46.243015917872725 ], [ 7.791941173936497, 46.243124673012282 ], [ 7.791956873162563, 46.243090637481245 ], [ 7.792102979277656, 46.242773883063265 ], [ 7.792107387226125, 46.24276432674079 ], [ 7.792105638203124, 46.242494461348386 ], [ 7.791974241074654, 46.242225000392871 ], [ 7.791906794983417, 46.241820404470744 ], [ 7.791924093821231, 46.240497965463888 ], [ 7.792177498774607, 46.239597578525938 ], [ 7.792725361610051, 46.23812954229885 ], [ 7.792785748191229, 46.237454658517279 ], [ 7.792975502206567, 46.236734400649169 ], [ 7.793194289925533, 46.236490823335096 ], [ 7.793517296560589, 46.236327880374127 ], [ 7.793901954131162, 46.235678966701698 ], [ 7.794035139307917, 46.235366299395423 ], [ 7.794785946251711, 46.235202018726206 ], [ 7.795497623956638, 46.235001873561806 ], [ 7.795975784902012, 46.234775473745664 ], [ 7.796789030142058, 46.234251154951181 ], [ 7.797459136504504, 46.233646322560205 ], [ 7.797846064484672, 46.233348238205849 ], [ 7.798724736432253, 46.23292265051105 ], [ 7.799113138548916, 46.232849449476142 ], [ 7.800148236471963, 46.232558288133148 ], [ 7.801313485950226, 46.232347661848166 ], [ 7.802349462299762, 46.232191412908335 ], [ 7.802568923034472, 46.232055772485609 ], [ 7.802799363128265, 46.231623238343367 ], [ 7.803275840331958, 46.231153929070764 ], [ 7.803375748087671, 46.230586878479563 ], [ 7.803698173322311, 46.23034295583836 ], [ 7.803917743719264, 46.230225303810549 ], [ 7.804084923091017, 46.230026859151749 ], [ 7.804147743389731, 46.229729798436168 ], [ 7.804107230587467, 46.229487045374327 ], [ 7.804171135203494, 46.229351903686165 ], [ 7.804299968624592, 46.229234543732964 ], [ 7.804856597302241, 46.229124796774911 ], [ 7.805335877122223, 46.229078267424292 ], [ 7.805854343894166, 46.22907658746513 ], [ 7.806346280890454, 46.228985034293913 ], [ 7.807704636480449, 46.228593800662416 ], [ 7.808248412119683, 46.228502070233255 ], [ 7.808805635806597, 46.228482258812647 ], [ 7.809778178582206, 46.228542045567046 ], [ 7.810231403441788, 46.228477589404321 ], [ 7.810710979773503, 46.228476014740608 ], [ 7.811073595276218, 46.228429844260646 ], [ 7.811787216816446, 46.228535443462796 ], [ 7.812046139608389, 46.228489611489024 ], [ 7.813598430424179, 46.228034697257591 ], [ 7.814400178963934, 46.22776216865109 ], [ 7.814954910332263, 46.227382507069201 ], [ 7.816120489675649, 46.227243692059432 ], [ 7.816529951440637, 46.22647769167137 ], [ 7.816980156104771, 46.225981424724267 ], [ 7.817274947789009, 46.225503667157163 ], [ 7.818698442887236, 46.225184048612945 ], [ 7.81954202112853, 46.225343136662808 ], [ 7.820022638824919, 46.225494445830286 ], [ 7.821036734793925, 46.225940810825094 ], [ 7.821232599705851, 46.226147050396825 ], [ 7.821711333866869, 46.226028487642623 ], [ 7.821944820260459, 46.226054684606595 ], [ 7.822466232919584, 46.226475716482483 ], [ 7.822595606379307, 46.226635495583601 ], [ 7.822596983124408, 46.226637195894433 ], [ 7.822921643770866, 46.226726051590539 ], [ 7.823658196303578, 46.227081062467448 ], [ 7.823662966232526, 46.227083361524997 ], [ 7.824288601127663, 46.227575996308964 ], [ 7.825030581432461, 46.228023252187015 ], [ 7.825487229320088, 46.228444491283256 ], [ 7.827149247516287, 46.229515213787984 ], [ 7.827153991153741, 46.229518269783028 ], [ 7.827567676833057, 46.229363922579097 ], [ 7.828510152641126, 46.228838930309756 ], [ 7.828529707870823, 46.228822478813093 ], [ 7.829074744480434, 46.228363948378878 ], [ 7.829605310528343, 46.227917591792846 ], [ 7.829863247455989, 46.227736786670498 ], [ 7.830120536972871, 46.227466026090589 ], [ 7.830791418121422, 46.227031910446051 ], [ 7.831085015509932, 46.226814333509353 ], [ 7.831242662866328, 46.226697505396345 ], [ 7.831887927931494, 46.226308450563614 ], [ 7.832895178471652, 46.225792192162935 ], [ 7.833243494726128, 46.225566085958363 ], [ 7.833605224844712, 46.225402901858857 ], [ 7.834083990720057, 46.225293282154702 ], [ 7.834212097573664, 46.22508593327516 ], [ 7.835605959975369, 46.224271440634553 ], [ 7.836100964443768, 46.223924380656598 ], [ 7.836186231899209, 46.223864597517064 ], [ 7.836339788933071, 46.223594186842256 ], [ 7.836529378628697, 46.223399073047737 ], [ 7.836532750261163, 46.223395603175589 ], [ 7.83694080573478, 46.2231263171685 ], [ 7.837629110460771, 46.222672087674454 ], [ 7.837757724243681, 46.22253669864314 ], [ 7.837859232107075, 46.222239482222797 ], [ 7.838141387407129, 46.221833679829025 ], [ 7.838205634848033, 46.221686081689249 ], [ 7.838396300245431, 46.22124805867108 ], [ 7.838418393315177, 46.221216435215901 ], [ 7.838755412616766, 46.220734034404188 ], [ 7.839036893075705, 46.220238275009521 ], [ 7.83904765599784, 46.220228838436519 ], [ 7.839522236092505, 46.219812742356694 ], [ 7.840897551095588, 46.219986428630079 ], [ 7.842928603867865, 46.221062142438051 ], [ 7.844059360602172, 46.220950995539027 ], [ 7.845220576400866, 46.220327997590992 ], [ 7.8456485660952, 46.220243159269366 ], [ 7.846626962779551, 46.220394345632194 ], [ 7.847535504305695, 46.220145477205953 ], [ 7.847535544094211, 46.220145466307052 ] ] ] } },
{ "type": "Feature", "properties": { "geo_point_2d": { "lon": 7.811215003241508, "lat": 46.053965170364684 }, "year": "2023", "kan_code": [ "23" ], "kan_name": [ "Valais" ], "bez_code": [ "2311", "2313" ], "bez_name": [ "Sierre", "Visp" ], "gem_code": [ "6252", "6287", "6288", "6290", "6295", "6300" ], "gem_name": [ "Anniviers", "Randa", "Saas-Almagell", "Saas-Fee", "Täsch", "Zermatt" ], "plz_code": [ "3929" ], "plz_area_code": "CHE", "plz_type": "PLZ4/NPA4" }, "geometry": { "type": "Polygon", "coordinates": [ [ [ 7.690050273225539, 46.064275881697156 ], [ 7.690372141842162, 46.064023290166162 ], [ 7.690500198720197, 46.063780125272743 ], [ 7.690499138782177, 46.063555239091009 ], [ 7.690950664982598, 46.06339231234778 ], [ 7.691441087534292, 46.063283290139623 ], [ 7.691441178807915, 46.063283269849258 ], [ 7.691246376232365, 46.063076807912928 ], [ 7.69098741967676, 46.062969439846775 ], [ 7.691566721017387, 46.062491354359018 ], [ 7.691823929949923, 46.062220894280181 ], [ 7.692464667610678, 46.061049955940895 ], [ 7.692592564221423, 46.060761802363366 ], [ 7.692875478021818, 46.060464286522112 ], [ 7.693388543474335, 46.059698366443541 ], [ 7.693748775831175, 46.059382647050725 ], [ 7.694868839749948, 46.058525492029709 ], [ 7.695873713142611, 46.057893539545667 ], [ 7.696414917064835, 46.057577471514591 ], [ 7.697059668602817, 46.057306150830549 ], [ 7.697511178952912, 46.057152193289816 ], [ 7.697963495945888, 46.057169147323812 ], [ 7.699773624350121, 46.05741682711971 ], [ 7.700678608661709, 46.057522669724811 ], [ 7.702553669758554, 46.057833114103197 ], [ 7.70365252627583, 46.057947475431796 ], [ 7.704300003057836, 46.058233803442882 ], [ 7.704624342596567, 46.058502879755387 ], [ 7.705468192305606, 46.05931045323355 ], [ 7.707645292340898, 46.060564658734727 ], [ 7.707994545477754, 46.060635800131791 ], [ 7.709389804845707, 46.060587442932018 ], [ 7.71051237907586, 46.060269858457808 ], [ 7.711157105254311, 46.059998456955924 ], [ 7.71186698400004, 46.059834822797171 ], [ 7.7132587849467, 46.059093840810512 ], [ 7.713928273144417, 46.058615465644316 ], [ 7.714250761009104, 46.058506732893505 ], [ 7.714702640932299, 46.058433665328756 ], [ 7.715128255626049, 46.058279709299562 ], [ 7.715991318312081, 46.057755861237339 ], [ 7.716505773616725, 46.057286855724257 ], [ 7.716568871675881, 46.056989856486531 ], [ 7.716567156682498, 46.056657043489338 ], [ 7.716734076144237, 46.056449735188941 ], [ 7.716927201507084, 46.056314344452375 ], [ 7.717313894029664, 46.056133480369752 ], [ 7.718540574732207, 46.055977523621181 ], [ 7.719984191954277, 46.055299289746927 ], [ 7.721053409482908, 46.054684951728184 ], [ 7.72153053159122, 46.054503847025778 ], [ 7.722212730894315, 46.054007399566977 ], [ 7.722600008887536, 46.053943457914748 ], [ 7.723181402054719, 46.053941994972583 ], [ 7.724342806109884, 46.053669197174784 ], [ 7.725917484189706, 46.053368350462648 ], [ 7.726368880590943, 46.053214286269309 ], [ 7.727053496302903, 46.053185544700128 ], [ 7.727700348680145, 46.05334580211224 ], [ 7.7282832708785, 46.053632157442934 ], [ 7.728762266186368, 46.053810821175389 ], [ 7.729319753495999, 46.054169191902957 ], [ 7.73035544181946, 46.05455330359888 ], [ 7.731415481505217, 46.054658498626836 ], [ 7.731868173686275, 46.054747270874856 ], [ 7.733616306536945, 46.055462318389324 ], [ 7.734004309362459, 46.055533259892798 ], [ 7.734391778734871, 46.055505259375863 ], [ 7.734778650971875, 46.055369321453448 ], [ 7.73542139441251, 46.0547649504486 ], [ 7.735649799618437, 46.053999764125813 ], [ 7.736294656021766, 46.053791168877453 ], [ 7.736643400560242, 46.053772258178718 ], [ 7.737418949307362, 46.05383316915497 ], [ 7.737871054491891, 46.053813981185314 ], [ 7.738387365823072, 46.053722656597834 ], [ 7.738878920525929, 46.053829288622943 ], [ 7.739656773392555, 46.05430395554864 ], [ 7.740112064555045, 46.054860429591187 ], [ 7.740889917050466, 46.055335097110962 ], [ 7.741666999288796, 46.055665823490415 ], [ 7.743501864874001, 46.055687863374033 ], [ 7.744407055935501, 46.05582034077289 ], [ 7.74466556783668, 46.055837631729425 ], [ 7.744899043883849, 46.055998909910748 ], [ 7.745569137436474, 46.055682255340102 ], [ 7.747092847861578, 46.055516175151709 ], [ 7.74760863929547, 46.055334863098828 ], [ 7.748085170520087, 46.055063700671532 ], [ 7.74879245328153, 46.054477076202005 ], [ 7.75039873650285, 46.05294346250259 ], [ 7.750694842413295, 46.05276273352154 ], [ 7.751107507136804, 46.052626668091641 ], [ 7.752076131993104, 46.052561005894717 ], [ 7.752436326353414, 46.052290147835237 ], [ 7.752757100176423, 46.051902474020103 ], [ 7.753207206905955, 46.051541407772994 ], [ 7.753684453659845, 46.051405143953488 ], [ 7.754627201873883, 46.051339540933292 ], [ 7.755362156081254, 46.051085606300383 ], [ 7.755917431260994, 46.051039069697183 ], [ 7.757336342892365, 46.050657269495495 ], [ 7.758006561107425, 46.05038551812401 ], [ 7.759425032410814, 46.049931737300497 ], [ 7.760070303902245, 46.049812959990511 ], [ 7.760690845603103, 46.049883138274375 ], [ 7.761944003094117, 46.049879548045936 ], [ 7.763145204338948, 46.049831124394338 ], [ 7.763945656216706, 46.049738865434207 ], [ 7.765043512638857, 46.049690710222066 ], [ 7.767986443769741, 46.049250377098673 ], [ 7.768658123077716, 46.049230424656024 ], [ 7.769922102624403, 46.048884927514074 ], [ 7.772240178786761, 46.047690696391932 ], [ 7.77288427150096, 46.04739193771838 ], [ 7.773618951683168, 46.047119893285071 ], [ 7.77452044718423, 46.046667436582148 ], [ 7.776259839969759, 46.045924611815188 ], [ 7.777135329582133, 46.04544523417843 ], [ 7.778836491920866, 46.044792439734955 ], [ 7.779261384316533, 46.044566269347008 ], [ 7.78058167478099, 46.044985051265208 ], [ 7.782716880568389, 46.045563212014947 ], [ 7.784179518124565, 46.046008495672716 ], [ 7.786534871577214, 46.04665789276936 ], [ 7.787025025263515, 46.046539438671552 ], [ 7.787501455810318, 46.04629508686763 ], [ 7.788081629906983, 46.046113380918108 ], [ 7.788572248359884, 46.046066883187457 ], [ 7.78905051063217, 46.046110359388422 ], [ 7.790020976352002, 46.046350205007492 ], [ 7.790731784710585, 46.046392958937915 ], [ 7.792650157915537, 46.047376408820192 ], [ 7.793713471907866, 46.047984741091405 ], [ 7.794458369003475, 46.047307736351655 ], [ 7.795936351269979, 46.046133678909108 ], [ 7.796708914896394, 46.045744421027116 ], [ 7.798791874309848, 46.04425355102169 ], [ 7.799216561301613, 46.044009314563347 ], [ 7.800377373601828, 46.043735732851189 ], [ 7.801306683606089, 46.043615799046911 ], [ 7.802760259537041, 46.042693597165332 ], [ 7.802822751719795, 46.042378559412732 ], [ 7.802716707363403, 46.041974109707809 ], [ 7.802905159037585, 46.041181918104321 ], [ 7.803070864759541, 46.040848555918082 ], [ 7.803519048353864, 46.04026241349829 ], [ 7.803513732628416, 46.039470847282836 ], [ 7.803602529784906, 46.039227688697245 ], [ 7.803316673592241, 46.038976745774306 ], [ 7.802797085051469, 46.038466214789445 ], [ 7.802796575048204, 46.038465713676644 ], [ 7.802820732043537, 46.038213759739278 ], [ 7.802947774339231, 46.03789851371242 ], [ 7.802945366683931, 46.037538716662873 ], [ 7.80281470850532, 46.037314258129861 ], [ 7.802851827993047, 46.037071266946469 ], [ 7.803043593127926, 46.036773803068584 ], [ 7.803748861173762, 46.03600692700622 ], [ 7.803835032283263, 46.035376976333055 ], [ 7.803833411876628, 46.03513410122639 ], [ 7.804386680375544, 46.034817482424167 ], [ 7.804834800270823, 46.034231326126964 ], [ 7.805373920152853, 46.033734828010218 ], [ 7.805670803973385, 46.033706876026095 ], [ 7.805888842271496, 46.033481286395684 ], [ 7.806055110127666, 46.033237864794273 ], [ 7.806143497698472, 46.032940741211441 ], [ 7.80633358608892, 46.03240040588507 ], [ 7.806757542215841, 46.032066187566187 ], [ 7.807234787874657, 46.031974673891575 ], [ 7.807787701262824, 46.031613052631002 ], [ 7.808069702046871, 46.0312973028107 ], [ 7.808455928182246, 46.03111612623853 ], [ 7.810170234897068, 46.030615738142608 ], [ 7.810427426296935, 46.030452970734274 ], [ 7.810709270565371, 46.030119214652423 ], [ 7.811067006329091, 46.029551322631818 ], [ 7.811387597623622, 46.029217436946738 ], [ 7.811773614090654, 46.029009262933933 ], [ 7.81241531762939, 46.028422444986425 ], [ 7.812865033621904, 46.028088127222951 ], [ 7.812797389644196, 46.02763857324603 ], [ 7.812821188080862, 46.027341613646328 ], [ 7.813267853050422, 46.026557472127521 ], [ 7.813819772461675, 46.026060854954984 ], [ 7.81427033720697, 46.0258524306753 ], [ 7.81665472631709, 46.025169744935262 ], [ 7.81719510554633, 46.024880047818812 ], [ 7.818030761184089, 46.02433747959148 ], [ 7.818777370892548, 46.023993098691747 ], [ 7.819642102524346, 46.02392721247498 ], [ 7.820195805393418, 46.02370042485785 ], [ 7.82071278722818, 46.023761644015863 ], [ 7.821938898269316, 46.023667519872575 ], [ 7.822712928004337, 46.023556931350825 ], [ 7.824481687891194, 46.023505908427673 ], [ 7.825385741268941, 46.023520803648722 ], [ 7.826523985748519, 46.023786771524883 ], [ 7.827518166264406, 46.023765348406599 ], [ 7.82816126472602, 46.023403279692282 ], [ 7.828521875972258, 46.023267091297541 ], [ 7.828776952095919, 46.022816394830755 ], [ 7.829033935846941, 46.022635585298111 ], [ 7.830128642034482, 46.022226954529799 ], [ 7.830578997132111, 46.022000492290189 ], [ 7.831285648645975, 46.021503233235542 ], [ 7.831697566018449, 46.021321878152307 ], [ 7.832764937624041, 46.02070640974803 ], [ 7.833496416290625, 46.020074116427388 ], [ 7.834203354293485, 46.019621824817001 ], [ 7.835491325853989, 46.019167485827865 ], [ 7.835915979956057, 46.018968079276711 ], [ 7.836754421052963, 46.018848171420252 ], [ 7.837141131585501, 46.018756832021481 ], [ 7.837526398803458, 46.018467593812844 ], [ 7.837937747648297, 46.018214253225935 ], [ 7.838168540820668, 46.01798851960843 ], [ 7.839033153913878, 46.017922475429664 ], [ 7.839653381626109, 46.017983240828755 ], [ 7.840324782001431, 46.017980851557567 ], [ 7.841677725333093, 46.017598201663212 ], [ 7.842358503355045, 46.01711900132554 ], [ 7.843647973395222, 46.01688948860069 ], [ 7.844551642822323, 46.01686825753454 ], [ 7.845609030083118, 46.016684535252409 ], [ 7.847712350988107, 46.016515005028467 ], [ 7.850253690988248, 46.01621789945353 ], [ 7.851157482316125, 46.016214605996247 ], [ 7.85206227961987, 46.016346226272177 ], [ 7.853004793426332, 46.016342767023374 ], [ 7.855847820840674, 46.016665130104897 ], [ 7.856138261281518, 46.0175006442986 ], [ 7.85618043931619, 46.01795026725938 ], [ 7.856180906304247, 46.017950231850435 ], [ 7.858051576243424, 46.017808389988026 ], [ 7.860568622974087, 46.017709062628462 ], [ 7.861820156564811, 46.017587430370227 ], [ 7.863885985690706, 46.017579658996773 ], [ 7.866122485954319, 46.017931035364185 ], [ 7.86996292654821, 46.018636067426549 ], [ 7.871102210109965, 46.019018514415819 ], [ 7.87233169174528, 46.019373625297419 ], [ 7.873367867605843, 46.019774437193469 ], [ 7.875143657776851, 46.020622176915481 ], [ 7.875831247656222, 46.0210243151407 ], [ 7.876543363833976, 46.021264433203314 ], [ 7.877189928295278, 46.021378863349277 ], [ 7.877963728516207, 46.021258908574595 ], [ 7.880121907323774, 46.021475378862618 ], [ 7.881803304746145, 46.021810616426215 ], [ 7.882617516583109, 46.021897369679152 ], [ 7.88319821073497, 46.021850103849111 ], [ 7.883715219797073, 46.02191104264385 ], [ 7.883715337342559, 46.021911765552673 ], [ 7.883851162864098, 46.022747097225363 ], [ 7.884009568147365, 46.023169265160952 ], [ 7.884009993071264, 46.023169440492495 ], [ 7.884333485407309, 46.023302919474894 ], [ 7.884333597098268, 46.023303485932921 ], [ 7.884400833603304, 46.023644486300178 ], [ 7.88492653024679, 46.024766848921097 ], [ 7.885293409536252, 46.025413080180144 ], [ 7.884979628489777, 46.026520791420971 ], [ 7.884885649615398, 46.027663614775918 ], [ 7.884928452084118, 46.028158221974643 ], [ 7.885022531472733, 46.02860763019131 ], [ 7.885390954043748, 46.029442745259011 ], [ 7.885553284781427, 46.030341681379028 ], [ 7.885532611644682, 46.03097145624789 ], [ 7.885434242297264, 46.031574561127009 ], [ 7.885481827789868, 46.032653855388482 ], [ 7.885463336173144, 46.035127732189707 ], [ 7.88564214140325, 46.036458393221196 ], [ 7.885736033342813, 46.036880815192553 ], [ 7.886196039806442, 46.037850517853094 ], [ 7.886523891822741, 46.038451923130019 ], [ 7.88652428115032, 46.038452280350256 ], [ 7.886719110359766, 46.03863104224726 ], [ 7.887274502038697, 46.038628825629601 ], [ 7.888242096134603, 46.038490020670025 ], [ 7.888500410133416, 46.038488972751622 ], [ 7.88930478073828, 46.038917542770903 ], [ 7.889630065033087, 46.039204102638017 ], [ 7.889799834317112, 46.039428305345574 ], [ 7.889961896186965, 46.04028225039535 ], [ 7.890290262730706, 46.040937607781053 ], [ 7.890745477632692, 46.041313600509866 ], [ 7.891071378860187, 46.041672109921002 ], [ 7.891071498292903, 46.041672305633206 ], [ 7.891372566761737, 46.042165661024391 ], [ 7.891373124207346, 46.042166322714657 ], [ 7.891659576365172, 46.04250634262339 ], [ 7.891725801982197, 46.042703980470947 ], [ 7.891728050075329, 46.042973840308015 ], [ 7.891924792783564, 46.043332875071357 ], [ 7.891925170478649, 46.043333194404248 ], [ 7.892380113380638, 46.043717838622221 ], [ 7.892380425629486, 46.043718322640949 ], [ 7.892681100404318, 46.044184400335993 ], [ 7.893161895362744, 46.044524289111315 ], [ 7.893810179330083, 46.044809526390544 ], [ 7.894071007646366, 46.045105320529316 ], [ 7.894071056397403, 46.045105413868569 ], [ 7.894579328293933, 46.046078556611072 ], [ 7.89459612210269, 46.046110710214727 ], [ 7.894452100109679, 46.046080009584045 ], [ 7.893560812730537, 46.045890017180227 ], [ 7.89239807349966, 46.045876744830686 ], [ 7.891300954401265, 46.045989118034889 ], [ 7.890178946955491, 46.046218532347822 ], [ 7.88968808199801, 46.04622050500906 ], [ 7.889108480774981, 46.046429747384103 ], [ 7.888244081343977, 46.046568148116172 ], [ 7.887822056796919, 46.046676926693074 ], [ 7.88753509197363, 46.046750893066161 ], [ 7.887018507223694, 46.046770956660403 ], [ 7.886374077143318, 46.046953446663373 ], [ 7.884701488890133, 46.04798833088936 ], [ 7.88447176894366, 46.048130466019479 ], [ 7.884273261276798, 46.048196225250287 ], [ 7.884059471402511, 46.048267046986851 ], [ 7.883480364649998, 46.048539209710619 ], [ 7.883426248471014, 46.048627536390043 ], [ 7.883314614974031, 46.04880974097815 ], [ 7.883122161617919, 46.048972420670296 ], [ 7.882864880647771, 46.049108368417784 ], [ 7.882452571554182, 46.049244925522274 ], [ 7.881316787079631, 46.049384331094103 ], [ 7.880515786987871, 46.049387462092191 ], [ 7.879678513888782, 46.04932915454382 ], [ 7.878925790189956, 46.049276735000511 ], [ 7.878064552482555, 46.049329572560268 ], [ 7.877673220053143, 46.049353581089441 ], [ 7.876683147528566, 46.049639177343138 ], [ 7.876345567071898, 46.049736555778914 ], [ 7.875354752044728, 46.050235163594408 ], [ 7.87499502522646, 46.050488432876939 ], [ 7.874518793723052, 46.050715164267395 ], [ 7.87426257061114, 46.050986022544869 ], [ 7.874333283485649, 46.051750395624879 ], [ 7.874271694894053, 46.052128449698571 ], [ 7.874404845317003, 46.052622703964047 ], [ 7.874436789564125, 46.053387208842338 ], [ 7.874544104534828, 46.053881562800676 ], [ 7.874508596082802, 46.054286503207116 ], [ 7.874291318681714, 46.054584198014794 ], [ 7.873597672075215, 46.054959961213619 ], [ 7.873493310220226, 46.055016496262006 ], [ 7.873455082780157, 46.055037204883703 ], [ 7.873346567518516, 46.055070550393062 ], [ 7.871972787658772, 46.055492697365572 ], [ 7.871479678784665, 46.05575823739288 ], [ 7.87109789934234, 46.055963826318298 ], [ 7.870809375067783, 46.056005150421854 ], [ 7.870452571350359, 46.056056253899335 ], [ 7.870401326560172, 46.05615545914079 ], [ 7.869879884199796, 46.057164924006884 ], [ 7.869482701725376, 46.057550345691233 ], [ 7.869302865891076, 46.057724856488221 ], [ 7.868917007355028, 46.057951219076315 ], [ 7.868569175843113, 46.058087488189706 ], [ 7.867565075877853, 46.058568077355218 ], [ 7.866767627630636, 46.059038878100807 ], [ 7.866447270435117, 46.059381926813693 ], [ 7.866282273251466, 46.059760377503437 ], [ 7.865920385472243, 46.060358990421911 ], [ 7.865682693017685, 46.060752166931572 ], [ 7.864812305294662, 46.061816950141008 ], [ 7.864586615740572, 46.062024953373573 ], [ 7.864106639602222, 46.062467315842376 ], [ 7.863889635526781, 46.062809967576243 ], [ 7.863852967273938, 46.06307997458169 ], [ 7.863958806214325, 46.063394422776568 ], [ 7.863964015125446, 46.06406092232568 ], [ 7.863964078912201, 46.064069084078092 ], [ 7.863966254449373, 46.064078443711665 ], [ 7.864030930067686, 46.064356692273009 ], [ 7.864058384607842, 46.06479930774033 ], [ 7.864060496689188, 46.064833358205803 ], [ 7.864257989150905, 46.065300386402086 ], [ 7.864264739139104, 46.065330588703809 ], [ 7.864442252357452, 46.066124857911767 ], [ 7.864499042686049, 46.066378961858135 ], [ 7.864309622087452, 46.066946401195125 ], [ 7.864275893830545, 46.067594231899939 ], [ 7.864453964197389, 46.068879944782225 ], [ 7.864488650172468, 46.068944061335245 ], [ 7.864585091674582, 46.069122332139791 ], [ 7.865196737962856, 46.069659760409408 ], [ 7.865689609775186, 46.069882796619851 ], [ 7.866298294885357, 46.070042413513967 ], [ 7.866451803159005, 46.070047935023268 ], [ 7.866750796047201, 46.070058689440437 ], [ 7.86649619019097, 46.070554414812257 ], [ 7.866417876296738, 46.070908758612916 ], [ 7.866221595596053, 46.071796862188393 ], [ 7.866508757676888, 46.072155599553277 ], [ 7.866396581716889, 46.072536749469982 ], [ 7.866357676383028, 46.072668941472266 ], [ 7.866459528336099, 46.072765047283561 ], [ 7.866813452444625, 46.073099004194169 ], [ 7.866647545440308, 46.073369502542228 ], [ 7.86623588418933, 46.073748965749729 ], [ 7.866108578808493, 46.073866313952969 ], [ 7.865981229503434, 46.074109678381248 ], [ 7.86572520543922, 46.074425494681201 ], [ 7.865508327743571, 46.074642045957468 ], [ 7.865476211676707, 46.074674113686918 ], [ 7.865019808337234, 46.075129830100536 ], [ 7.864723934160695, 46.075310860036502 ], [ 7.864064172903585, 46.075575532300164 ], [ 7.863886378728886, 46.075646856868218 ], [ 7.863681689659375, 46.075819702306077 ], [ 7.863565359553499, 46.075917934850366 ], [ 7.863384391473245, 46.076009491796114 ], [ 7.863153345353367, 46.076126384659389 ], [ 7.862955595430708, 46.076283227008901 ], [ 7.862446790400732, 46.076686777995285 ], [ 7.861996477261022, 46.076958336792153 ], [ 7.861635259594732, 46.077049647209371 ], [ 7.861351737525241, 46.077307099296625 ], [ 7.860839435035579, 46.07777229534117 ], [ 7.860319924136561, 46.077965789278551 ], [ 7.860156315790656, 46.078026725869293 ], [ 7.859963954655568, 46.078225347970793 ], [ 7.859811283333392, 46.07854076498262 ], [ 7.859583811948053, 46.079216295262505 ], [ 7.859415303925593, 46.079495275973578 ], [ 7.859175381240792, 46.079892490303379 ], [ 7.85918128825272, 46.080657106662713 ], [ 7.859286387615293, 46.080801431223378 ], [ 7.859311949044743, 46.080836532692928 ], [ 7.859313194864922, 46.080998449574643 ], [ 7.859302728278435, 46.081013213809207 ], [ 7.859185314252334, 46.081178838793498 ], [ 7.858992454345948, 46.081314491611742 ], [ 7.858287364547899, 46.082081752975277 ], [ 7.858156350231209, 46.082336711976971 ], [ 7.858032638586267, 46.082577459692864 ], [ 7.857865969451307, 46.082757991483902 ], [ 7.857646350673106, 46.082776798007927 ], [ 7.857260610948505, 46.083048098083502 ], [ 7.85715877940911, 46.083255393320378 ], [ 7.857224791728973, 46.083435061426911 ], [ 7.85680988853214, 46.083274677310357 ], [ 7.855968110769514, 46.083079869742569 ], [ 7.855670915446881, 46.083098959119376 ], [ 7.855387414037862, 46.083216949202679 ], [ 7.85373012734471, 46.082881219834846 ], [ 7.852927828955397, 46.082776218842135 ], [ 7.850686818362545, 46.082172707061545 ], [ 7.849715935106616, 46.081996333284103 ], [ 7.849068224311711, 46.0818187768893 ], [ 7.848717855506935, 46.081640137257132 ], [ 7.848132090165561, 46.081102516174376 ], [ 7.84722303028671, 46.080548080223814 ], [ 7.846795587885717, 46.080432682993354 ], [ 7.846250858848533, 46.08019175978955 ], [ 7.844784459840076, 46.079432415542378 ], [ 7.844109088550609, 46.079003034726071 ], [ 7.843422666644103, 46.078825585128939 ], [ 7.841218436326831, 46.07791590300647 ], [ 7.840895293098763, 46.077917054742706 ], [ 7.840314415241277, 46.078027070272064 ], [ 7.839771401499411, 46.078011009519585 ], [ 7.839344166638808, 46.077922570310761 ], [ 7.837248991651655, 46.077768065282903 ], [ 7.835956383056773, 46.077772621255207 ], [ 7.83511378655326, 46.077442745067252 ], [ 7.83472548366735, 46.077372133923866 ], [ 7.834012611322394, 46.077104763763025 ], [ 7.833262774139281, 46.077089395717231 ], [ 7.832784982995786, 46.077154033945099 ], [ 7.832206116732353, 46.077542864854834 ], [ 7.83194740522421, 46.077471889991401 ], [ 7.831947086202472, 46.077471802471038 ], [ 7.831776000685395, 46.077049604117541 ], [ 7.831813276866041, 46.076842575052765 ], [ 7.831643306240973, 46.07657329818889 ], [ 7.831701778170824, 46.075718501785516 ], [ 7.8318284822207, 46.075403855373828 ], [ 7.831828740876645, 46.075403213048936 ], [ 7.831246980341596, 46.075387246235422 ], [ 7.830638841130631, 46.075299403056945 ], [ 7.830340583937087, 46.075165485902467 ], [ 7.829561336409412, 46.07464644076888 ], [ 7.827333254869105, 46.073961461672724 ], [ 7.826039155633674, 46.073741018925084 ], [ 7.824901243272461, 46.073672952572267 ], [ 7.823644972005019, 46.073317418773186 ], [ 7.821666528886111, 46.073189204488401 ], [ 7.82082723244678, 46.073308991472643 ], [ 7.820219146112059, 46.073221092015352 ], [ 7.818863096694524, 46.073378591956043 ], [ 7.817573420993551, 46.073787738881855 ], [ 7.817018265246272, 46.073879556682236 ], [ 7.816436649580383, 46.073881504183369 ], [ 7.815919024363755, 46.073793269807439 ], [ 7.815633535507811, 46.073596490360309 ], [ 7.815633289469138, 46.073596320772765 ], [ 7.815502616661261, 46.073389857988921 ], [ 7.815115681244243, 46.073508091659896 ], [ 7.814689462254019, 46.073554489969226 ], [ 7.814237097087466, 46.0735559866039 ], [ 7.814042732404572, 46.073484668100065 ], [ 7.813435764432282, 46.07355863126962 ], [ 7.812944427438796, 46.073533265241551 ], [ 7.812790882130598, 46.073758664291326 ], [ 7.812559466291122, 46.073939351981885 ], [ 7.812276226548581, 46.074102210477243 ], [ 7.811786296665556, 46.074283733680858 ], [ 7.811334538374438, 46.07437518169457 ], [ 7.810947709399849, 46.074511391866125 ], [ 7.810405595259455, 46.074621116235903 ], [ 7.810148195572324, 46.074783884281864 ], [ 7.809891832374298, 46.075099582633662 ], [ 7.808953173164507, 46.075822313224343 ], [ 7.808182823625033, 46.076589472333922 ], [ 7.807580801959488, 46.077401072378237 ], [ 7.806937972877071, 46.077915920269973 ], [ 7.806707609652197, 46.078258513379296 ], [ 7.806322253390734, 46.078619592965644 ], [ 7.806066273039759, 46.078998250592321 ], [ 7.804969369271031, 46.079271673213398 ], [ 7.804363527742431, 46.079525513757204 ], [ 7.803165113691949, 46.080087106849767 ], [ 7.802688937177087, 46.080403489009797 ], [ 7.802199230768924, 46.080629956634318 ], [ 7.801464978813137, 46.081019128911329 ], [ 7.801403760216209, 46.081532093139231 ], [ 7.801276581561714, 46.081847347804086 ], [ 7.801045272151465, 46.08205500720684 ], [ 7.800568292188847, 46.082254422055286 ], [ 7.800117935542779, 46.082570728547424 ], [ 7.799436668884641, 46.08315762130723 ], [ 7.798573223559712, 46.083565178477677 ], [ 7.798121543642607, 46.083683559823562 ], [ 7.796891390813846, 46.083372586076578 ], [ 7.795232993408582, 46.082811056833933 ], [ 7.793523999471204, 46.082411592156404 ], [ 7.791026950104838, 46.082086509795289 ], [ 7.790705055012927, 46.082285416819921 ], [ 7.790383793904031, 46.08258327256825 ], [ 7.789160640838449, 46.08335171901836 ], [ 7.788683318259117, 46.083506106447956 ], [ 7.788424776371101, 46.083506907346745 ], [ 7.787906830902499, 46.083373567011968 ], [ 7.787195529803243, 46.083330768124071 ], [ 7.786743254657409, 46.083359149605343 ], [ 7.781433816675554, 46.082167349729431 ], [ 7.780677045726175, 46.081479411591239 ], [ 7.779509817661102, 46.080780815646008 ], [ 7.777781363626072, 46.080732944203987 ], [ 7.777459152653334, 46.080716180795974 ], [ 7.7770877164236, 46.08069802320945 ], [ 7.776795076424489, 46.080683717561051 ], [ 7.77642865802797, 46.08066505053106 ], [ 7.776030068172587, 46.080644733257415 ], [ 7.77559056244361, 46.080622088153341 ], [ 7.77493899662077, 46.080588516859734 ], [ 7.773377103606763, 46.080509559845595 ], [ 7.773184245438847, 46.080608690413285 ], [ 7.772703130518306, 46.080855987148034 ], [ 7.772184553637946, 46.08085752517804 ], [ 7.771953381920708, 46.080858210802582 ], [ 7.771306675064354, 46.08079714794485 ], [ 7.770763750721095, 46.080798763433116 ], [ 7.769924184168785, 46.080909184695308 ], [ 7.768696020080166, 46.080894797438305 ], [ 7.767984250837184, 46.080761940872051 ], [ 7.767532365618937, 46.08085322223824 ], [ 7.767273660973452, 46.080826988340128 ], [ 7.766886568479234, 46.080945074372963 ], [ 7.76649876052095, 46.080946209499665 ], [ 7.766239799531008, 46.080874996028733 ], [ 7.765748861956523, 46.08092139653116 ], [ 7.765490063288777, 46.080877167634462 ], [ 7.765101450565158, 46.080743357466936 ], [ 7.764493103508074, 46.080610188962133 ], [ 7.763095850093301, 46.080416316524911 ], [ 7.762772690591479, 46.080417244154908 ], [ 7.761517226106601, 46.080150971599757 ], [ 7.76061221217071, 46.080126585672765 ], [ 7.759706736831289, 46.080021224531059 ], [ 7.759318935242398, 46.080022325945983 ], [ 7.758505210124042, 46.080132588713177 ], [ 7.757699214754152, 46.079352243006667 ], [ 7.757375118224905, 46.079191237324075 ], [ 7.757207498005478, 46.079263674755012 ], [ 7.757053405859567, 46.079444029799745 ], [ 7.756369194847582, 46.079598889967492 ], [ 7.756046196731176, 46.079626802600025 ], [ 7.755566989534578, 46.079466227382781 ], [ 7.755139905916328, 46.079377468787577 ], [ 7.754816635549828, 46.079360382758431 ], [ 7.754401545681333, 46.079109667339004 ], [ 7.754077771475747, 46.079002624791258 ], [ 7.753650693910197, 46.07891386055401 ], [ 7.753106249691577, 46.07864550982486 ], [ 7.752549917040731, 46.078557101118101 ], [ 7.75219947313689, 46.078306198016577 ], [ 7.750739322137421, 46.078400205722033 ], [ 7.750415661887835, 46.07831115252629 ], [ 7.74967684083546, 46.077953356734135 ], [ 7.749442899014249, 46.077729111067363 ], [ 7.749287789987803, 46.077729537646221 ], [ 7.74911945066647, 46.077667051045047 ], [ 7.749119397929708, 46.07766703146946 ], [ 7.748832736997776, 46.077263008868321 ], [ 7.748766452166444, 46.076966318794661 ], [ 7.748079997564241, 46.076725320389357 ], [ 7.747860365567854, 46.076743930853503 ], [ 7.747149208389895, 46.07670089707765 ], [ 7.746721792690807, 46.076549138564062 ], [ 7.746501907804965, 46.076522751199938 ], [ 7.746203863666893, 46.076388629292666 ], [ 7.745983272381737, 46.076236304788559 ], [ 7.745555977392184, 46.076102532698229 ], [ 7.744714671237171, 46.075897925707835 ], [ 7.743136755089746, 46.075722286744202 ], [ 7.741779225937652, 46.075662977081635 ], [ 7.741133211248495, 46.075709704304643 ], [ 7.739454234090503, 46.075957085193835 ], [ 7.737024856217202, 46.076080505107477 ], [ 7.735408781831304, 46.076012805540614 ], [ 7.73402517346243, 46.075908511064419 ], [ 7.732499475585713, 46.075822542355667 ], [ 7.73079197707497, 46.075575102945955 ], [ 7.729264634762523, 46.075174240872876 ], [ 7.72809959733441, 46.074844404211262 ], [ 7.726287932601831, 46.074444229856738 ], [ 7.725640504036881, 46.074220986891653 ], [ 7.724669018587549, 46.073818649638952 ], [ 7.723670620657359, 46.073209473994311 ], [ 7.723152370345713, 46.072967890796583 ], [ 7.722724456703488, 46.072699100477969 ], [ 7.72207506061318, 46.072089023952529 ], [ 7.721724937974944, 46.071865012552472 ], [ 7.72133558065013, 46.07155113363217 ], [ 7.718802995116691, 46.069200622433087 ], [ 7.718374148612781, 46.068751915975959 ], [ 7.717245568194802, 46.067945104037229 ], [ 7.716337061946131, 46.06720072719947 ], [ 7.715844585181309, 46.066932069728018 ], [ 7.715300784340256, 46.066735509217224 ], [ 7.714550411656957, 46.066575423873459 ], [ 7.713516019240631, 46.066470007078671 ], [ 7.712934582472025, 46.066489410996077 ], [ 7.710325900212728, 46.066837552757619 ], [ 7.705870173142492, 46.067387936657255 ], [ 7.703414983849141, 46.067438701970318 ], [ 7.700661476778338, 46.067265217005506 ], [ 7.697106180160006, 46.066976576958737 ], [ 7.695941934894417, 46.066736362478501 ], [ 7.695268710511883, 46.066486017697365 ], [ 7.694298413749612, 46.066263336858228 ], [ 7.691709773666477, 46.065414603438761 ], [ 7.690479994263884, 46.06496758187761 ], [ 7.690156610999832, 46.064788689766736 ], [ 7.690156073166575, 46.064788392243216 ], [ 7.690061017418865, 46.064327928157049 ], [ 7.690050273225539, 46.064275881697156 ] ] ] } },
{ "type": "Feature", "properties": { "geo_point_2d": { "lon": 7.972349867238412, "lat": 46.135016899021196 }, "year": "2023", "kan_code": [ "23" ], "kan_name": [ "Valais" ], "bez_code": [ "2301", "2313" ], "bez_name": [ "Brig", "Visp" ], "gem_code": [ "6009", "6288", "6289", "6290", "6291" ], "gem_name": [ "Saas-Almagell", "Saas-Balen", "Saas-Fee", "Saas-Grund", "Simplon" ], "plz_code": [ "3910" ], "plz_area_code": "CHE", "plz_type": "PLZ4/NPA4" }, "geometry": { "type": "Polygon", "coordinates": [ [ [ 7.938522633034609, 46.109167876237805 ], [ 7.939113807469334, 46.109114971590188 ], [ 7.939912574273526, 46.1093436439755 ], [ 7.940431463999295, 46.109334448620245 ], [ 7.941231338395861, 46.109110406274411 ], [ 7.941239655176896, 46.109111396359296 ], [ 7.941560431377089, 46.109149583690076 ], [ 7.941682366522975, 46.109208295343436 ], [ 7.941824188002506, 46.109269185172778 ], [ 7.94195176691956, 46.109326944829142 ], [ 7.942032185848332, 46.109365996594541 ], [ 7.942063002411657, 46.109375358689569 ], [ 7.942116127249485, 46.109391494041056 ], [ 7.942189025108876, 46.109419982273174 ], [ 7.942224944265901, 46.109434278210763 ], [ 7.942319954087303, 46.109472077266282 ], [ 7.942501239371858, 46.109370507446151 ], [ 7.942587636358825, 46.109421019675487 ], [ 7.942658956563881, 46.109359791344573 ], [ 7.942686534495922, 46.109369977340023 ], [ 7.942835623905204, 46.109276475917774 ], [ 7.942940513373988, 46.10919920207602 ], [ 7.943073219394919, 46.109087961980883 ], [ 7.943381059236746, 46.109174240656273 ], [ 7.943487822960509, 46.109204708651014 ], [ 7.943690552667022, 46.109232228557339 ], [ 7.943862675160948, 46.109254847444696 ], [ 7.943951724376228, 46.109265688299566 ], [ 7.943981772514385, 46.109269346361053 ], [ 7.944051948204906, 46.109263535898286 ], [ 7.944068029127285, 46.109233265288559 ], [ 7.944522728754342, 46.109203216439617 ], [ 7.944801277327026, 46.109244868764279 ], [ 7.944904201463165, 46.109283790618768 ], [ 7.945054770829082, 46.109297346675731 ], [ 7.945112671078318, 46.109302547392296 ], [ 7.945243225741865, 46.109265196226872 ], [ 7.945377868511551, 46.109255866225688 ], [ 7.945418686497327, 46.109253029302941 ], [ 7.945470235467324, 46.109272075767791 ], [ 7.945558165227315, 46.109278418856803 ], [ 7.945712471855107, 46.109310011670743 ], [ 7.948349734034608, 46.109686483209998 ], [ 7.949811783043679, 46.109742844106513 ], [ 7.95249265222853, 46.110117492261729 ], [ 7.957256594903358, 46.110563499187307 ], [ 7.959807350194499, 46.110848641000686 ], [ 7.961787641215865, 46.110992419938725 ], [ 7.971911661281354, 46.111961632410654 ], [ 7.97292742444457, 46.112422895221741 ], [ 7.972984832886201, 46.112448964664033 ], [ 7.972990035459348, 46.112451327176871 ], [ 7.973861914281124, 46.112986960462329 ], [ 7.975263676810417, 46.113475082375039 ], [ 7.975975933538652, 46.113561670622161 ], [ 7.976519176490362, 46.113559084144718 ], [ 7.977426968744588, 46.113797650356581 ], [ 7.977985178296445, 46.114001887648882 ], [ 7.978464834670415, 46.114107544523058 ], [ 7.978828326152061, 46.114240742412342 ], [ 7.979154632106696, 46.114536040664838 ], [ 7.979120045833308, 46.115011704305779 ], [ 7.979097705319699, 46.115318952500004 ], [ 7.979516075404437, 46.115766736871727 ], [ 7.979686465628841, 46.115990814384709 ], [ 7.979907067403486, 46.116061723182113 ], [ 7.980271021505144, 46.116239893067721 ], [ 7.980729565022333, 46.116822425648451 ], [ 7.981054722313687, 46.117000779294905 ], [ 7.981469723668975, 46.117106734117897 ], [ 7.98179067388737, 46.117263842255184 ], [ 7.98183368985383, 46.117284898973573 ], [ 7.982090309054186, 46.11747597938173 ], [ 7.982289827999311, 46.117624542550097 ], [ 7.982402667534905, 46.117661602099517 ], [ 7.982964689751754, 46.11784618536646 ], [ 7.983257872657189, 46.117977621302565 ], [ 7.983640234184695, 46.11814903663533 ], [ 7.984394057229496, 46.118486980750468 ], [ 7.985109557246887, 46.118888329598512 ], [ 7.985427192601307, 46.119019184780221 ], [ 7.986245941488613, 46.119356482039265 ], [ 7.986512448923738, 46.119466274221921 ], [ 7.988030006194388, 46.119863710526211 ], [ 7.988914439338646, 46.120336179587682 ], [ 7.989888711616261, 46.120736237173858 ], [ 7.990626230332344, 46.120750626055198 ], [ 7.991183832351751, 46.120882835542176 ], [ 7.991989053289099, 46.121193744504872 ], [ 7.992482009657784, 46.121326264368065 ], [ 7.992996261792475, 46.121351771812606 ], [ 7.993802213041331, 46.12139174783875 ], [ 7.993832062380265, 46.121395997562004 ], [ 7.994229737947692, 46.121452615603346 ], [ 7.994492267254591, 46.12169789002909 ], [ 7.994815607979771, 46.121999979009644 ], [ 7.994948098637415, 46.122123761646918 ], [ 7.996016030423281, 46.122820174701545 ], [ 7.996470662017497, 46.122997845270739 ], [ 7.997158308227533, 46.123192353361269 ], [ 7.998549713861252, 46.123887133439197 ], [ 7.999887268808592, 46.124375261385943 ], [ 8.000664138003676, 46.124434368167798 ], [ 8.002375775522346, 46.124812655114823 ], [ 8.002960728542551, 46.125079606875374 ], [ 8.004255838028662, 46.12554995480351 ], [ 8.004989368292311, 46.125816352697612 ], [ 8.007285312002468, 46.126650175921647 ], [ 8.007870121215728, 46.126899111629221 ], [ 8.009001789542516, 46.127478127772413 ], [ 8.009365162688869, 46.127584241401237 ], [ 8.009906648394423, 46.127401587903343 ], [ 8.011395393583323, 46.127484005126163 ], [ 8.012164508571841, 46.127588941816391 ], [ 8.012161653073237, 46.127591754993581 ], [ 8.011922739717811, 46.127827127408224 ], [ 8.011611848835493, 46.128119766499566 ], [ 8.011538393623452, 46.128188909300881 ], [ 8.011475782645144, 46.128387134217782 ], [ 8.011482614722052, 46.128406122859516 ], [ 8.01158239806494, 46.128683454361266 ], [ 8.011651334599019, 46.129087915051073 ], [ 8.011524936585145, 46.129358115426719 ], [ 8.011461516393245, 46.129493688440483 ], [ 8.01146641665472, 46.129960714055592 ], [ 8.011466424319147, 46.129961444523488 ], [ 8.011429970070038, 46.130186524122038 ], [ 8.01131411794351, 46.130569076687927 ], [ 8.011279904080252, 46.130682053476264 ], [ 8.011283489571323, 46.131023875263224 ], [ 8.011547633356654, 46.131535295626712 ], [ 8.011579603857435, 46.131750552380694 ], [ 8.011645093645866, 46.132191493840224 ], [ 8.011842003564629, 46.132460368354018 ], [ 8.011933854347443, 46.132653489597928 ], [ 8.012106632024363, 46.133016764018286 ], [ 8.012128540526131, 46.133149747441777 ], [ 8.01214809394382, 46.133268435631997 ], [ 8.012305721349124, 46.133492529895769 ], [ 8.012180114293013, 46.133852999457666 ], [ 8.012194433776495, 46.133885460702572 ], [ 8.012484988221649, 46.134544126849001 ], [ 8.012228854987544, 46.134797310065274 ], [ 8.011933335234332, 46.134996717863913 ], [ 8.011716014774144, 46.135249702889496 ], [ 8.011297515519765, 46.136061446753963 ], [ 8.011041746936625, 46.136350608555496 ], [ 8.010758493932702, 46.136486980524083 ], [ 8.010244683670882, 46.13684941356437 ], [ 8.009860262800821, 46.13721118996871 ], [ 8.009537524854865, 46.137284787975929 ], [ 8.009241981765941, 46.137484188755273 ], [ 8.008833079655323, 46.137981022151408 ], [ 8.008153182473224, 46.138551187029293 ], [ 8.007935736473575, 46.138795169513443 ], [ 8.007837187867597, 46.139272443072571 ], [ 8.007619081218252, 46.139453457728031 ], [ 8.007300450324795, 46.139922843376553 ], [ 8.007263035124325, 46.140057968592949 ], [ 8.007203018491188, 46.140508060254852 ], [ 8.007114309304123, 46.140688422546589 ], [ 8.00750908526375, 46.14131614058681 ], [ 8.007472138344813, 46.141496242486468 ], [ 8.007504529954089, 46.142060070144112 ], [ 8.00751796290281, 46.142293892056074 ], [ 8.007551186436954, 46.142872200693844 ], [ 8.00774970922088, 46.143294003019811 ], [ 8.007862149891723, 46.144148036927504 ], [ 8.00773630128346, 46.144490511163504 ], [ 8.007506825856824, 46.144824511333752 ], [ 8.007419985479835, 46.14518478036775 ], [ 8.007551744758803, 46.145409011778845 ], [ 8.007260929875057, 46.146067168940007 ], [ 8.006621987635745, 46.146853017241092 ], [ 8.006475845421885, 46.147156767646379 ], [ 8.006305269667594, 46.147511302131178 ], [ 8.00576964783831, 46.148278634743285 ], [ 8.005544816311479, 46.149062397312314 ], [ 8.005353948941451, 46.149378207716964 ], [ 8.005012902621244, 46.150189539490427 ], [ 8.005021304522597, 46.150999118993255 ], [ 8.005116853534732, 46.151475417170424 ], [ 8.005315855838667, 46.151942200671755 ], [ 8.005618687816519, 46.15243545026253 ], [ 8.005752326798087, 46.152839590459124 ], [ 8.005628968259531, 46.153424936421935 ], [ 8.005376170894731, 46.154010931577332 ], [ 8.004738134763434, 46.154895718249236 ], [ 8.004351684929661, 46.155077569695969 ], [ 8.004056492352747, 46.155321933776165 ], [ 8.003994848089823, 46.155619103557385 ], [ 8.004039924600368, 46.156221596487327 ], [ 8.003912160422226, 46.156384160088479 ], [ 8.003335257340998, 46.156926792530136 ], [ 8.003169959197512, 46.157215484021457 ], [ 8.00302002269807, 46.157737989298482 ], [ 8.003022999890391, 46.158025839979324 ], [ 8.00318764127152, 46.158924597435515 ], [ 8.003321557396818, 46.159355726687288 ], [ 8.004063398812351, 46.160737087792882 ], [ 8.004285183953215, 46.161150067387943 ], [ 8.004480949501117, 46.161302015941054 ], [ 8.004678862430712, 46.16166085685105 ], [ 8.004844942302364, 46.162694542129287 ], [ 8.004791591028296, 46.163619612320197 ], [ 8.004768135927565, 46.164026305785171 ], [ 8.004669700528623, 46.164521568049913 ], [ 8.004357706254495, 46.165647605737774 ], [ 8.00372948630017, 46.167494888513836 ], [ 8.003222938959217, 46.168043906221193 ], [ 8.003210357947927, 46.167916678436072 ], [ 8.003208775501623, 46.167763757667586 ], [ 8.002684550078483, 46.167154651492368 ], [ 8.002528073490529, 46.167047482680509 ], [ 8.00213827831006, 46.166914489799268 ], [ 8.001677251094691, 46.166812202292348 ], [ 8.001649209427143, 46.166805980724149 ], [ 8.001424527391803, 46.166756130814036 ], [ 8.001328156260355, 46.166697539092759 ], [ 8.000755031676794, 46.166349090803827 ], [ 8.000278568020683, 46.16605941042635 ], [ 8.000147688169875, 46.165979838093598 ], [ 7.999821237846177, 46.165711585539832 ], [ 7.999534567448691, 46.165533092640942 ], [ 7.999338497278458, 46.165354149569666 ], [ 7.999270068464354, 46.164994657061278 ], [ 7.999164175148551, 46.164770269342327 ], [ 7.998967672937201, 46.164546348803341 ], [ 7.998487004767751, 46.164386806585625 ], [ 7.998377766812039, 46.164395452049249 ], [ 7.997516785144795, 46.164463593068874 ], [ 7.99661009738668, 46.164423094195158 ], [ 7.995665019010444, 46.164427765244625 ], [ 7.9941512405464, 46.164525183133478 ], [ 7.99372519130648, 46.164511968767123 ], [ 7.993400090632758, 46.164501885426979 ], [ 7.992872101837418, 46.164458176602118 ], [ 7.99216911369833, 46.164399980697731 ], [ 7.991627601483988, 46.164225449608175 ], [ 7.991626711191285, 46.164225162664032 ], [ 7.991118342625728, 46.164061313876701 ], [ 7.990895130559135, 46.163989371925716 ], [ 7.990519486589126, 46.163868300692904 ], [ 7.990399473430553, 46.163727634264376 ], [ 7.990060897053826, 46.163330791699231 ], [ 7.989735148245788, 46.163125477446094 ], [ 7.988435116759932, 46.162592062008507 ], [ 7.987942547157576, 46.162531486702512 ], [ 7.987823340542906, 46.162544965308115 ], [ 7.987427681854965, 46.162589702149454 ], [ 7.987360625535565, 46.162597284158934 ], [ 7.986990999888506, 46.162599086995186 ], [ 7.986648613346566, 46.162600756973653 ], [ 7.986167637389448, 46.162405180901075 ], [ 7.985480333854269, 46.162291563426599 ], [ 7.985002079832717, 46.162365842836621 ], [ 7.984445405018505, 46.162368541685382 ], [ 7.984108050477759, 46.162276222754279 ], [ 7.983420637451291, 46.162088108387451 ], [ 7.983056363534724, 46.161988422820649 ], [ 7.982601450321965, 46.161810697656207 ], [ 7.982417873894589, 46.161659762200053 ], [ 7.982275124342967, 46.161542394360417 ], [ 7.982270630462677, 46.161092617811306 ], [ 7.982163291766819, 46.160715311209501 ], [ 7.982099775471237, 46.160585889091394 ], [ 7.981965082595067, 46.160311436099938 ], [ 7.98149109976194, 46.159704076567998 ], [ 7.981440527236205, 46.159639273154426 ], [ 7.981217063816631, 46.159298506562962 ], [ 7.980721391483996, 46.15892305349896 ], [ 7.979323165767532, 46.15872688636356 ], [ 7.979295399226389, 46.15872299079593 ], [ 7.979139449046084, 46.158658978816682 ], [ 7.978970444028939, 46.158589608293163 ], [ 7.978709145658536, 46.158347971316729 ], [ 7.978526376971291, 46.158311287397581 ], [ 7.978387383828954, 46.158283389767668 ], [ 7.978358927598141, 46.158277678252823 ], [ 7.97796879674458, 46.158099625259752 ], [ 7.977937821015832, 46.158067813888458 ], [ 7.97772821023335, 46.157852548366122 ], [ 7.977576434509134, 46.157696678137668 ], [ 7.977388873049652, 46.15728413774049 ], [ 7.977139754436114, 46.156736202721973 ], [ 7.976461053043498, 46.156172700997004 ], [ 7.976238307616554, 46.156005999197596 ], [ 7.976120818225683, 46.155918070600642 ], [ 7.97577841257087, 46.155661815558432 ], [ 7.975577544298305, 46.155511486535119 ], [ 7.975183023106938, 46.155216228430803 ], [ 7.975027870022081, 46.15503288999512 ], [ 7.974462690307559, 46.154365038854188 ], [ 7.974389109173625, 46.154294277094863 ], [ 7.974229469423642, 46.154140754188063 ], [ 7.973877445317222, 46.153802218428105 ], [ 7.973783163933189, 46.153711549580684 ], [ 7.973458075823546, 46.153560160538767 ], [ 7.973425900923703, 46.153526654114984 ], [ 7.972830332339008, 46.152906438559157 ], [ 7.972440961852364, 46.152800329354349 ], [ 7.971894138565306, 46.152741679607082 ], [ 7.971637594536216, 46.152714163876091 ], [ 7.97137872757095, 46.152715384616606 ], [ 7.97107927544863, 46.152536880616367 ], [ 7.971075289255785, 46.15212936200539 ], [ 7.971074436045136, 46.152042136115313 ], [ 7.970942359186432, 46.151772876312982 ], [ 7.970552049093179, 46.151567811627054 ], [ 7.970227420813696, 46.151461390075994 ], [ 7.96964498353552, 46.151464137621709 ], [ 7.968000055654832, 46.151354928663331 ], [ 7.96683648870588, 46.151495310131104 ], [ 7.966409367675101, 46.151497314851014 ], [ 7.965994581197301, 46.151436281041192 ], [ 7.94362634668066, 46.144315023598544 ], [ 7.937067119169246, 46.144568343579273 ], [ 7.936251624618554, 46.14459983830384 ], [ 7.936225661965794, 46.144574078660447 ], [ 7.935786261404384, 46.14413811389705 ], [ 7.935637807344587, 46.14399082064179 ], [ 7.935463839844688, 46.143361875124683 ], [ 7.935434123059458, 46.142939188183469 ], [ 7.935362699260057, 46.142612717352257 ], [ 7.935231605141016, 46.14201349963534 ], [ 7.934377199832792, 46.141660829633032 ], [ 7.934153406967034, 46.141568455405341 ], [ 7.934049930577014, 46.141497432597674 ], [ 7.933937288103031, 46.141420118489954 ], [ 7.933932014140098, 46.141416498614397 ], [ 7.933659575309209, 46.140818320532283 ], [ 7.933469940904114, 46.14040195130778 ], [ 7.932897585434484, 46.139836595823049 ], [ 7.932817094016843, 46.139757088826343 ], [ 7.93189895291879, 46.138468234040744 ], [ 7.93189874868835, 46.138467947349099 ], [ 7.931683541400637, 46.138392710829898 ], [ 7.931769316652505, 46.138221399617798 ], [ 7.931687025965446, 46.138175286808845 ], [ 7.931770274886349, 46.138062431882126 ], [ 7.931522264039174, 46.137895293924153 ], [ 7.931534204109156, 46.137824334498603 ], [ 7.931534326606914, 46.137823606498635 ], [ 7.931534349024995, 46.137823473268753 ], [ 7.931392395750838, 46.137736285134892 ], [ 7.931453626966977, 46.137621313519105 ], [ 7.931551631209373, 46.137544710157016 ], [ 7.931702287373151, 46.137432082935995 ], [ 7.931820290635068, 46.13728892261085 ], [ 7.931887440690963, 46.137097326280035 ], [ 7.931879009765132, 46.137033538383385 ], [ 7.931895899314402, 46.136945018632495 ], [ 7.931934974560597, 46.136882984396713 ], [ 7.93203692557201, 46.136692045641631 ], [ 7.932076797679452, 46.136589356173758 ], [ 7.933218214925543, 46.135184998545242 ], [ 7.933304033497846, 46.1350824043502 ], [ 7.933378881032278, 46.134997183908482 ], [ 7.933990675056076, 46.134311691250801 ], [ 7.934106164320001, 46.134242250540716 ], [ 7.934312641156746, 46.134121197853574 ], [ 7.934307598337216, 46.134101636275119 ], [ 7.934312471637065, 46.134039805234799 ], [ 7.934333313032801, 46.13386403618734 ], [ 7.934299541358643, 46.133754301525116 ], [ 7.934325782009556, 46.133451061411229 ], [ 7.93432580884242, 46.13345075132743 ], [ 7.934147230073795, 46.133458965198059 ], [ 7.933988788176788, 46.133466118955589 ], [ 7.933694768768404, 46.133459095691585 ], [ 7.93350934561147, 46.133430258149929 ], [ 7.933427901467578, 46.133422671650379 ], [ 7.93305499545786, 46.133377517460069 ], [ 7.932906587513591, 46.133373884885067 ], [ 7.932752733828565, 46.133373298497624 ], [ 7.93259836398066, 46.133365715480707 ], [ 7.932361726788133, 46.133362503904635 ], [ 7.932320199203605, 46.133361911749539 ], [ 7.932077459845926, 46.133339223505082 ], [ 7.931953707482173, 46.13329469198996 ], [ 7.931953395636895, 46.133294579774386 ], [ 7.93208266444982, 46.132944360302467 ], [ 7.932240834966159, 46.132728401579485 ], [ 7.932441300544433, 46.132545173134666 ], [ 7.932712711110387, 46.132224818062021 ], [ 7.932894253627322, 46.131996962796165 ], [ 7.933014686153143, 46.13185651628838 ], [ 7.933113938789353, 46.1317162613108 ], [ 7.933213574270997, 46.131546903391268 ], [ 7.933288623763166, 46.131394511030969 ], [ 7.933414507908052, 46.131100582111621 ], [ 7.933505360098008, 46.130856013144452 ], [ 7.933580134616207, 46.130586398476957 ], [ 7.933633950316067, 46.130345598955984 ], [ 7.933724639881269, 46.12998915067606 ], [ 7.93378195655789, 46.129802121194842 ], [ 7.933892502347581, 46.129463964020381 ], [ 7.934016999906565, 46.129066526692995 ], [ 7.934134275421146, 46.128706084348522 ], [ 7.934166165480567, 46.12860456263121 ], [ 7.934254325939606, 46.128419205752003 ], [ 7.934388163692776, 46.128154746840899 ], [ 7.934456348024155, 46.127988098622033 ], [ 7.934476922808474, 46.127823170633413 ], [ 7.93447473363022, 46.127711732197277 ], [ 7.934477281629323, 46.127634699610297 ], [ 7.934476960861859, 46.127471637131009 ], [ 7.934476913062462, 46.127447338256879 ], [ 7.934429238668007, 46.127018586352058 ], [ 7.93444355078755, 46.126695424077724 ], [ 7.934481073094527, 46.126457781236127 ], [ 7.934562269748109, 46.126097316929879 ], [ 7.934616495712052, 46.125765901247405 ], [ 7.934252658273448, 46.125304452316804 ], [ 7.934258790238713, 46.125133344736383 ], [ 7.933621930715133, 46.124309142495378 ], [ 7.933713224088534, 46.12379969570766 ], [ 7.93394121923435, 46.122527408461345 ], [ 7.934955556453125, 46.121740903800692 ], [ 7.935702735452998, 46.121185424666081 ], [ 7.935668266755964, 46.120854965578381 ], [ 7.935663898914655, 46.120693421635671 ], [ 7.935666264548851, 46.120543974296659 ], [ 7.935697823517986, 46.120421124775625 ], [ 7.935431602652632, 46.119315417573887 ], [ 7.935717088813125, 46.117828896081164 ], [ 7.935993289903012, 46.116887015695227 ], [ 7.936220158447926, 46.116280109712903 ], [ 7.937267579983356, 46.114544587742927 ], [ 7.937833704286809, 46.114175727074503 ], [ 7.938473551787403, 46.11408992040537 ], [ 7.93854072063377, 46.113963997875913 ], [ 7.938565118572891, 46.11379474336578 ], [ 7.938529855112686, 46.113739233956998 ], [ 7.93852188065815, 46.113646631341894 ], [ 7.938513298296814, 46.113617631150525 ], [ 7.938513147232726, 46.11361727239165 ], [ 7.938499520996428, 46.113584911733987 ], [ 7.938678794275428, 46.113422366053619 ], [ 7.93893529742411, 46.113190489800964 ], [ 7.938309070617239, 46.112206162213582 ], [ 7.938375494660629, 46.111820921851326 ], [ 7.938578508129384, 46.110643502075952 ], [ 7.938712098211842, 46.109859473371067 ], [ 7.938757640587097, 46.109592189087444 ], [ 7.938522633034609, 46.109167876237805 ] ] ] } },
{ "type": "Feature", "properties": { "geo_point_2d": { "lon": 7.900369831300894, "lat": 46.19039732187862 }, "year": "2023", "kan_code": [ "23" ], "kan_name": [ "Valais" ], "bez_code": [ "2313" ], "bez_name": [ "Visp" ], "gem_code": [ "6282", "6283", "6285", "6289", "6292", "6293", "6294", "6296", "6298" ], "gem_name": [ "Eisten", "Embd", "Grächen", "Saas-Balen", "Staldenried", "Stalden (VS)", "St. Niklaus", "Törbel", "Visperterminen" ], "plz_code": [ "3922" ], "plz_area_code": "CHE", "plz_type": "PLZ4/NPA4" }, "geometry": { "type": "MultiPolygon", "coordinates": [ [ [ [ 7.88026709254821, 46.135135847332521 ], [ 7.88072272073562, 46.135475893116919 ], [ 7.881346713054475, 46.135833278012434 ], [ 7.882154191241647, 46.136477774755825 ], [ 7.882389687771826, 46.136791699578858 ], [ 7.88248429902803, 46.137286073281466 ], [ 7.882468339931837, 46.138500500955992 ], [ 7.882537818558089, 46.139084921363029 ], [ 7.88253834368437, 46.139085264255556 ], [ 7.883058195408683, 46.139424712644391 ], [ 7.883707908975949, 46.139754987574854 ], [ 7.884748977481943, 46.140470529672498 ], [ 7.884775973825547, 46.140605358591436 ], [ 7.884815530323658, 46.140695141430051 ], [ 7.884815861060343, 46.140695311835387 ], [ 7.885075432097382, 46.140829050523905 ], [ 7.885204838224812, 46.140828539252986 ], [ 7.885788834008938, 46.141033131200111 ], [ 7.886529745848025, 46.14143500378492 ], [ 7.886530091655387, 46.141435569493382 ], [ 7.886831443739067, 46.141928553281993 ], [ 7.887032390855032, 46.142755324776324 ], [ 7.887190504415914, 46.143096525038644 ], [ 7.887516386462484, 46.143383093658883 ], [ 7.887516734414039, 46.143383570529195 ], [ 7.88771272399621, 46.143652175775046 ], [ 7.887884525782678, 46.144083268762415 ], [ 7.88814609324935, 46.144415060775948 ], [ 7.887661039444887, 46.145226557304305 ], [ 7.887407285236629, 46.1458392550581 ], [ 7.887479044352778, 46.146693517070055 ], [ 7.887651162711869, 46.147160592098764 ], [ 7.888131698246131, 46.147365583282451 ], [ 7.888818867763253, 46.147515775359608 ], [ 7.889104560879633, 46.14763158125934 ], [ 7.889170756425222, 46.14781122255215 ], [ 7.889366746867487, 46.148035333812871 ], [ 7.889366772778489, 46.148035404128578 ], [ 7.88943294376783, 46.148214974956801 ], [ 7.889602829016823, 46.14841220281648 ], [ 7.890279764942535, 46.148886263398431 ], [ 7.890669653121787, 46.149082610364985 ], [ 7.891647435806221, 46.149933261069854 ], [ 7.892490770641039, 46.150181757782875 ], [ 7.892815613424728, 46.150333380028059 ], [ 7.893115145297294, 46.150557059814716 ], [ 7.893771315237386, 46.151633868954846 ], [ 7.894256230925041, 46.15235155436195 ], [ 7.894256292830404, 46.152351556263675 ], [ 7.895033005241366, 46.152375416744057 ], [ 7.896561902241385, 46.152567147781362 ], [ 7.897338844746334, 46.152608985051295 ], [ 7.900151995268613, 46.153137303713535 ], [ 7.900969150424946, 46.153340865756533 ], [ 7.901811359480955, 46.153445375335522 ], [ 7.90375610327716, 46.153824214422833 ], [ 7.905766272867292, 46.154283720228058 ], [ 7.90577085776959, 46.154285202921955 ], [ 7.909556424550767, 46.155509402786059 ], [ 7.910632675517968, 46.155729806852406 ], [ 7.911700923437895, 46.155899791947576 ], [ 7.911734433822873, 46.155905124292133 ], [ 7.912603372607451, 46.15609939896698 ], [ 7.913057957712899, 46.156277397436476 ], [ 7.913383754656413, 46.156527909913315 ], [ 7.914493575050265, 46.157620686116864 ], [ 7.914502445054208, 46.157627992308612 ], [ 7.914819543575421, 46.157889185270193 ], [ 7.915183001390578, 46.158004598030288 ], [ 7.915804050345145, 46.158109716032321 ], [ 7.916220096744818, 46.158180135547511 ], [ 7.916481747030822, 46.158493880351756 ], [ 7.91719882310877, 46.159075551314551 ], [ 7.91745929965632, 46.159254362884852 ], [ 7.917551256119604, 46.159406900781079 ], [ 7.917720567304788, 46.159523109852863 ], [ 7.918044969993324, 46.159611691798219 ], [ 7.918497770553655, 46.15958280126263 ], [ 7.919664357476901, 46.159757766514666 ], [ 7.919963641654757, 46.159820154048077 ], [ 7.920637026322175, 46.159960525011684 ], [ 7.921589014575742, 46.159891071570435 ], [ 7.921832605597355, 46.160323211248141 ], [ 7.922669601645137, 46.160462437556362 ], [ 7.923583230693464, 46.160820519088858 ], [ 7.922749029789209, 46.161633675324751 ], [ 7.922143816513874, 46.161996068197752 ], [ 7.921757066571575, 46.162177618560214 ], [ 7.92113970310348, 46.162630015308736 ], [ 7.920755990642498, 46.163153378280519 ], [ 7.920243128170585, 46.163713264187045 ], [ 7.919792435386673, 46.163985037529464 ], [ 7.919703820936949, 46.164210308104877 ], [ 7.919187189263732, 46.16434741453849 ], [ 7.918968610558311, 46.164679280200005 ], [ 7.918931708635171, 46.16473530798693 ], [ 7.918853494753476, 46.16476289628342 ], [ 7.918286410696819, 46.1649629232192 ], [ 7.917990659323913, 46.16518905310847 ], [ 7.917918523739847, 46.165225900525222 ], [ 7.917191598333825, 46.165597219670026 ], [ 7.916870353169086, 46.165798957853298 ], [ 7.916831080477149, 46.165823620641703 ], [ 7.916795638025979, 46.165871344230816 ], [ 7.916549617016873, 46.166202613800628 ], [ 7.916362041982787, 46.166325748891353 ], [ 7.916163448303589, 46.166456117257397 ], [ 7.915841144373235, 46.166610387725406 ], [ 7.915458283120955, 46.167241677713619 ], [ 7.915190196679545, 46.167336222958845 ], [ 7.914812953845424, 46.167469264063328 ], [ 7.914620201079572, 46.167631990009497 ], [ 7.914329124246954, 46.168397816695737 ], [ 7.914134582909773, 46.1687555498984 ], [ 7.913367652058914, 46.169199096138158 ], [ 7.912978862479754, 46.169795759928419 ], [ 7.913068958472355, 46.170307104344246 ], [ 7.912781902886111, 46.170784335909779 ], [ 7.912378767806434, 46.17170237648439 ], [ 7.912911946892121, 46.171950051757598 ], [ 7.916960993154505, 46.172682735393288 ], [ 7.921632777567975, 46.172151151541613 ], [ 7.924209054906807, 46.172871767222311 ], [ 7.924339737799919, 46.173006142078471 ], [ 7.924445351501502, 46.173230572972273 ], [ 7.925293019149567, 46.173901617495346 ], [ 7.928609004263821, 46.1754615879615 ], [ 7.92915487548938, 46.17568411484028 ], [ 7.929841556727226, 46.175726130413381 ], [ 7.931744405828159, 46.175654940214145 ], [ 7.932106947510754, 46.175653358467478 ], [ 7.932367308175865, 46.175805158609528 ], [ 7.933079483536443, 46.175802055403096 ], [ 7.933622739423843, 46.175736735065207 ], [ 7.934462496488202, 46.175526171146856 ], [ 7.934980845108504, 46.175568884546067 ], [ 7.935213337986013, 46.175504911364854 ], [ 7.935601802154807, 46.175503213525012 ], [ 7.936795270655137, 46.175740864702959 ], [ 7.937804021479945, 46.175601515182585 ], [ 7.938578261843794, 46.175310265973174 ], [ 7.939058342780586, 46.175416091167257 ], [ 7.939384799523696, 46.17571150576326 ], [ 7.942547167051281, 46.177406685805558 ], [ 7.944164572429421, 46.177264511145268 ], [ 7.944966171334688, 46.177125987694254 ], [ 7.946649325827751, 46.177091432062639 ], [ 7.947790389501674, 46.177248222937749 ], [ 7.948566669047047, 46.177172749255568 ], [ 7.949564177481778, 46.177213224643282 ], [ 7.949950967056921, 46.177031542705862 ], [ 7.950375335939714, 46.176714770828639 ], [ 7.950826273378125, 46.176469834118748 ], [ 7.951884876900676, 46.176123185124517 ], [ 7.952439393728981, 46.175877780643674 ], [ 7.953108892095172, 46.175469917407746 ], [ 7.953919312498617, 46.174899475111474 ], [ 7.95443683285927, 46.174852136274055 ], [ 7.955084264135827, 46.174849171523419 ], [ 7.955759323768643, 46.175026001082777 ], [ 7.956344160656077, 46.175248218678604 ], [ 7.956902493676744, 46.175407584373886 ], [ 7.95822387931695, 46.175464480431707 ], [ 7.958872175416667, 46.17555144773646 ], [ 7.959365517240864, 46.175684113030393 ], [ 7.960623717078634, 46.175903186997857 ], [ 7.961013328777377, 46.176018332472687 ], [ 7.961313049360427, 46.176214854217534 ], [ 7.962417004227, 46.176551584387582 ], [ 7.963459428931129, 46.177221424248287 ], [ 7.964005039986053, 46.177398805628549 ], [ 7.964395423848522, 46.177594897937354 ], [ 7.964630271173762, 46.177773721105275 ], [ 7.96618881152559, 46.17824322646824 ], [ 7.966578774043106, 46.178394334364242 ], [ 7.966930425860278, 46.178599594636921 ], [ 7.968230628738236, 46.179133258375103 ], [ 7.96885722038693, 46.179643081074367 ], [ 7.969960152339577, 46.179862788687274 ], [ 7.970699607064435, 46.17999424788006 ], [ 7.971154620187012, 46.180172003307156 ], [ 7.972686504902559, 46.180551596280658 ], [ 7.974465976923104, 46.181082914817964 ], [ 7.97479124507841, 46.18123430116475 ], [ 7.975284677077172, 46.181366887919644 ], [ 7.975868332855391, 46.181454073887771 ], [ 7.976348819351835, 46.181586726523847 ], [ 7.976841193392805, 46.181611371054977 ], [ 7.977319640426741, 46.181537117106672 ], [ 7.977708412875669, 46.181562251434684 ], [ 7.978942729713475, 46.181961151961623 ], [ 7.979370267659637, 46.181977099524069 ], [ 7.980017426895614, 46.181929050453675 ], [ 7.980729874060423, 46.181925672602368 ], [ 7.983639392239591, 46.181417050543843 ], [ 7.984286231140048, 46.181350941920343 ], [ 7.984960526293793, 46.181437634443895 ], [ 7.98551709956041, 46.1814079471065 ], [ 7.98584112399153, 46.181433357626979 ], [ 7.986383352716444, 46.181268789482857 ], [ 7.987905888710864, 46.180721600607619 ], [ 7.98851294452279, 46.180565702987408 ], [ 7.989586362310503, 46.180425512853262 ], [ 7.991657540475937, 46.18034338863685 ], [ 7.991942711836562, 46.180368980672846 ], [ 7.992238681715674, 46.180187606669143 ], [ 7.993102599799137, 46.1798235496586 ], [ 7.994564666830371, 46.179699432767599 ], [ 7.994586847456479, 46.179339509540917 ], [ 7.995273712269038, 46.179375711073142 ], [ 7.995273497907123, 46.179376371562839 ], [ 7.995140547291398, 46.179786017614909 ], [ 7.995163292790548, 46.180093643107895 ], [ 7.995265083435322, 46.180405827121838 ], [ 7.995610421795224, 46.18115274811705 ], [ 7.995967532361085, 46.182029275646819 ], [ 7.996191385084517, 46.182946148922404 ], [ 7.996222872705119, 46.183308812505388 ], [ 7.99615452132548, 46.183623562039159 ], [ 7.99589489471696, 46.183975534588619 ], [ 7.995192919693222, 46.184771747918262 ], [ 7.994651793267647, 46.18511771740846 ], [ 7.994128715423741, 46.185559131063158 ], [ 7.991783446639465, 46.186396912220118 ], [ 7.989423487675931, 46.187415981328762 ], [ 7.987552751393991, 46.188144761065281 ], [ 7.986754082006861, 46.188580443055528 ], [ 7.984432199402115, 46.189536260815217 ], [ 7.982949634872228, 46.190236092932082 ], [ 7.982110235192806, 46.190492021863804 ], [ 7.979232580503363, 46.191585347735248 ], [ 7.978687846559549, 46.191515984275028 ], [ 7.978326776993264, 46.191679632471015 ], [ 7.977812243025943, 46.192041927857886 ], [ 7.977423840026378, 46.192061770730056 ], [ 7.976907507957383, 46.192244163603618 ], [ 7.976234661855928, 46.192319330759169 ], [ 7.975781049600766, 46.19229450798202 ], [ 7.975457673473855, 46.192341022558601 ], [ 7.97522585125441, 46.192477059748654 ], [ 7.974814722362551, 46.192820859046684 ], [ 7.972378234236702, 46.192697457440218 ], [ 7.97086362828984, 46.192794571991364 ], [ 7.970308408448068, 46.192977108571853 ], [ 7.969858298014475, 46.193312068141218 ], [ 7.969511894344179, 46.193655543884404 ], [ 7.968637404566151, 46.194307351607492 ], [ 7.96850988228532, 46.194514852357109 ], [ 7.968291598299344, 46.194713782292503 ], [ 7.968058438232084, 46.194714874065376 ], [ 7.967282371640695, 46.194835467782866 ], [ 7.966570110573032, 46.194856786638695 ], [ 7.965922242141804, 46.194841826626472 ], [ 7.964146490542372, 46.194733155933214 ], [ 7.962784487135353, 46.194541569410049 ], [ 7.962266799731814, 46.194588937513984 ], [ 7.961815198151267, 46.194770916317836 ], [ 7.961451383128899, 46.194655653597358 ], [ 7.960778266239453, 46.194703724304119 ], [ 7.959486260606816, 46.195051476860833 ], [ 7.958907256386179, 46.195458916235069 ], [ 7.958070053702196, 46.195957496607718 ], [ 7.956939823498423, 46.196970146586217 ], [ 7.956334871931858, 46.197377700528641 ], [ 7.956429845901579, 46.197827045870625 ], [ 7.955561521202833, 46.197786020991558 ], [ 7.955571646792012, 46.198847440992949 ], [ 7.955313595648542, 46.198956560510574 ], [ 7.954794850984304, 46.198895940591669 ], [ 7.953108265585698, 46.198633724537487 ], [ 7.952395114590929, 46.198564972974417 ], [ 7.950839808590867, 46.198482033306426 ], [ 7.950022859943987, 46.198395754235307 ], [ 7.949246318305145, 46.198471201846175 ], [ 7.947862545363074, 46.198720281400838 ], [ 7.947307032900022, 46.198884687054182 ], [ 7.946853643438907, 46.198886716175707 ], [ 7.94607531990605, 46.19877324765428 ], [ 7.945101669729807, 46.198552699292719 ], [ 7.944038611136436, 46.198467469722445 ], [ 7.943259550476564, 46.198273032182051 ], [ 7.942676790030216, 46.19829360421506 ], [ 7.942355286631083, 46.198546900107011 ], [ 7.942188567934653, 46.19872754890271 ], [ 7.942232606443055, 46.199285072717061 ], [ 7.94206295304569, 46.199150891358677 ], [ 7.941644665194648, 46.198747942584752 ], [ 7.941214685649406, 46.198479980815335 ], [ 7.940538414831541, 46.198195101060129 ], [ 7.939654802492585, 46.197902149146167 ], [ 7.936215292928731, 46.197179616531209 ], [ 7.934917617922319, 46.19693340936275 ], [ 7.933854864972955, 46.196875079072093 ], [ 7.932391683979144, 46.196944401213131 ], [ 7.930554133937202, 46.197159310328523 ], [ 7.92876666225225, 46.197185088483444 ], [ 7.927923282556025, 46.197035811942584 ], [ 7.927663397396271, 46.196946978237513 ], [ 7.926303397681297, 46.196970868451629 ], [ 7.926280948194742, 46.197357800890366 ], [ 7.924428072618752, 46.197320857940113 ], [ 7.923818181344239, 46.19720653977852 ], [ 7.923259548964326, 46.197029028429007 ], [ 7.922650116603406, 46.196968694550257 ], [ 7.92122601141083, 46.197082818409086 ], [ 7.92064405265977, 46.1972022895918 ], [ 7.920088990243213, 46.197429502392687 ], [ 7.919741572443105, 46.197700817249405 ], [ 7.918161887274649, 46.199281566070475 ], [ 7.917238676878791, 46.200382822978582 ], [ 7.916404393788247, 46.201285817091623 ], [ 7.91416529046797, 46.201547015617905 ], [ 7.912973532760848, 46.201569956448466 ], [ 7.912351522044175, 46.201554544319038 ], [ 7.911898473383727, 46.201601401301303 ], [ 7.911639112671674, 46.201575489776374 ], [ 7.911380401777691, 46.20162153195384 ], [ 7.911097312771553, 46.201847581373549 ], [ 7.911033926581197, 46.202009751603399 ], [ 7.910572420227952, 46.202180819822026 ], [ 7.910543148868873, 46.202191669941897 ], [ 7.91030521899633, 46.20234599675571 ], [ 7.909705697554404, 46.202734860217689 ], [ 7.909421457262666, 46.20282600092164 ], [ 7.909097961930043, 46.202872316411032 ], [ 7.908837846994335, 46.202756453063579 ], [ 7.908539487306569, 46.202712713979309 ], [ 7.90802204926204, 46.20280481052729 ], [ 7.907736645202126, 46.202761006573333 ], [ 7.907023922305087, 46.202745950139033 ], [ 7.906767132270216, 46.203016885458489 ], [ 7.906665187367319, 46.203215204719882 ], [ 7.906317319246993, 46.203441537013063 ], [ 7.906188921072674, 46.203576994951014 ], [ 7.905956877995307, 46.203712889906534 ], [ 7.905610569928652, 46.204119119525757 ], [ 7.905249735798624, 46.204345484023321 ], [ 7.904965325814437, 46.204418622654373 ], [ 7.904798054815439, 46.204554248209369 ], [ 7.904838229185808, 46.204707010384737 ], [ 7.904775602856057, 46.204959140377113 ], [ 7.904092232376086, 46.205339784262115 ], [ 7.903711282960122, 46.205607504372423 ], [ 7.903126503632566, 46.206018470184461 ], [ 7.902197542279384, 46.206454111966934 ], [ 7.899572604631119, 46.207004688898635 ], [ 7.898834957299036, 46.207097765960029 ], [ 7.897523227942159, 46.207597193815388 ], [ 7.896907575665712, 46.207766299193203 ], [ 7.896119968187238, 46.20787063455878 ], [ 7.89483468184331, 46.207905581861326 ], [ 7.893367023810974, 46.20791560973386 ], [ 7.893077188390296, 46.208083492239858 ], [ 7.892394455259915, 46.208563006488703 ], [ 7.891272460124443, 46.209197202157533 ], [ 7.890500414390782, 46.209847990154202 ], [ 7.890373302948301, 46.210145357114286 ], [ 7.889795963741352, 46.210840341471055 ], [ 7.889049271904517, 46.211428057159893 ], [ 7.888018461567652, 46.212133823130074 ], [ 7.887631241683068, 46.212315274971878 ], [ 7.886639047801565, 46.212993887797822 ], [ 7.886380778607444, 46.213102858830062 ], [ 7.886059638106161, 46.213445976074226 ], [ 7.886061261691274, 46.213643875916944 ], [ 7.885895612073126, 46.213986377812354 ], [ 7.885419850485093, 46.214438044080111 ], [ 7.885420955981019, 46.214572984799013 ], [ 7.885190066340965, 46.21486175976235 ], [ 7.884065138854758, 46.215163043401958 ], [ 7.883742649983863, 46.215344227003371 ], [ 7.883382164148555, 46.215633507865377 ], [ 7.883162824514093, 46.215751314220654 ], [ 7.882651512868321, 46.215917520647608 ], [ 7.882460444078886, 46.216433069212478 ], [ 7.882140137002204, 46.216884111780651 ], [ 7.881977631236984, 46.21697920011696 ], [ 7.881907977144594, 46.217019957389503 ], [ 7.881779486254739, 46.217155396644181 ], [ 7.881782921817904, 46.217578182878199 ], [ 7.881655379296365, 46.217830562870581 ], [ 7.881697544850335, 46.218235206030229 ], [ 7.88163421121402, 46.2184153687136 ], [ 7.881082226128395, 46.219065221072512 ], [ 7.880927663929673, 46.219182769783011 ], [ 7.880890974751644, 46.219452785300334 ], [ 7.880764298883951, 46.219813109748507 ], [ 7.880354480005423, 46.22041742436808 ], [ 7.880448112042227, 46.220776888451681 ], [ 7.880384771310228, 46.220957050455318 ], [ 7.880191687325665, 46.221119727174916 ], [ 7.879714506325345, 46.22140945137054 ], [ 7.879418467294659, 46.221662485302787 ], [ 7.878837598131761, 46.221952609510375 ], [ 7.878748185586922, 46.222114880497344 ], [ 7.878776791934428, 46.222447611571695 ], [ 7.878752178732211, 46.222609630566517 ], [ 7.878585294519089, 46.222808185586082 ], [ 7.878237909557605, 46.223124386117668 ], [ 7.878175863935311, 46.223466465119117 ], [ 7.878009554846457, 46.223736982949262 ], [ 7.87772949793472, 46.224367771365749 ], [ 7.877667013137553, 46.224655877362316 ], [ 7.877501277079314, 46.224998358118619 ], [ 7.877347341659472, 46.225196861079532 ], [ 7.876922748126231, 46.225585322628739 ], [ 7.876577141972891, 46.226126404551643 ], [ 7.876345289842035, 46.226307216073941 ], [ 7.875893243546657, 46.226506869362638 ], [ 7.875543873207626, 46.226580184256058 ], [ 7.87509254174155, 46.226869788938892 ], [ 7.87477009871785, 46.227408128770243 ], [ 7.874606493591795, 46.227681278286575 ], [ 7.874582944415634, 46.227978228319756 ], [ 7.874393556445596, 46.228608659140555 ], [ 7.874201433419664, 46.228897262129017 ], [ 7.873775711707214, 46.229150779987989 ], [ 7.873452388305244, 46.22924197969617 ], [ 7.873297924132538, 46.229377508940296 ], [ 7.873169884450182, 46.229575906707211 ], [ 7.872809677887098, 46.229919126773531 ], [ 7.87268235124578, 46.230207478619029 ], [ 7.872528598258597, 46.230432961444968 ], [ 7.872530244710839, 46.230639857093749 ], [ 7.872466508400073, 46.230775037417793 ], [ 7.872337603751729, 46.230865488694917 ], [ 7.872579616960897, 46.231269302285703 ], [ 7.872784383383137, 46.231610967373001 ], [ 7.873020731441162, 46.232005328318479 ], [ 7.873051342407887, 46.232404916220752 ], [ 7.873064133910447, 46.232571893295379 ], [ 7.873391422898783, 46.232975445167831 ], [ 7.873391617228915, 46.232975809727037 ], [ 7.87358396180783, 46.233336644081064 ], [ 7.87365462130083, 46.233469199792566 ], [ 7.873625511914483, 46.233584733100791 ], [ 7.873491272567277, 46.234117520556097 ], [ 7.873209317248969, 46.234523411445402 ], [ 7.873015805303434, 46.234641098669918 ], [ 7.872526435148218, 46.235047783431654 ], [ 7.872518417931945, 46.235097433646779 ], [ 7.872501726040432, 46.235200805687199 ], [ 7.872567973349482, 46.235380466584729 ], [ 7.872828883388395, 46.235586368304865 ], [ 7.872960664911584, 46.235855735037063 ], [ 7.873288116321355, 46.236277278195395 ], [ 7.873509927990722, 46.236456341248122 ], [ 7.873895956366687, 46.236095028258262 ], [ 7.874193033895689, 46.235958949678782 ], [ 7.874801946864786, 46.235911626829008 ], [ 7.874969749028469, 46.235821022850452 ], [ 7.875294549965854, 46.235909728041122 ], [ 7.875968133241436, 46.235844157979074 ], [ 7.876265565264504, 46.235753051265121 ], [ 7.876484855990008, 46.235617267280794 ], [ 7.87659563281068, 46.235610246366491 ], [ 7.876938349903899, 46.235588525330208 ], [ 7.877265828325183, 46.235538500843077 ], [ 7.877592148143868, 46.235488653340127 ], [ 7.877844684062442, 46.235450076814203 ], [ 7.878512070125368, 46.235470635565861 ], [ 7.878622689448311, 46.235474043181505 ], [ 7.878816192228205, 46.235356346348823 ], [ 7.878983477386623, 46.235202768184692 ], [ 7.879371787614467, 46.235129291242416 ], [ 7.879700488708064, 46.235107263357811 ], [ 7.880084391093694, 46.23508153616185 ], [ 7.880342923008403, 46.234990570347151 ], [ 7.880400434857041, 46.234837456522754 ], [ 7.880467108155884, 46.234659952164733 ], [ 7.880480888179424, 46.234623265600931 ], [ 7.880495198340879, 46.234585167650685 ], [ 7.880718055217277, 46.234576155292366 ], [ 7.880987643256572, 46.234565253120316 ], [ 7.881440249261824, 46.234428547589609 ], [ 7.8817646868518, 46.234472256879492 ], [ 7.882282616836291, 46.234398262472084 ], [ 7.882566921031017, 46.234289199054459 ], [ 7.883000460512854, 46.234229200015925 ], [ 7.884573954474889, 46.234011438707391 ], [ 7.884776415295361, 46.23393376553669 ], [ 7.885000400417799, 46.233847834665674 ], [ 7.885294283444876, 46.233710193593907 ], [ 7.885581511223166, 46.233575669529557 ], [ 7.885773737961197, 46.23330503804015 ], [ 7.886120996466907, 46.232970823282173 ], [ 7.887257405565861, 46.232444572164056 ], [ 7.888511269683996, 46.232016796057252 ], [ 7.889167303465636, 46.231832692715791 ], [ 7.889389027608727, 46.231770470073037 ], [ 7.889649347320654, 46.231697416321609 ], [ 7.890232647293487, 46.231695090858288 ], [ 7.890685355368309, 46.231576339208537 ], [ 7.890909575551615, 46.231544896449329 ], [ 7.892006002731295, 46.231391142691358 ], [ 7.892076407140243, 46.231368073362376 ], [ 7.892561877066544, 46.231209000008775 ], [ 7.893162138587302, 46.231198420222455 ], [ 7.893883861218668, 46.231185699648243 ], [ 7.894199023076727, 46.23116378559223 ], [ 7.894570476136661, 46.231137957456774 ], [ 7.894577051782686, 46.231204741076532 ], [ 7.894740470675812, 46.232864457122474 ], [ 7.895233798903321, 46.232952425891455 ], [ 7.896660658018047, 46.233063606455232 ], [ 7.89824337711839, 46.233210119340754 ], [ 7.898866947639369, 46.233369509455635 ], [ 7.89984180711456, 46.233680393317279 ], [ 7.900363133565491, 46.234011111122086 ], [ 7.901071763845828, 46.234503416915537 ], [ 7.901367222156664, 46.234708680283731 ], [ 7.901994412744932, 46.235290839114882 ], [ 7.902385217925496, 46.235514132786001 ], [ 7.902709066159741, 46.235485818365433 ], [ 7.90376858724066, 46.235076660719422 ], [ 7.905318372796239, 46.234395600138122 ], [ 7.905874233260619, 46.234213391929082 ], [ 7.907169740577157, 46.234118079560318 ], [ 7.907622664017711, 46.234026246351675 ], [ 7.90809996198968, 46.233754394986654 ], [ 7.908163070882305, 46.233556226463321 ], [ 7.908417672459917, 46.233015424369107 ], [ 7.908645956402182, 46.232429752161487 ], [ 7.909252470091851, 46.232112380438345 ], [ 7.909509773600518, 46.231886416298813 ], [ 7.909637064421039, 46.231616013823064 ], [ 7.909998838831635, 46.231479571422163 ], [ 7.910579176257702, 46.231135314225455 ], [ 7.91277396464795, 46.230118616170564 ], [ 7.913186393807151, 46.229847014824337 ], [ 7.913314444850542, 46.229666562588115 ], [ 7.913702120442596, 46.229529999617355 ], [ 7.914129228266179, 46.229456240013796 ], [ 7.914609595249154, 46.229544178608158 ], [ 7.915425787984764, 46.229495764512627 ], [ 7.915749042505974, 46.22940444467725 ], [ 7.916097431334641, 46.22922306022452 ], [ 7.916549746931406, 46.229068223206127 ], [ 7.916939383268908, 46.229156534966179 ], [ 7.916979846683269, 46.229336279300739 ], [ 7.916814107123323, 46.229651831480361 ], [ 7.916918497291785, 46.229829798437621 ], [ 7.916919379248704, 46.229831302019726 ], [ 7.91757102316857, 46.230233356028336 ], [ 7.917443379961232, 46.230458790261622 ], [ 7.917018400152273, 46.230775439111383 ], [ 7.916890358783216, 46.230955895555233 ], [ 7.916866170895084, 46.231153904640074 ], [ 7.916764052349341, 46.231334251407873 ], [ 7.916544721707307, 46.231452122669822 ], [ 7.916508201017291, 46.23172214988729 ], [ 7.916250690904496, 46.231921143661424 ], [ 7.916187298146146, 46.23208333494982 ], [ 7.916190844410695, 46.232488129525201 ], [ 7.915933565803969, 46.232714108888153 ], [ 7.916432603903389, 46.233449656440463 ], [ 7.916071462832114, 46.233658082940977 ], [ 7.916072013345757, 46.233720936162435 ], [ 7.916072014351502, 46.233721050990333 ], [ 7.916236584521907, 46.233851216534966 ], [ 7.91624171142389, 46.233855271619717 ], [ 7.916206212162693, 46.234242239430969 ], [ 7.916241799727923, 46.23432907402848 ], [ 7.916266894372082, 46.234390305621908 ], [ 7.915724423292024, 46.234617469522462 ], [ 7.915243044984157, 46.234711165724853 ], [ 7.914779690531581, 46.234801353736771 ], [ 7.913975596058718, 46.234759745365864 ], [ 7.913027736246657, 46.234583779386604 ], [ 7.912421562876673, 46.234541587590186 ], [ 7.912418076540022, 46.234541344928907 ], [ 7.911773836486824, 46.234993818821899 ], [ 7.912036859084489, 46.23542451589956 ], [ 7.912064504085902, 46.235622307131472 ], [ 7.911920128320088, 46.236909296399759 ], [ 7.912182523167105, 46.23726802970868 ], [ 7.910977304485941, 46.237318016781472 ], [ 7.908643620727036, 46.237300706743717 ], [ 7.908303913804587, 46.238498544276382 ], [ 7.908831403524111, 46.239530867571752 ], [ 7.907860801675994, 46.239732783481408 ], [ 7.904977474141182, 46.24062625510313 ], [ 7.899674096583071, 46.242016393013927 ], [ 7.899551976265104, 46.242916151354386 ], [ 7.899400516251449, 46.243411651577823 ], [ 7.899178583831331, 46.244789238660275 ], [ 7.898181354255005, 46.244928505773302 ], [ 7.897663649731827, 46.245038680838391 ], [ 7.897339755037536, 46.245066989746661 ], [ 7.897170852434524, 46.245022704083695 ], [ 7.896756515353098, 46.245087378577011 ], [ 7.896174621597936, 46.245269691602751 ], [ 7.895941482955185, 46.245297629722195 ], [ 7.895461547869763, 46.245272588802564 ], [ 7.89503293469128, 46.245184359690825 ], [ 7.894643808257856, 46.245167935997195 ], [ 7.89432003570785, 46.245214227262657 ], [ 7.894100725107753, 46.245350073005163 ], [ 7.893970831975446, 46.245323608159786 ], [ 7.893516877557699, 46.245307441262668 ], [ 7.893322770915435, 46.24535320867318 ], [ 7.892870214980742, 46.245507961925938 ], [ 7.892378499026135, 46.245626869273046 ], [ 7.892157736460339, 46.245582765939091 ], [ 7.891468759211774, 46.245360557568212 ], [ 7.891248147789539, 46.245334434375046 ], [ 7.891119986655381, 46.245514861700912 ], [ 7.890888324063798, 46.245722680589218 ], [ 7.890538665431501, 46.245769028399557 ], [ 7.889630035770427, 46.245637633797486 ], [ 7.889175895625956, 46.2455944359466 ], [ 7.889008112755822, 46.245685042964737 ], [ 7.888918245641428, 46.245793349414534 ], [ 7.888660283790226, 46.245956289509763 ], [ 7.88853064046888, 46.245956795686986 ], [ 7.88807591801712, 46.245841620700013 ], [ 7.887556443595938, 46.245735678386524 ], [ 7.887103427468736, 46.24582740404044 ], [ 7.886974524377131, 46.245917863026058 ], [ 7.887041559847789, 46.246187497147396 ], [ 7.887003920871844, 46.246340582981304 ], [ 7.886719797178822, 46.246476616956357 ], [ 7.886591248675181, 46.246612061853035 ], [ 7.886293443902611, 46.246658200341919 ], [ 7.885944340007288, 46.246776497720852 ], [ 7.885906180732281, 46.246866605973587 ], [ 7.886010780741207, 46.246974168778173 ], [ 7.886103731556554, 46.247243692067727 ], [ 7.885654376469867, 46.247785202988936 ], [ 7.885759407554019, 46.247946738847332 ], [ 7.885889424729257, 46.247991213154179 ], [ 7.886020180505286, 46.248125641919906 ], [ 7.886177977472617, 46.248394926946858 ], [ 7.886114401981183, 46.248548105988718 ], [ 7.885986216243799, 46.248728527512377 ], [ 7.885986806917546, 46.248800491201067 ], [ 7.885729707599566, 46.249071379153122 ], [ 7.885640197248577, 46.24922466031618 ], [ 7.885408276698981, 46.249405481611866 ], [ 7.88506114288403, 46.249766680727376 ], [ 7.885023569458637, 46.249928752388584 ], [ 7.885128763089178, 46.250108270724056 ], [ 7.885222243898267, 46.250440771950288 ], [ 7.885029069552728, 46.250603439143219 ], [ 7.884574904567786, 46.250560222739765 ], [ 7.884315963627273, 46.250606193888544 ], [ 7.88395385524912, 46.25105047028805 ], [ 7.883813699165099, 46.251132288964527 ], [ 7.883623336331647, 46.251265301676789 ], [ 7.883557156757132, 46.251343815748982 ], [ 7.883511449232818, 46.251380635012872 ], [ 7.883487579786238, 46.251441423117491 ], [ 7.883520930270647, 46.251501599628028 ], [ 7.883510435811872, 46.251555138592103 ], [ 7.883503892158683, 46.251562584744107 ], [ 7.883450281233858, 46.25162358967269 ], [ 7.883395209967663, 46.251680946986319 ], [ 7.883371416093262, 46.251728780886268 ], [ 7.883407472119361, 46.251780436824674 ], [ 7.883407478360078, 46.251780438515468 ], [ 7.883534197807831, 46.25181477059936 ], [ 7.883613610511983, 46.251854489691993 ], [ 7.883641543526223, 46.251908624318823 ], [ 7.883634852535186, 46.251961059863604 ], [ 7.883606798394794, 46.252049328469319 ], [ 7.883594341706806, 46.252138894144352 ], [ 7.883575350703611, 46.252176211174095 ], [ 7.883575425908232, 46.252176404465885 ], [ 7.884022142981672, 46.253324561888988 ], [ 7.883756831313675, 46.25444664672726 ], [ 7.88345259786266, 46.255007170994098 ], [ 7.882048382981194, 46.255322095355226 ], [ 7.881190694633714, 46.255335768205079 ], [ 7.880585347557277, 46.254732780921451 ], [ 7.879425044498103, 46.254238272497524 ], [ 7.878475411235786, 46.253661585719804 ], [ 7.878060890406783, 46.253246295817206 ], [ 7.876844605349905, 46.253036801719652 ], [ 7.876960087062775, 46.253316257539936 ], [ 7.877221467041172, 46.253820779711816 ], [ 7.87743850511253, 46.254048402688646 ], [ 7.877460238519939, 46.254071196030203 ], [ 7.877742996470298, 46.254293842363964 ], [ 7.877870689691102, 46.254399676965669 ], [ 7.878100580185481, 46.254606254129818 ], [ 7.878196393155818, 46.254700085798987 ], [ 7.878329856506465, 46.254813642836588 ], [ 7.878565173373608, 46.255025307591673 ], [ 7.87869062721039, 46.255128028456056 ], [ 7.878778705295428, 46.255227323127279 ], [ 7.878876582186882, 46.255350013572574 ], [ 7.878877407054055, 46.255351318488373 ], [ 7.878968351576714, 46.255495190069482 ], [ 7.879044435887931, 46.255624170189073 ], [ 7.879045125320611, 46.255625338933434 ], [ 7.879108147009691, 46.255757961088086 ], [ 7.879143560930815, 46.255863514427958 ], [ 7.879205709565401, 46.256123888582913 ], [ 7.879234854305585, 46.256357044021733 ], [ 7.879256360542252, 46.256457038084882 ], [ 7.879312163885569, 46.256639830533061 ], [ 7.87932526638382, 46.256787894592776 ], [ 7.879335060798318, 46.257032037149848 ], [ 7.879318437619831, 46.257301794448857 ], [ 7.879280514931123, 46.257455508462407 ], [ 7.87917374998997, 46.257669743790885 ], [ 7.878910230220227, 46.257643304427177 ], [ 7.878841698848621, 46.257636374201667 ], [ 7.878767327349323, 46.257628926884202 ], [ 7.87845244791923, 46.257597225603554 ], [ 7.877970307059441, 46.257489528568435 ], [ 7.877502589787969, 46.257385102024756 ], [ 7.876834995084225, 46.257470357772426 ], [ 7.875669223102222, 46.257356118088147 ], [ 7.875297511780185, 46.25730420695718 ], [ 7.874967655691495, 46.257264187675837 ], [ 7.874290108143318, 46.257207873650728 ], [ 7.873275139051763, 46.257235701722756 ], [ 7.872200853054838, 46.257078075540967 ], [ 7.871722185405096, 46.255185852514849 ], [ 7.87169836303009, 46.255043900781686 ], [ 7.871763795517381, 46.254987786995947 ], [ 7.871812353049246, 46.254945950991164 ], [ 7.871859449056074, 46.254850775784391 ], [ 7.871950356304371, 46.254769286399686 ], [ 7.871815173563282, 46.254648181026766 ], [ 7.871759488306935, 46.254527401213636 ], [ 7.871724123031226, 46.254450532870315 ], [ 7.871702613336024, 46.254403747285089 ], [ 7.871707220694557, 46.25433077417339 ], [ 7.871679585953063, 46.254296516090456 ], [ 7.871531512066126, 46.254201187506624 ], [ 7.871406480583848, 46.253937370340104 ], [ 7.870945667973714, 46.252780253418017 ], [ 7.870668296359209, 46.250937409236904 ], [ 7.870580269535459, 46.249009237587785 ], [ 7.870078008965931, 46.247195019754344 ], [ 7.869264357989635, 46.244951277440258 ], [ 7.869080151360424, 46.242476637990571 ], [ 7.868498912899155, 46.239931999388951 ], [ 7.868691814777546, 46.23973336065761 ], [ 7.868558626204961, 46.239284079528339 ], [ 7.868557207417412, 46.239104170153801 ], [ 7.868751099740384, 46.239031467888779 ], [ 7.86844114007665, 46.23800443206315 ], [ 7.868047553306894, 46.237493921119238 ], [ 7.86804738958822, 46.237493708764099 ], [ 7.868007081796894, 46.237313946883589 ], [ 7.867849535877449, 46.237062663582648 ], [ 7.86745907364398, 46.236866236867449 ], [ 7.86735366416155, 46.23664188493575 ], [ 7.867353597419949, 46.236641742883947 ], [ 7.866701188615069, 46.236104467154725 ], [ 7.866310314024311, 46.235854063665847 ], [ 7.865462774144143, 46.235227560431397 ], [ 7.865369779518546, 46.234940047459361 ], [ 7.865167593196501, 46.233951278560468 ], [ 7.864996052256457, 46.2335651081195 ], [ 7.864576889195323, 46.233008950352833 ], [ 7.863884260923375, 46.232291895363147 ], [ 7.863465259211308, 46.231753724440878 ], [ 7.862905432203515, 46.231440973119838 ], [ 7.862709390284834, 46.231234805780026 ], [ 7.862744428456449, 46.230739909309754 ], [ 7.862575082942407, 46.230632594786897 ], [ 7.862185524392505, 46.230544095532672 ], [ 7.861379092411118, 46.230187280402866 ], [ 7.861080620522974, 46.230143415854002 ], [ 7.860949747686334, 46.229981980975666 ], [ 7.860532741588806, 46.229695672386065 ], [ 7.860298873202237, 46.229624577831103 ], [ 7.859131621482132, 46.229538961921349 ], [ 7.858521242338318, 46.22938829993646 ], [ 7.858065991399804, 46.229183085697919 ], [ 7.857285875057392, 46.228871122685533 ], [ 7.856533965616659, 46.2288559091851 ], [ 7.855923876678779, 46.228741215059536 ], [ 7.855470566286367, 46.22878786359589 ], [ 7.855212572039032, 46.228950736247455 ], [ 7.854756650801104, 46.228655553948229 ], [ 7.854699924261258, 46.22855436412496 ], [ 7.854520118844912, 46.228233623985474 ], [ 7.854492275192701, 46.227981845962027 ], [ 7.854034515847508, 46.227443782994435 ], [ 7.853798131725203, 46.227039842488828 ], [ 7.853472255495896, 46.226798152495519 ], [ 7.853404347180931, 46.226778247197011 ], [ 7.853016468212295, 46.226664552038173 ], [ 7.852926659694631, 46.226638227347983 ], [ 7.851283647915345, 46.226686507765024 ], [ 7.851237149984912, 46.226673813351276 ], [ 7.851531682337352, 46.226406376209226 ], [ 7.85182616989186, 46.226287367879067 ], [ 7.851963755915872, 46.226142214425586 ], [ 7.852350034952027, 46.226009825761786 ], [ 7.852668945937534, 46.225762177085223 ], [ 7.853140546992478, 46.225550041395429 ], [ 7.853463206876023, 46.225301926945633 ], [ 7.853988596906076, 46.225141855736538 ], [ 7.854171568279087, 46.224949665324274 ], [ 7.854998778302795, 46.224818886691772 ], [ 7.855117894501697, 46.224766766638147 ], [ 7.855739998673465, 46.224494560984418 ], [ 7.855741567904645, 46.224496381334667 ], [ 7.855829376297411, 46.224453931270901 ], [ 7.855768131438304, 46.224404717982985 ], [ 7.855768084380439, 46.224404680170636 ], [ 7.855719052145428, 46.224280809792418 ], [ 7.855679301978153, 46.224164087016604 ], [ 7.855679276402628, 46.224164011916386 ], [ 7.855519788759734, 46.224070144246873 ], [ 7.855308339735489, 46.223960725103375 ], [ 7.855187854733222, 46.223882455923693 ], [ 7.854807647764766, 46.223737673796592 ], [ 7.854755645494325, 46.223715380300099 ], [ 7.854755634740656, 46.223715375689977 ], [ 7.854618660015803, 46.223587771166365 ], [ 7.854613745355327, 46.223585086037211 ], [ 7.854481924010192, 46.223513977694751 ], [ 7.85431597733823, 46.223422381000304 ], [ 7.854195443546925, 46.223337364160606 ], [ 7.854150330493247, 46.223259045666325 ], [ 7.854146321067645, 46.22325208510501 ], [ 7.854032148124147, 46.223151302231891 ], [ 7.853879197758074, 46.22306415507542 ], [ 7.853651726863023, 46.222977280937457 ], [ 7.853472669114341, 46.22286549070801 ], [ 7.85329357790396, 46.222749202459511 ], [ 7.853114213998849, 46.222596932040993 ], [ 7.852996701124118, 46.222482576825101 ], [ 7.852846840584649, 46.22237517660276 ], [ 7.852638643524066, 46.22226574061542 ], [ 7.852539714852524, 46.22224325323829 ], [ 7.852037184727044, 46.222184458357347 ], [ 7.851461645851169, 46.222034351076211 ], [ 7.851218385005992, 46.221983512535516 ], [ 7.851077053283215, 46.22192357630486 ], [ 7.850097175625584, 46.221586564155132 ], [ 7.849605170612288, 46.221358240878629 ], [ 7.849393316727311, 46.221174867417048 ], [ 7.849182167926869, 46.221033321100869 ], [ 7.848583970596394, 46.220693741622171 ], [ 7.848386658040201, 46.220616553072077 ], [ 7.848299044930743, 46.220616060550732 ], [ 7.847906892845836, 46.22046284262062 ], [ 7.847793406059669, 46.220386226828637 ], [ 7.847793306950975, 46.220386159919606 ], [ 7.847613793632823, 46.22019358059336 ], [ 7.847535713106864, 46.220145570230002 ], [ 7.847535544094211, 46.220145466307052 ], [ 7.847590920641987, 46.220102131800473 ], [ 7.849283228918095, 46.219421983254428 ], [ 7.849422457607748, 46.219386214879336 ], [ 7.85240432655498, 46.218252167045321 ], [ 7.855828252364084, 46.216935345754052 ], [ 7.857315256431454, 46.216497961590136 ], [ 7.857962409539237, 46.216387572288383 ], [ 7.859280538275548, 46.21588771863788 ], [ 7.86057170794835, 46.21525298718678 ], [ 7.861320876927093, 46.214935314557096 ], [ 7.862378351925066, 46.214274654545562 ], [ 7.86289246451331, 46.213732976098584 ], [ 7.863639120053295, 46.213100474031734 ], [ 7.86572300086408, 46.211140521016169 ], [ 7.86720320055352, 46.209875514764114 ], [ 7.868621016631825, 46.208925576377631 ], [ 7.8692031503366, 46.20880641855328 ], [ 7.871892088580205, 46.208031509874161 ], [ 7.872759465028381, 46.207938237379885 ], [ 7.872992182031172, 46.207874374262623 ], [ 7.873081588265999, 46.207712098947773 ], [ 7.873274502575539, 46.207531443581566 ], [ 7.872599653167543, 46.207354204069688 ], [ 7.872599334136962, 46.207354120280883 ], [ 7.872555670207732, 46.206751555989172 ], [ 7.872972841896042, 46.205445557073723 ], [ 7.873126880775859, 46.20526506015964 ], [ 7.873318176867998, 46.204877563173163 ], [ 7.873544634469892, 46.20402220689941 ], [ 7.87369110868035, 46.202879330479121 ], [ 7.873463443101269, 46.2019357803293 ], [ 7.873265571668561, 46.201486808275966 ], [ 7.873198470967306, 46.201190252053543 ], [ 7.872963773760637, 46.200993315435966 ], [ 7.872963692885474, 46.20099324757286 ], [ 7.872675424953973, 46.200589546151434 ], [ 7.872504098660987, 46.200230374273701 ], [ 7.872500638719517, 46.199798583784514 ], [ 7.872600581426507, 46.19934841429545 ], [ 7.87259686100349, 46.198898624382409 ], [ 7.872461093451221, 46.1981344455791 ], [ 7.872456455192132, 46.19753160598318 ], [ 7.872674670945907, 46.19727887081023 ], [ 7.872863468258346, 46.196585430715018 ], [ 7.873543211077075, 46.19572818110565 ], [ 7.873501266728194, 46.195341499275436 ], [ 7.872950205629476, 46.194471049056133 ], [ 7.873229779984539, 46.1937953052865 ], [ 7.87345281078525, 46.192535074268292 ], [ 7.87337916558819, 46.191428919620911 ], [ 7.873208462544016, 46.191141712450722 ], [ 7.872073649879928, 46.190156563997398 ], [ 7.871552448240873, 46.189771761880024 ], [ 7.870769577855647, 46.189010513200159 ], [ 7.870769192617957, 46.189010138602157 ], [ 7.870501743630512, 46.187958688020146 ], [ 7.870583796810201, 46.186878906707662 ], [ 7.870836720482634, 46.186113331705734 ], [ 7.870678584454366, 46.185772098598136 ], [ 7.870180679048503, 46.185054359989842 ], [ 7.869823341171528, 46.184093190217233 ], [ 7.869431024324618, 46.183617912201207 ], [ 7.868611541592129, 46.183171262608518 ], [ 7.865622861849335, 46.181905175081276 ], [ 7.864908948315015, 46.181700966480129 ], [ 7.864325468344011, 46.18161322479461 ], [ 7.863974968300266, 46.181506594836371 ], [ 7.863217902238912, 46.180744785911195 ], [ 7.862668545658408, 46.180045172479467 ], [ 7.862921289633428, 46.179234610970383 ], [ 7.863431967041586, 46.178288126851989 ], [ 7.863713213606171, 46.177819293402983 ], [ 7.863903714166677, 46.177341804785847 ], [ 7.863615848770503, 46.1769650761062 ], [ 7.862639351406411, 46.176294063130072 ], [ 7.862117302036622, 46.175774268122822 ], [ 7.860775817846944, 46.174789764630319 ], [ 7.860553799489377, 46.174547709094895 ], [ 7.860486388475512, 46.1742061238199 ], [ 7.860315946453976, 46.173936897333618 ], [ 7.859664943223388, 46.173426892429312 ], [ 7.859664553486217, 46.17342658710384 ], [ 7.859571625654193, 46.173130083829534 ], [ 7.859529299744491, 46.172680474239769 ], [ 7.859590919117411, 46.172275456303012 ], [ 7.85958765877529, 46.171852688448283 ], [ 7.859494040490594, 46.1714662307065 ], [ 7.859363405540368, 46.171269389112602 ], [ 7.85936302304686, 46.171268812768893 ], [ 7.858974032834445, 46.171198293623547 ], [ 7.858610835246514, 46.171046962977961 ], [ 7.858610290661352, 46.171046736069997 ], [ 7.858671914949171, 46.170641709680368 ], [ 7.859052518068586, 46.169623826262978 ], [ 7.860079522306394, 46.168477594639008 ], [ 7.860206354580752, 46.168135294287012 ], [ 7.860236694581751, 46.167037750798166 ], [ 7.860906130393009, 46.16654051648645 ], [ 7.861267594624144, 46.166404239616909 ], [ 7.861200563321537, 46.166107641034586 ], [ 7.860545766786931, 46.165147582241531 ], [ 7.860282795949531, 46.164626821616793 ], [ 7.8600445421775, 46.163953059436892 ], [ 7.859680250527976, 46.16204740074491 ], [ 7.859831573684376, 46.161525113777913 ], [ 7.860189421485397, 46.160921086567008 ], [ 7.860340363333092, 46.160353821868661 ], [ 7.860374891098906, 46.159795977960371 ], [ 7.860332234458448, 46.159301391821003 ], [ 7.860197909470496, 46.158672212087559 ], [ 7.859972987527981, 46.1580433788778 ], [ 7.859601285298232, 46.156848381184147 ], [ 7.858947600539515, 46.155978631509207 ], [ 7.858947320601482, 46.155978259042186 ], [ 7.858621475752503, 46.155620257207048 ], [ 7.858620934246956, 46.155619662261387 ], [ 7.859238108891376, 46.155077644408728 ], [ 7.859623308670733, 46.154671431566101 ], [ 7.85974927914766, 46.154221186830142 ], [ 7.859680883875199, 46.153744687915989 ], [ 7.859898706166183, 46.153456032348217 ], [ 7.860349301839482, 46.153139512230574 ], [ 7.861673106146398, 46.151920201956528 ], [ 7.862081723284081, 46.151199052817738 ], [ 7.862376761940246, 46.150856120025374 ], [ 7.862660320839706, 46.150702139031445 ], [ 7.863048273530107, 46.150655704741858 ], [ 7.863475741348699, 46.150699077538007 ], [ 7.863891120469568, 46.150850442498481 ], [ 7.864730897962033, 46.150649393064569 ], [ 7.865350556388277, 46.150440163778349 ], [ 7.866448968034199, 46.150211137854384 ], [ 7.866992074082297, 46.150146111303307 ], [ 7.867288514390342, 46.149983083107259 ], [ 7.868144573767757, 46.1485675637417 ], [ 7.868375556019877, 46.148314815428897 ], [ 7.868464736782805, 46.148134571479559 ], [ 7.868500589863058, 46.14775663401327 ], [ 7.868756742976683, 46.147413841253289 ], [ 7.86961877114202, 46.146762894856018 ], [ 7.869809847641448, 46.146375369326677 ], [ 7.869871005577643, 46.145925360359549 ], [ 7.870035696484861, 46.145474974260239 ], [ 7.870227334184913, 46.145159402432981 ], [ 7.870871795620458, 46.144824126151015 ], [ 7.871452397059762, 46.14459702104481 ], [ 7.872032052632072, 46.144252972548017 ], [ 7.87250791018813, 46.143873354763841 ], [ 7.873186428913984, 46.142944218666308 ], [ 7.873788582291224, 46.142177303972474 ], [ 7.874471078291291, 46.141751903591341 ], [ 7.874819057062615, 46.14157065629405 ], [ 7.875075500725907, 46.141272817412457 ], [ 7.875304478022021, 46.140777196806496 ], [ 7.875303399122958, 46.140642265577263 ], [ 7.875301457189924, 46.140399398363307 ], [ 7.875426545743648, 46.139859191408156 ], [ 7.875485982220215, 46.139202303110928 ], [ 7.875381143985998, 46.139005313285907 ], [ 7.87538087778699, 46.13900481310106 ], [ 7.875056452748764, 46.138781798058282 ], [ 7.875481898033677, 46.138618343646876 ], [ 7.875700799559594, 46.138482579356783 ], [ 7.875481898033676, 46.138618343646876 ], [ 7.875056452748763, 46.138781798058282 ], [ 7.875055563112817, 46.138781186508076 ], [ 7.875481305358794, 46.138617619190327 ], [ 7.875700207300744, 46.138481855441654 ], [ 7.875930247438823, 46.138121146871399 ], [ 7.877109544482864, 46.1367223081673 ], [ 7.877469193302571, 46.136388089550238 ], [ 7.877855571771112, 46.136161705198184 ], [ 7.87837151233246, 46.135952806815126 ], [ 7.879015946921125, 46.13563547507831 ], [ 7.88026709254821, 46.135135847332521 ] ] ], [ [ [ 7.826063433682944, 46.205935090971877 ], [ 7.826581267131941, 46.206148674318797 ], [ 7.826581429835713, 46.206148793973888 ], [ 7.826642473618546, 46.206193686597864 ], [ 7.826915480243928, 46.206394460259126 ], [ 7.826915593474272, 46.206394603524728 ], [ 7.827067926999285, 46.206587344737414 ], [ 7.827255425918097, 46.206989888391675 ], [ 7.827706336921253, 46.207482922929195 ], [ 7.827706419247416, 46.207482940537616 ], [ 7.828192701558554, 46.207586949550226 ], [ 7.828600244869252, 46.207775265518734 ], [ 7.829235558115482, 46.208250926570059 ], [ 7.829544162476489, 46.208409265033026 ], [ 7.829857550674435, 46.208764681958854 ], [ 7.829857657925159, 46.208764746882238 ], [ 7.830181591061788, 46.208960837254537 ], [ 7.830537136871453, 46.209105247219185 ], [ 7.830537281727786, 46.209105386100035 ], [ 7.830633809188713, 46.209197931695314 ], [ 7.830678346486205, 46.209240639641486 ], [ 7.830863971368169, 46.209455127466136 ], [ 7.831547911786654, 46.210074358518625 ], [ 7.831740397388486, 46.210191623871943 ], [ 7.832056375296716, 46.210291817692301 ], [ 7.832428194187687, 46.210319221042027 ], [ 7.832654071220469, 46.210430701381703 ], [ 7.833034432887737, 46.210510428004021 ], [ 7.833684180682436, 46.210804480710969 ], [ 7.834324370238747, 46.210905245405343 ], [ 7.834528767242168, 46.211019945604498 ], [ 7.834651108385185, 46.21117438820707 ], [ 7.83470727556036, 46.21124529325585 ], [ 7.834707322149964, 46.211245307065163 ], [ 7.83507801728044, 46.211355182306093 ], [ 7.835584228405339, 46.211740313564142 ], [ 7.835765452997051, 46.211960201870767 ], [ 7.836007675583441, 46.212254101908528 ], [ 7.836506043516288, 46.212167647668565 ], [ 7.837039148046519, 46.212112850802036 ], [ 7.837486465311617, 46.213170412193939 ], [ 7.837777527073879, 46.21323524381458 ], [ 7.838147367095694, 46.213236997626467 ], [ 7.838486661391384, 46.213385038407885 ], [ 7.838821847051055, 46.21355567193428 ], [ 7.838996883218346, 46.213675145698026 ], [ 7.839198681993868, 46.213856774803773 ], [ 7.839454657750495, 46.214196623840664 ], [ 7.839548995363741, 46.214321872213503 ], [ 7.839745564651652, 46.214443787366932 ], [ 7.840370684284621, 46.214989499260227 ], [ 7.840577649664595, 46.215114794458373 ], [ 7.840577729542737, 46.215114906451937 ], [ 7.840734550387924, 46.215334777938551 ], [ 7.840870955933924, 46.21552602604811 ], [ 7.841155904562144, 46.216121158972634 ], [ 7.841155987630466, 46.216121203393776 ], [ 7.841550116221275, 46.216331965357277 ], [ 7.841787307094592, 46.216495472522368 ], [ 7.841997758297794, 46.216793020644509 ], [ 7.842508474721368, 46.217283085243572 ], [ 7.842708577243494, 46.217424773283319 ], [ 7.842934996467478, 46.217585078068936 ], [ 7.843874858955031, 46.217906858477527 ], [ 7.844247082467952, 46.218069715138249 ], [ 7.844492904951482, 46.218248613413841 ], [ 7.844764924099807, 46.218645608251329 ], [ 7.844961085873447, 46.218910943600207 ], [ 7.845823497291615, 46.219440984865294 ], [ 7.846561508534405, 46.219733261383944 ], [ 7.846901605458572, 46.219839795016028 ], [ 7.847535544094211, 46.220145466307052 ], [ 7.847535504305695, 46.220145477205953 ], [ 7.846626962779551, 46.220394345632194 ], [ 7.8456485660952, 46.220243159269366 ], [ 7.845220576400866, 46.220327997590992 ], [ 7.844059360602172, 46.220950995539027 ], [ 7.842928603867865, 46.221062142438051 ], [ 7.840897551095588, 46.219986428630079 ], [ 7.839522236092505, 46.219812742356694 ], [ 7.839339346545488, 46.219789641175993 ], [ 7.837371330977913, 46.218408983560913 ], [ 7.83579714002506, 46.216948360559144 ], [ 7.833470826592013, 46.215304535517959 ], [ 7.83175516595561, 46.215120094447265 ], [ 7.830375769932768, 46.214015741849252 ], [ 7.83020592821108, 46.21361548987295 ], [ 7.83018490608623, 46.213503026325988 ], [ 7.830134095391291, 46.213230182438132 ], [ 7.830221481632016, 46.213218815462831 ], [ 7.829994920408074, 46.212832243953123 ], [ 7.829864502410883, 46.212661326611155 ], [ 7.82963875784747, 46.212532658415427 ], [ 7.829663142554722, 46.212282853450581 ], [ 7.829504488509111, 46.212022885819842 ], [ 7.828467819468307, 46.210904372726631 ], [ 7.826744782872112, 46.210624680018284 ], [ 7.824926564880554, 46.209488445529026 ], [ 7.822347503374307, 46.208493351520801 ], [ 7.822577365164824, 46.208328130734941 ], [ 7.822725067957096, 46.208143037927293 ], [ 7.82294051485886, 46.208010339777246 ], [ 7.823102627045856, 46.20779263312248 ], [ 7.823197093451856, 46.207518393221726 ], [ 7.823215862329047, 46.207276794970355 ], [ 7.823366611114499, 46.207101766148256 ], [ 7.823625969255443, 46.207004900207409 ], [ 7.823846987014533, 46.206964837052226 ], [ 7.824197992195131, 46.206874314676611 ], [ 7.824382543876459, 46.206771224879198 ], [ 7.824554279911034, 46.206798076355788 ], [ 7.824827560444363, 46.206618489707502 ], [ 7.825158835640232, 46.206413696322166 ], [ 7.825297315696059, 46.206336939822457 ], [ 7.825732127770925, 46.206171192164234 ], [ 7.825927817635514, 46.206031719111145 ], [ 7.826063429947725, 46.205935093633265 ], [ 7.826063433682944, 46.205935090971877 ] ] ] ] } },
{ "type": "Feature", "properties": { "geo_point_2d": { "lon": 7.809199681253281, "lat": 46.16784572554845 }, "year": "2023", "kan_code": [ "23" ], "kan_name": [ "Valais" ], "bez_code": [ "2306", "2313" ], "bez_name": [ "Leuk", "Visp" ], "gem_code": [ "6104", "6119", "6282", "6283", "6285", "6287", "6289", "6290", "6292" ], "gem_name": [ "Eisten", "Embd", "Ergisch", "Grächen", "Randa", "Saas-Balen", "Saas-Fee", "St. Niklaus", "Turtmann-Unterems" ], "plz_code": [ "3924" ], "plz_area_code": "CHE", "plz_type": "PLZ4/NPA4" }, "geometry": { "type": "Polygon", "coordinates": [ [ [ 7.864056258298647, 46.109002391191922 ], [ 7.864084575734833, 46.10931714179803 ], [ 7.864412135761862, 46.109855647508788 ], [ 7.864999774230931, 46.110573093282845 ], [ 7.865520287459162, 46.110975932440532 ], [ 7.865527952730006, 46.110984525122639 ], [ 7.866016150087103, 46.111531788850201 ], [ 7.866433081953515, 46.111917033384287 ], [ 7.866709055844087, 46.112057452916929 ], [ 7.867082392962173, 46.112247412276965 ], [ 7.867657431591821, 46.112654857483385 ], [ 7.868383116307932, 46.113169043389703 ], [ 7.869208678894523, 46.113632025261616 ], [ 7.87023705402955, 46.114208745976406 ], [ 7.870565845264708, 46.11439313463935 ], [ 7.872020096710931, 46.115089236404806 ], [ 7.872643837467554, 46.115446668739906 ], [ 7.87273630935841, 46.115689196651168 ], [ 7.872971505922285, 46.115985149891017 ], [ 7.873323261419737, 46.116298654560254 ], [ 7.873882480516215, 46.116674319766247 ], [ 7.875273529155791, 46.11732264113472 ], [ 7.875375653326818, 46.117370237804188 ], [ 7.875662576048284, 46.117473027867959 ], [ 7.876543209717812, 46.117788514876416 ], [ 7.876571485388728, 46.118085262669275 ], [ 7.876547922295889, 46.118373224735542 ], [ 7.876641222756831, 46.118714698847917 ], [ 7.876772379977518, 46.118939082247891 ], [ 7.877423295179952, 46.119449309713922 ], [ 7.878502054076371, 46.120074821327201 ], [ 7.879308664220849, 46.120638414853751 ], [ 7.87954405008043, 46.120952345346019 ], [ 7.879701993932759, 46.121284569099352 ], [ 7.880204870105484, 46.122676953714567 ], [ 7.880234986245599, 46.123198594710729 ], [ 7.880151859947497, 46.124116479477912 ], [ 7.879544213410079, 46.12576508090806 ], [ 7.879590457093967, 46.12668246046146 ], [ 7.879529414163231, 46.127132501015545 ], [ 7.879364349297449, 46.127519959546348 ], [ 7.878917351636622, 46.128241357215721 ], [ 7.878791975076465, 46.1287366175006 ], [ 7.87880033715082, 46.12977109804303 ], [ 7.878932775494065, 46.130148400973447 ], [ 7.879193726727085, 46.130417254508927 ], [ 7.879713662651625, 46.130712083870407 ], [ 7.880104379770041, 46.131025416165784 ], [ 7.880104504185963, 46.131025754065796 ], [ 7.880368978495642, 46.131744037314675 ], [ 7.880740515459222, 46.132885037065755 ], [ 7.881034871296706, 46.134080330086647 ], [ 7.880973261958551, 46.134458390364742 ], [ 7.880460308282915, 46.135027143744423 ], [ 7.88026709254821, 46.135135847332521 ], [ 7.879015946921125, 46.13563547507831 ], [ 7.878371512332461, 46.135952806815126 ], [ 7.877855571771112, 46.136161705198184 ], [ 7.877469193302571, 46.136388089550238 ], [ 7.877109544482864, 46.1367223081673 ], [ 7.875930247438823, 46.138121146871399 ], [ 7.875700207300745, 46.138481855441654 ], [ 7.875481305358794, 46.138617619190327 ], [ 7.875055563112818, 46.138781186508076 ], [ 7.875056452748764, 46.138781798058282 ], [ 7.87538087778699, 46.13900481310106 ], [ 7.875381143985998, 46.139005313285907 ], [ 7.875485982220215, 46.139202303110928 ], [ 7.875426545743649, 46.139859191408156 ], [ 7.875301457189925, 46.140399398363307 ], [ 7.875303399122958, 46.140642265577263 ], [ 7.87530447802202, 46.140777196806496 ], [ 7.875075500725907, 46.141272817412457 ], [ 7.874819057062614, 46.14157065629405 ], [ 7.874471078291291, 46.141751903591341 ], [ 7.873788582291223, 46.142177303972474 ], [ 7.873186428913984, 46.142944218666308 ], [ 7.872507910188129, 46.143873354763841 ], [ 7.872032052632072, 46.144252972548017 ], [ 7.871452397059762, 46.14459702104481 ], [ 7.870871795620457, 46.144824126151015 ], [ 7.870227334184914, 46.145159402432981 ], [ 7.870035696484861, 46.145474974260239 ], [ 7.869871005577644, 46.145925360359549 ], [ 7.869809847641448, 46.146375369326677 ], [ 7.86961877114202, 46.146762894856018 ], [ 7.868756742976683, 46.147413841253289 ], [ 7.868500589863057, 46.14775663401327 ], [ 7.868464736782804, 46.148134571479559 ], [ 7.868375556019878, 46.148314815428897 ], [ 7.868144573767757, 46.1485675637417 ], [ 7.867288514390342, 46.149983083107259 ], [ 7.866992074082297, 46.150146111303307 ], [ 7.866448968034198, 46.150211137854384 ], [ 7.865350556388276, 46.150440163778349 ], [ 7.864730897962033, 46.150649393064569 ], [ 7.863891120469567, 46.150850442498481 ], [ 7.863475741348699, 46.150699077538007 ], [ 7.863048273530108, 46.150655704741858 ], [ 7.862660320839705, 46.150702139031445 ], [ 7.862376761940247, 46.150856120025374 ], [ 7.862081723284082, 46.151199052817738 ], [ 7.861673106146399, 46.151920201956528 ], [ 7.860349301839482, 46.153139512230574 ], [ 7.859898706166182, 46.153456032348217 ], [ 7.859680883875198, 46.153744687915989 ], [ 7.859749279147659, 46.154221186830142 ], [ 7.859623308670733, 46.154671431566101 ], [ 7.859238108891376, 46.155077644408728 ], [ 7.858620934246955, 46.155619662261387 ], [ 7.858621475752503, 46.155620257207048 ], [ 7.858947320601482, 46.155978259042186 ], [ 7.858947600539515, 46.155978631509207 ], [ 7.859601285298232, 46.156848381184147 ], [ 7.85997298752798, 46.1580433788778 ], [ 7.860197909470496, 46.158672212087559 ], [ 7.860332234458448, 46.159301391821003 ], [ 7.860374891098906, 46.159795977960371 ], [ 7.860340363333093, 46.160353821868661 ], [ 7.860189421485396, 46.160921086567008 ], [ 7.859831573684375, 46.161525113777913 ], [ 7.859680250527976, 46.16204740074491 ], [ 7.8600445421775, 46.163953059436892 ], [ 7.860282795949531, 46.164626821616793 ], [ 7.860545766786932, 46.165147582241531 ], [ 7.861200563321538, 46.166107641034586 ], [ 7.861267594624144, 46.166404239616909 ], [ 7.860906130393009, 46.16654051648645 ], [ 7.860236694581751, 46.167037750798166 ], [ 7.860206354580752, 46.168135294287012 ], [ 7.860079522306394, 46.168477594639008 ], [ 7.859052518068586, 46.169623826262978 ], [ 7.858671914949171, 46.170641709680368 ], [ 7.858610290661352, 46.171046736069997 ], [ 7.858610835246514, 46.171046962977961 ], [ 7.858974032834445, 46.171198293623547 ], [ 7.85936302304686, 46.171268812768893 ], [ 7.859363405540368, 46.171269389112602 ], [ 7.859494040490593, 46.1714662307065 ], [ 7.85958765877529, 46.171852688448283 ], [ 7.85959091911741, 46.172275456303012 ], [ 7.859529299744492, 46.172680474239769 ], [ 7.859571625654193, 46.173130083829534 ], [ 7.859664553486218, 46.17342658710384 ], [ 7.858734472349239, 46.173717890204983 ], [ 7.85688806500249, 46.1743994111444 ], [ 7.855699060455096, 46.174700651040439 ], [ 7.854819235538971, 46.174793848987029 ], [ 7.853914002161503, 46.174950103256784 ], [ 7.852982020707696, 46.174998499848435 ], [ 7.850458233604172, 46.175169639889702 ], [ 7.848478890035033, 46.17541971322629 ], [ 7.846733646220019, 46.175812847520987 ], [ 7.844902515607899, 46.176853971301668 ], [ 7.844322770887854, 46.177260858363127 ], [ 7.843703661221306, 46.177595926833945 ], [ 7.843251753356139, 46.177777458121049 ], [ 7.842708197302766, 46.177824379592714 ], [ 7.842021851061714, 46.177826838264039 ], [ 7.839796994233862, 46.178176604745296 ], [ 7.839281112979291, 46.178466295242998 ], [ 7.838249571594416, 46.179081660104387 ], [ 7.83775924435112, 46.179326283859822 ], [ 7.836532108706283, 46.179762400026974 ], [ 7.835604072620853, 46.18036838075777 ], [ 7.835025397000643, 46.180937156446923 ], [ 7.834833416512166, 46.181252678172591 ], [ 7.834773352770639, 46.181900587317379 ], [ 7.834840259622006, 46.18219721085439 ], [ 7.834455671905007, 46.182738298624486 ], [ 7.834136286540799, 46.183342126999214 ], [ 7.833774967676193, 46.183523303392242 ], [ 7.833258236240265, 46.183705020819971 ], [ 7.831455048281406, 46.18508762785271 ], [ 7.830420025842027, 46.185244152461756 ], [ 7.829773947610955, 46.185453279766321 ], [ 7.829320447171003, 46.185427859576919 ], [ 7.827962027535376, 46.18563944299796 ], [ 7.827443641768337, 46.185596256135305 ], [ 7.827159161340893, 46.185660203202666 ], [ 7.826731639935129, 46.18564367908624 ], [ 7.82654316255933, 46.186453910483728 ], [ 7.827000344437756, 46.1869920745538 ], [ 7.826937327055461, 46.187235165475684 ], [ 7.82697528634921, 46.187564527614711 ], [ 7.826976312392815, 46.187573430307125 ], [ 7.826978781126376, 46.187594850815415 ], [ 7.82717550406019, 46.187936002699161 ], [ 7.827462059873008, 46.188159892608212 ], [ 7.827502877198057, 46.188429623065623 ], [ 7.827386851667521, 46.188549070643504 ], [ 7.827310006805395, 46.188628181961604 ], [ 7.827873946195993, 46.189350243633228 ], [ 7.827929494041863, 46.189467509282736 ], [ 7.827934240728192, 46.189562784315896 ], [ 7.827936614730783, 46.189598883190278 ], [ 7.827936637907124, 46.18959923560768 ], [ 7.827708390816579, 46.189637829565264 ], [ 7.827598752282865, 46.189687610846207 ], [ 7.827558498227625, 46.189713422918743 ], [ 7.827388584836679, 46.189822359922587 ], [ 7.827299146257648, 46.189862275200106 ], [ 7.827188226867462, 46.189911265182523 ], [ 7.827155293257171, 46.189925811034122 ], [ 7.827040625550446, 46.189993447494444 ], [ 7.826963526212983, 46.19005098768676 ], [ 7.826914131460095, 46.190108378787997 ], [ 7.826870662505609, 46.190179431982763 ], [ 7.826730452943066, 46.190327469293308 ], [ 7.826710994143451, 46.190354262231558 ], [ 7.826611467103513, 46.190491185115349 ], [ 7.826559197001285, 46.190615524172522 ], [ 7.826559167256894, 46.190615594927877 ], [ 7.826305951563673, 46.190684555247756 ], [ 7.826305097128199, 46.190684787943219 ], [ 7.826193747292968, 46.190731182337821 ], [ 7.825912886218954, 46.190843699516918 ], [ 7.825664950593082, 46.190914255426556 ], [ 7.825531093490503, 46.190952342160557 ], [ 7.825494807131914, 46.190981478912668 ], [ 7.825430503993396, 46.191033134513027 ], [ 7.825384313647836, 46.191068790118827 ], [ 7.825359019295139, 46.191088315529555 ], [ 7.825300853691991, 46.191122068230598 ], [ 7.825254011771748, 46.191145257253922 ], [ 7.825217729053589, 46.191170641115527 ], [ 7.825028657888843, 46.191264365308541 ], [ 7.824860966694185, 46.191313487540612 ], [ 7.824798717444616, 46.191434701032136 ], [ 7.824798847889523, 46.191465951617694 ], [ 7.824828324716022, 46.191500133599014 ], [ 7.824828313715101, 46.191500138357021 ], [ 7.824457280048362, 46.191660614058598 ], [ 7.824300192086102, 46.191815542598988 ], [ 7.823867478492499, 46.191884925010847 ], [ 7.820348325727992, 46.193266579203836 ], [ 7.820637413051765, 46.193850314551575 ], [ 7.821003434221372, 46.194316846345224 ], [ 7.821357503284939, 46.194927337382836 ], [ 7.82169007678009, 46.195344023033414 ], [ 7.822180936160909, 46.195959027125497 ], [ 7.822339240357586, 46.196363278643332 ], [ 7.822250802341843, 46.196678427684034 ], [ 7.821864092026837, 46.196949599630884 ], [ 7.820210067177051, 46.197539908455319 ], [ 7.819752368602831, 46.197908366959737 ], [ 7.819138796148178, 46.198080225181059 ], [ 7.818980715382168, 46.198143996258132 ], [ 7.818258730692345, 46.198425331694793 ], [ 7.818221082732718, 46.198439986010143 ], [ 7.818111905396813, 46.198500263430191 ], [ 7.818045147704844, 46.198518577580039 ], [ 7.817881582752451, 46.19856344755847 ], [ 7.817987347747699, 46.199150898523357 ], [ 7.818124014832661, 46.19932881591599 ], [ 7.818325884899487, 46.199599826730513 ], [ 7.818820868560944, 46.200018389825146 ], [ 7.819090126193242, 46.200544263762673 ], [ 7.81933451632216, 46.200693373187221 ], [ 7.820093379090596, 46.201082382610998 ], [ 7.820672580084338, 46.201357469387709 ], [ 7.821145820862694, 46.201587681024748 ], [ 7.821429102687867, 46.201735233193055 ], [ 7.82163591464882, 46.20200899216988 ], [ 7.821761998808443, 46.202250864467494 ], [ 7.822087740295067, 46.202543920564949 ], [ 7.822645284528752, 46.202884208529312 ], [ 7.823011467978864, 46.203000467310616 ], [ 7.823454883815368, 46.203166523395055 ], [ 7.823841775849635, 46.203402288876831 ], [ 7.824868197700433, 46.20426175709887 ], [ 7.825208760304049, 46.204901762781567 ], [ 7.825872115124294, 46.20575934002887 ], [ 7.826063433682944, 46.205935090971877 ], [ 7.826063429947725, 46.205935093633265 ], [ 7.825927817635514, 46.206031719111145 ], [ 7.825732127770925, 46.206171192164234 ], [ 7.825297315696059, 46.206336939822457 ], [ 7.825158835640233, 46.206413696322166 ], [ 7.824827560444363, 46.206618489707502 ], [ 7.824554279911033, 46.206798076355788 ], [ 7.824382543876458, 46.206771224879198 ], [ 7.824197992195131, 46.206874314676611 ], [ 7.823846987014533, 46.206964837052226 ], [ 7.823625969255444, 46.207004900207409 ], [ 7.823366611114499, 46.207101766148256 ], [ 7.823215862329047, 46.207276794970355 ], [ 7.823197093451856, 46.207518393221726 ], [ 7.823102627045856, 46.20779263312248 ], [ 7.82294051485886, 46.208010339777246 ], [ 7.822725067957096, 46.208143037927293 ], [ 7.822577365164824, 46.208328130734941 ], [ 7.822347503374307, 46.208493351520801 ], [ 7.82207418679794, 46.208596558772385 ], [ 7.82190829169238, 46.208793136856478 ], [ 7.821715592552192, 46.208826263627053 ], [ 7.821376519345254, 46.208809958966057 ], [ 7.820631220546281, 46.208827859171663 ], [ 7.820182985608955, 46.20869137692047 ], [ 7.820012353187072, 46.208748804737866 ], [ 7.819569148772006, 46.208701540415902 ], [ 7.819130318275934, 46.208761128523442 ], [ 7.818986238901409, 46.208798854912018 ], [ 7.818837631699625, 46.208874828031625 ], [ 7.818599751380694, 46.208858085151853 ], [ 7.818460753929884, 46.208881400696662 ], [ 7.818269276051928, 46.208978656789917 ], [ 7.818044671707212, 46.209063699488667 ], [ 7.817918285586811, 46.209074647990462 ], [ 7.817807510331546, 46.209150492982523 ], [ 7.817633029430488, 46.209158093930903 ], [ 7.817476824109965, 46.209241197289145 ], [ 7.817272364475883, 46.209298014499687 ], [ 7.817277649285757, 46.209331370851935 ], [ 7.817202106976207, 46.209368505858031 ], [ 7.817093268454609, 46.209368869785827 ], [ 7.816944503159895, 46.209441332609352 ], [ 7.816937584986704, 46.209527444531439 ], [ 7.816483223949707, 46.209665876509455 ], [ 7.815948103596301, 46.209630958952317 ], [ 7.815493110141441, 46.209865912845054 ], [ 7.815395330981814, 46.209985611180478 ], [ 7.815345816790935, 46.210133305351398 ], [ 7.815255212965449, 46.210203863194572 ], [ 7.815253057418696, 46.210267020141337 ], [ 7.815134749052648, 46.210341178374904 ], [ 7.814959688370965, 46.210415615116531 ], [ 7.814770015232225, 46.210456816068948 ], [ 7.814566329214052, 46.210589369533601 ], [ 7.814286555653581, 46.210718217031364 ], [ 7.814036955415547, 46.210882316856384 ], [ 7.813750043779669, 46.211236079039367 ], [ 7.813663784830128, 46.211341766048832 ], [ 7.813547663701166, 46.211484041081405 ], [ 7.813355257611223, 46.21156195112593 ], [ 7.812933031644392, 46.211666348607444 ], [ 7.812622762932708, 46.211865729061429 ], [ 7.812260778319716, 46.212101262121621 ], [ 7.811936497831646, 46.212242034997644 ], [ 7.811785121764065, 46.212446466417816 ], [ 7.811719297080581, 46.212598350754206 ], [ 7.811526041943809, 46.212685705940615 ], [ 7.811154673829052, 46.212819974829308 ], [ 7.811081105494321, 46.212824894639269 ], [ 7.810754867346576, 46.212945700103951 ], [ 7.810605033895573, 46.212997198073374 ], [ 7.810451553490382, 46.213103041806988 ], [ 7.810166918362754, 46.213282450799475 ], [ 7.809941050039758, 46.213414708832076 ], [ 7.809765802875797, 46.213464220018693 ], [ 7.809465738342023, 46.213452249469469 ], [ 7.809062449957827, 46.213314496299347 ], [ 7.80864797433645, 46.213150960623373 ], [ 7.808399828946627, 46.213132340654283 ], [ 7.80809188035478, 46.213103930095201 ], [ 7.807917429158867, 46.213098831964217 ], [ 7.807783664960652, 46.21305518930437 ], [ 7.807370902412074, 46.212971705029908 ], [ 7.80725041037252, 46.212974436280774 ], [ 7.80712516141155, 46.21300192103665 ], [ 7.806980178595166, 46.212985480928815 ], [ 7.806543369489818, 46.212948399676442 ], [ 7.80626799322954, 46.212945965801566 ], [ 7.806120022265048, 46.21298602723131 ], [ 7.805910371129815, 46.213045449395032 ], [ 7.805651450181313, 46.213062121453603 ], [ 7.805409221205406, 46.213133072814287 ], [ 7.805322875831477, 46.213126515777638 ], [ 7.805221508296968, 46.213082765158568 ], [ 7.805014715944982, 46.213085683464769 ], [ 7.804923636929455, 46.213107477865307 ], [ 7.804809873329211, 46.213147426899134 ], [ 7.804720410452287, 46.213159050778494 ], [ 7.804620932410463, 46.213145788900974 ], [ 7.804459433068189, 46.213101062524814 ], [ 7.804032343146434, 46.213063940157625 ], [ 7.803889059960638, 46.213068990296378 ], [ 7.803730929718177, 46.213043502787514 ], [ 7.803603767459246, 46.213037076052544 ], [ 7.803476810596488, 46.213041983081098 ], [ 7.803060031183914, 46.213073910706797 ], [ 7.802843013098229, 46.21302027506627 ], [ 7.802692977968349, 46.213003845710851 ], [ 7.802565802707385, 46.212976008110388 ], [ 7.802226593215475, 46.212922763993426 ], [ 7.801809249379116, 46.212869859475148 ], [ 7.801592527140613, 46.212860389318664 ], [ 7.801009145399899, 46.21273420438763 ], [ 7.800140961284363, 46.212737006764208 ], [ 7.799621910063342, 46.212630732612887 ], [ 7.799168375661933, 46.212632186720185 ], [ 7.798805842485103, 46.212678336986002 ], [ 7.798417096512886, 46.212679581956927 ], [ 7.798261306905536, 46.212635107461438 ], [ 7.797742674672396, 46.212591784163571 ], [ 7.797223583422957, 46.212476512446258 ], [ 7.796056747554355, 46.212390281050162 ], [ 7.795628247705259, 46.212256706643068 ], [ 7.795083412109007, 46.212168484341205 ], [ 7.793527447848231, 46.212020490432103 ], [ 7.793072548727779, 46.211815041627801 ], [ 7.792320996937194, 46.211817409769743 ], [ 7.791518371084059, 46.21193688496723 ], [ 7.79132458856598, 46.212027454566972 ], [ 7.790805980607902, 46.211984099373467 ], [ 7.790636635502195, 46.21184970872423 ], [ 7.790802864928814, 46.211507337919365 ], [ 7.79082731566709, 46.211282387812822 ], [ 7.791121837467149, 46.210741712406346 ], [ 7.791248943420439, 46.210363498000532 ], [ 7.79144183483118, 46.210137996072 ], [ 7.792304996631179, 46.20937065216814 ], [ 7.792361378821099, 46.208084102579569 ], [ 7.792292462942128, 46.207454620204537 ], [ 7.792288356470392, 46.206824935383452 ], [ 7.792192656478018, 46.206060610452518 ], [ 7.792212863914044, 46.205187966387818 ], [ 7.792119930452833, 46.204828882589915 ], [ 7.792119815587779, 46.204828438765063 ], [ 7.791756442412399, 46.204739633960337 ], [ 7.789719802772868, 46.204359216979377 ], [ 7.78907200020907, 46.204361251028999 ], [ 7.788385791312344, 46.204435356441266 ], [ 7.788037251313837, 46.204634346548183 ], [ 7.787842913383865, 46.204634946149348 ], [ 7.786088614680255, 46.203830804754624 ], [ 7.78569924520149, 46.203724059945593 ], [ 7.784882430056199, 46.203636631220242 ], [ 7.784531874128924, 46.2035207680117 ], [ 7.784362868639347, 46.203431336482687 ], [ 7.784362298843211, 46.203341381474068 ], [ 7.784270928085431, 46.203189233604583 ], [ 7.784270628595568, 46.203188734902966 ], [ 7.783582923976788, 46.203028937175887 ], [ 7.783101728628996, 46.202742558706383 ], [ 7.782415065859612, 46.20274467285148 ], [ 7.781351383906689, 46.20254102424817 ], [ 7.779926194126522, 46.202527401095047 ], [ 7.77930333908404, 46.202367381864129 ], [ 7.778914580130498, 46.202350577613842 ], [ 7.778655753863889, 46.202396342584365 ], [ 7.777984171603127, 46.202731215344052 ], [ 7.776716114115523, 46.202986950701359 ], [ 7.776068464263159, 46.203006856100551 ], [ 7.77545916781991, 46.202945673665006 ], [ 7.775160748252056, 46.202874577690004 ], [ 7.77506939471097, 46.202766892145739 ], [ 7.774679901111218, 46.202633095804487 ], [ 7.773705884582912, 46.202249096772093 ], [ 7.773250158754029, 46.201872608460754 ], [ 7.772990228023885, 46.201738450330893 ], [ 7.772562279753144, 46.201667756947387 ], [ 7.772082841684285, 46.201651187605748 ], [ 7.771499323923354, 46.201562974912569 ], [ 7.770851840608793, 46.201609872926966 ], [ 7.770682902341716, 46.201520411823346 ], [ 7.76990451562588, 46.201342796558464 ], [ 7.769257129510417, 46.201407667483466 ], [ 7.768545957742981, 46.201634642555668 ], [ 7.767704685630227, 46.201772034659143 ], [ 7.766447491575541, 46.201685742770273 ], [ 7.766019323424614, 46.201579033594804 ], [ 7.765022852504605, 46.201761832651208 ], [ 7.763988019378835, 46.202034689771082 ], [ 7.763146569166943, 46.202145061383035 ], [ 7.762307142331109, 46.202597274134611 ], [ 7.761596617867692, 46.202941147091494 ], [ 7.760628405938107, 46.203528658486213 ], [ 7.760396358282105, 46.203727222669208 ], [ 7.759788765027333, 46.203953848053168 ], [ 7.759335579108477, 46.204000119717136 ], [ 7.759037491705075, 46.203982972195874 ], [ 7.758324241894517, 46.203868044407905 ], [ 7.757612992458939, 46.204094959634219 ], [ 7.75696719803048, 46.20443862999133 ], [ 7.756618176366837, 46.204574545494665 ], [ 7.756229866652816, 46.204638613807958 ], [ 7.755905956570631, 46.204639521751488 ], [ 7.754999722333355, 46.204759018640509 ], [ 7.754425174158067, 46.204669044271476 ], [ 7.754424623208172, 46.204668957992602 ], [ 7.754433759119255, 46.204604325680847 ], [ 7.754377311342084, 46.204525310158857 ], [ 7.754376979336883, 46.204524845418426 ], [ 7.754281712263421, 46.204435019451374 ], [ 7.754226816297562, 46.204389987244511 ], [ 7.754183646319665, 46.204369732370346 ], [ 7.753969955906874, 46.204305783731222 ], [ 7.753870825374947, 46.204246742333282 ], [ 7.753865828001111, 46.204239455100783 ], [ 7.75376303105404, 46.2040895553178 ], [ 7.753700858910961, 46.203980161165646 ], [ 7.753676388582855, 46.203870743063938 ], [ 7.753619021561264, 46.203689154325843 ], [ 7.753555750647257, 46.203530646851398 ], [ 7.753453547197352, 46.20335852920131 ], [ 7.753342991240761, 46.203144281013266 ], [ 7.753355051025374, 46.202988856475308 ], [ 7.75340211231738, 46.20272476604012 ], [ 7.753430069507108, 46.202517860127607 ], [ 7.75342195224886, 46.202372827685743 ], [ 7.753381427313892, 46.202226760865869 ], [ 7.753338183890705, 46.202168688129618 ], [ 7.753280194946655, 46.202083246575683 ], [ 7.753068146357522, 46.20195845406267 ], [ 7.75285751430545, 46.201800490230632 ], [ 7.752695655818441, 46.201673245863134 ], [ 7.752522667608283, 46.201442024314233 ], [ 7.752343807337486, 46.201315942036608 ], [ 7.752293858923937, 46.201220231657452 ], [ 7.752205037627543, 46.201028564557397 ], [ 7.752165960053985, 46.200944239226594 ], [ 7.751870534894527, 46.200823264573714 ], [ 7.751715348916376, 46.200729104385303 ], [ 7.751573019971381, 46.200619993656012 ], [ 7.751409131480961, 46.200562406455887 ], [ 7.751214482186053, 46.200506082363319 ], [ 7.751045188014724, 46.20049305605319 ], [ 7.750895025990516, 46.200429735989374 ], [ 7.7506505302513, 46.200292443523558 ], [ 7.750519755715146, 46.200221054413426 ], [ 7.750371533183957, 46.200179643863223 ], [ 7.750265924453597, 46.200150138796786 ], [ 7.750111966006432, 46.20010543433316 ], [ 7.750013687013631, 46.20007689734971 ], [ 7.749856383340533, 46.200037559978398 ], [ 7.749724924117359, 46.199986681931534 ], [ 7.749598693298164, 46.199901936260375 ], [ 7.749557488582655, 46.19987427327527 ], [ 7.749332061767326, 46.199714194399853 ], [ 7.749312791211697, 46.199700510096726 ], [ 7.749114518516249, 46.199575609460666 ], [ 7.748848086633157, 46.199424816809156 ], [ 7.748715657676366, 46.199346467519668 ], [ 7.748643966704147, 46.199269076273453 ], [ 7.748457718594871, 46.198979691999938 ], [ 7.748410674610953, 46.198958721703001 ], [ 7.748376546187432, 46.198943508638209 ], [ 7.748335542818895, 46.198943352349467 ], [ 7.748226760298618, 46.19894293771322 ], [ 7.748014722149466, 46.198959817335727 ], [ 7.747801019220184, 46.198968694971825 ], [ 7.747413525110566, 46.199029690270017 ], [ 7.746978953946297, 46.199067999449539 ], [ 7.746883920822426, 46.199065311472218 ], [ 7.746591052339364, 46.199057027793764 ], [ 7.746134073704896, 46.199142244020074 ], [ 7.745859851382101, 46.199189091030206 ], [ 7.745506172946342, 46.199214509167689 ], [ 7.745335393251924, 46.19922664817711 ], [ 7.745080344906643, 46.19922536858607 ], [ 7.744688202225137, 46.199178985977994 ], [ 7.744275072810729, 46.19914405614599 ], [ 7.743976876811423, 46.199101843339989 ], [ 7.74354568787173, 46.19902253899857 ], [ 7.743341769746683, 46.19889996435078 ], [ 7.743218441421817, 46.198853626669276 ], [ 7.743132661355042, 46.198831083073742 ], [ 7.742848283362454, 46.198756346568103 ], [ 7.742807343688626, 46.19874558733833 ], [ 7.742662003061172, 46.198673094841197 ], [ 7.742364527672352, 46.198468612275896 ], [ 7.742133506164881, 46.198419341755383 ], [ 7.741980134071293, 46.19835825840596 ], [ 7.741809178749864, 46.198336083139623 ], [ 7.741546259936712, 46.198377132192881 ], [ 7.741380314592265, 46.198382352627945 ], [ 7.74122238966091, 46.198376162894355 ], [ 7.741100879667314, 46.198351321780898 ], [ 7.741014077125072, 46.198333576147505 ], [ 7.74085590579041, 46.198282831097373 ], [ 7.74071988703666, 46.198213591823311 ], [ 7.740682149135131, 46.198194381642111 ], [ 7.740513953714079, 46.198085416007828 ], [ 7.740356327866268, 46.197985471591068 ], [ 7.740205932931498, 46.197876458076166 ], [ 7.740158392199779, 46.197854109544238 ], [ 7.739969717121693, 46.197765414842799 ], [ 7.7395789378723, 46.197669885655799 ], [ 7.73933174784472, 46.197626337636144 ], [ 7.739030212222429, 46.19756353862018 ], [ 7.738589923467188, 46.197444244886938 ], [ 7.738385413649575, 46.197357078784798 ], [ 7.738144295704006, 46.197239235019275 ], [ 7.737938211984625, 46.197160078402703 ], [ 7.737804486318633, 46.197134362350617 ], [ 7.737646480998311, 46.197122094094169 ], [ 7.737426215570754, 46.197104991677953 ], [ 7.737206538757963, 46.197055609209649 ], [ 7.73707958503671, 46.197010352221781 ], [ 7.737038609185986, 46.19699574498096 ], [ 7.73702505549644, 46.196987308294396 ], [ 7.736934621502336, 46.196931016370335 ], [ 7.73683125099367, 46.196829808682686 ], [ 7.736784045684463, 46.196743352258572 ], [ 7.736747833815897, 46.196677030297778 ], [ 7.736703982482605, 46.19650588655729 ], [ 7.736633413813021, 46.196333598695475 ], [ 7.736556695408253, 46.196148540008203 ], [ 7.736537430407676, 46.196102069337606 ], [ 7.736496329078851, 46.196041835107145 ], [ 7.73645581531694, 46.195982461959332 ], [ 7.736396414640598, 46.195929004090637 ], [ 7.736147647796638, 46.195741513908843 ], [ 7.736059500936926, 46.195611587409687 ], [ 7.736031663454035, 46.195554592124275 ], [ 7.736026497840171, 46.1955058285943 ], [ 7.736015453924159, 46.195401573738323 ], [ 7.735975884724996, 46.19529470935975 ], [ 7.735954648183981, 46.19523735591801 ], [ 7.735878909200327, 46.19500688833547 ], [ 7.735880498124136, 46.194853760248975 ], [ 7.735903909318306, 46.194692622730408 ], [ 7.735874840176069, 46.194556774797192 ], [ 7.735790102475398, 46.194457757195089 ], [ 7.735604659456961, 46.194300819812142 ], [ 7.735455816271366, 46.194175765731153 ], [ 7.735410796463528, 46.194140286639445 ], [ 7.735379386644727, 46.19411553327209 ], [ 7.735449156112994, 46.193991867181524 ], [ 7.735472000437461, 46.193753768665111 ], [ 7.735505081747267, 46.193408973580603 ], [ 7.735304869448784, 46.193064776084306 ], [ 7.735265733716344, 46.192866137784748 ], [ 7.735168019103197, 46.192611771926771 ], [ 7.735228028493957, 46.192482437292107 ], [ 7.73538839460323, 46.19219739491659 ], [ 7.735444612363284, 46.1921261795002 ], [ 7.735468000452832, 46.192096551985088 ], [ 7.735709275968921, 46.191945606007252 ], [ 7.7357657115219, 46.191910298986187 ], [ 7.735827767281034, 46.191857502615889 ], [ 7.735828996400279, 46.191813236604801 ], [ 7.735829836863081, 46.191782967828317 ], [ 7.735831828734446, 46.191711231745529 ], [ 7.735797885094398, 46.191574290147891 ], [ 7.735665235624862, 46.191298363888933 ], [ 7.735571668727596, 46.19106340012857 ], [ 7.735486620002021, 46.19090605538306 ], [ 7.735377909646173, 46.190713428693051 ], [ 7.735313680457371, 46.190513785712952 ], [ 7.735188765055907, 46.190170380317788 ], [ 7.735171880047218, 46.190042515458956 ], [ 7.73518924282869, 46.189960177828922 ], [ 7.735244597082444, 46.189868601113893 ], [ 7.735277247230757, 46.189825351221906 ], [ 7.735324174970388, 46.189763188574098 ], [ 7.735349832076976, 46.18973719139197 ], [ 7.735422148587261, 46.189663916352856 ], [ 7.735438499303849, 46.189647348913518 ], [ 7.735571402946061, 46.18956470757913 ], [ 7.735603087423519, 46.189545005730082 ], [ 7.73564893121013, 46.189491127518352 ], [ 7.735680442057215, 46.18933109329955 ], [ 7.73568798413824, 46.189229377749271 ], [ 7.735686111833789, 46.189115241718675 ], [ 7.735683140053428, 46.188934081430432 ], [ 7.735667189193919, 46.188642277605432 ], [ 7.735633705314948, 46.188029726040213 ], [ 7.735607727946384, 46.187868583234405 ], [ 7.735554251181266, 46.1877093926268 ], [ 7.735453833970135, 46.187554481040024 ], [ 7.735374490341292, 46.187401978948849 ], [ 7.735302110041999, 46.187303140128364 ], [ 7.735268469248126, 46.187257201987471 ], [ 7.735268458526839, 46.187256915884184 ], [ 7.735260895734468, 46.187055098711468 ], [ 7.735304663444077, 46.186917386683398 ], [ 7.735396730325047, 46.186727598222504 ], [ 7.735409952712642, 46.186629601010665 ], [ 7.735413749209868, 46.186434430577485 ], [ 7.735397271029028, 46.186231145241905 ], [ 7.735399625051633, 46.185920654450136 ], [ 7.735378354978787, 46.185581475504733 ], [ 7.735376919780415, 46.185465102634922 ], [ 7.735339161276119, 46.185368840259244 ], [ 7.735382834629175, 46.185214045731733 ], [ 7.735298492049021, 46.185039479929436 ], [ 7.735232199951223, 46.184902273630826 ], [ 7.735196796771194, 46.184791243193402 ], [ 7.735154933109271, 46.184611868777566 ], [ 7.735125525664498, 46.184485865867522 ], [ 7.735103605124114, 46.184324703367786 ], [ 7.73517819986414, 46.184199828425797 ], [ 7.735246954626803, 46.184041810797048 ], [ 7.735282439672269, 46.183867499234225 ], [ 7.73531749904939, 46.183765081946589 ], [ 7.735302802776241, 46.183751909475056 ], [ 7.73509625383116, 46.183566776817855 ], [ 7.734781666543715, 46.183322037061096 ], [ 7.734661377334048, 46.183217918089547 ], [ 7.734555949643957, 46.183126662833189 ], [ 7.734501908269317, 46.183079886132568 ], [ 7.734388835741632, 46.182975049490331 ], [ 7.734378471217942, 46.1829535217475 ], [ 7.734338080222858, 46.182869627206784 ], [ 7.734077215991078, 46.182681131093126 ], [ 7.733888703128417, 46.182544914863925 ], [ 7.733852871139619, 46.18248016299188 ], [ 7.733786533718235, 46.182360284850439 ], [ 7.733632903864461, 46.182241349065094 ], [ 7.733559085506004, 46.182153656672945 ], [ 7.733535146298154, 46.182125218132093 ], [ 7.733451440138798, 46.182055285432973 ], [ 7.733374974976231, 46.181991402258205 ], [ 7.733313107859598, 46.181903440791473 ], [ 7.733290954063524, 46.181871942953812 ], [ 7.733255393927608, 46.181745500516527 ], [ 7.733252992931551, 46.181736963209637 ], [ 7.733220042264753, 46.181630504587559 ], [ 7.733119295028024, 46.18156000696721 ], [ 7.732979663481117, 46.181483412356755 ], [ 7.732953006513712, 46.181467348337712 ], [ 7.732864352889775, 46.181413923899683 ], [ 7.732808720400942, 46.181303871873254 ], [ 7.732782898932399, 46.181245904409465 ], [ 7.732715319121013, 46.181094192268738 ], [ 7.732660472092538, 46.180978371928006 ], [ 7.732630765514877, 46.180723620602215 ], [ 7.732600592998947, 46.180379822652938 ], [ 7.732591030401788, 46.180106883815512 ], [ 7.732580133474054, 46.179982365669893 ], [ 7.732574637632077, 46.179919565211982 ], [ 7.732459901423569, 46.17980446697937 ], [ 7.732416118124307, 46.179742224324166 ], [ 7.732290252800561, 46.179563293268707 ], [ 7.732289223263038, 46.179538136240673 ], [ 7.732275344650438, 46.179199008585336 ], [ 7.732237246636527, 46.179037743632747 ], [ 7.732228112976807, 46.178949450518758 ], [ 7.732226141378044, 46.178930391499748 ], [ 7.732256812819264, 46.178762831172065 ], [ 7.732291819884646, 46.178750782245501 ], [ 7.732457165771337, 46.178693872578116 ], [ 7.732640274209835, 46.178580169128288 ], [ 7.732765210271728, 46.178483141511308 ], [ 7.733069227905365, 46.178334003614538 ], [ 7.733496559617387, 46.17812437316649 ], [ 7.733744865887801, 46.178094562332774 ], [ 7.734042212655915, 46.178002490127987 ], [ 7.734364223241662, 46.177830660354445 ], [ 7.734798243376823, 46.177720381710706 ], [ 7.735001733584324, 46.177634255695139 ], [ 7.735171908515174, 46.17752276791839 ], [ 7.735350871119402, 46.177243569155053 ], [ 7.735481567181419, 46.177016446489162 ], [ 7.735509518158197, 46.176941293298825 ], [ 7.735543786846731, 46.176849153360649 ], [ 7.735755735304049, 46.176683302438889 ], [ 7.735760433474122, 46.17667546873453 ], [ 7.735827921093579, 46.176562940228656 ], [ 7.736102874640062, 46.176372473089401 ], [ 7.736261897859046, 46.17629734634631 ], [ 7.736382358126251, 46.176272219615996 ], [ 7.73653544789366, 46.176146858455397 ], [ 7.736616376482083, 46.17605144574965 ], [ 7.736713413624751, 46.175937041476445 ], [ 7.736841027350692, 46.175786588204986 ], [ 7.736959573669115, 46.17571001084584 ], [ 7.737169177379888, 46.175578942301158 ], [ 7.7374330347106, 46.175413948102282 ], [ 7.737769885746139, 46.175113957641095 ], [ 7.738061238552106, 46.174854486677944 ], [ 7.738096124277487, 46.17483241607205 ], [ 7.738415291119855, 46.174630493781017 ], [ 7.738645855545349, 46.174466971950359 ], [ 7.738991289106359, 46.174294230241735 ], [ 7.739041014170988, 46.174207650453233 ], [ 7.739082843035884, 46.174134819290465 ], [ 7.739327175095188, 46.173709395649986 ], [ 7.739286411815741, 46.173509270011863 ], [ 7.739404701527435, 46.173380625677979 ], [ 7.739445697912698, 46.173336040628286 ], [ 7.739473546901491, 46.173248394081433 ], [ 7.739450551146894, 46.173041627483506 ], [ 7.739474942757, 46.172914013510201 ], [ 7.739566964725111, 46.172725355270892 ], [ 7.739715877659481, 46.172578285410367 ], [ 7.739832542637306, 46.172456039168964 ], [ 7.739939933389843, 46.17226522575492 ], [ 7.739889151510241, 46.172155164354088 ], [ 7.739624083562395, 46.171929152439276 ], [ 7.739397583045254, 46.171798193292759 ], [ 7.739255916086443, 46.171642900118684 ], [ 7.739061983774883, 46.1714015223194 ], [ 7.73871959386495, 46.17124099483928 ], [ 7.738472301948764, 46.171008258367358 ], [ 7.738266661514819, 46.170845541095609 ], [ 7.738054210545467, 46.170618828523189 ], [ 7.737687806167358, 46.170504895886204 ], [ 7.737323144487251, 46.170266556821602 ], [ 7.737177946253482, 46.170202504132362 ], [ 7.73708588124257, 46.170176459784329 ], [ 7.736994774312211, 46.170150686468503 ], [ 7.736996019001265, 46.170082235398631 ], [ 7.737159579314086, 46.169952428931879 ], [ 7.737224371194358, 46.169916650007096 ], [ 7.737436319211032, 46.169799609536689 ], [ 7.737587801067479, 46.169679945424299 ], [ 7.73761507979679, 46.169650542236823 ], [ 7.737647565264496, 46.169615526811931 ], [ 7.737739044899193, 46.169516922774385 ], [ 7.737827202192565, 46.169360174728773 ], [ 7.737849858315331, 46.169213162143635 ], [ 7.737867890221069, 46.169106012443322 ], [ 7.738015260074419, 46.168976031635907 ], [ 7.738180233302887, 46.168807421771817 ], [ 7.738402895832607, 46.168599114481829 ], [ 7.738606929651067, 46.168408234894486 ], [ 7.738671802300368, 46.168286693841317 ], [ 7.73888941008193, 46.168126516240676 ], [ 7.739010182849827, 46.168015720404391 ], [ 7.73905238483409, 46.167921005275247 ], [ 7.739148475714512, 46.167705345743883 ], [ 7.739101415380958, 46.167302688600913 ], [ 7.73908478201611, 46.167160370375306 ], [ 7.739079491953238, 46.167111542135018 ], [ 7.739070296965159, 46.167026670726457 ], [ 7.739329627921154, 46.166951345283543 ], [ 7.739453558833616, 46.166826903199095 ], [ 7.739520937166169, 46.166719055351244 ], [ 7.739437509423311, 46.166557355684503 ], [ 7.739329700407062, 46.166522226340852 ], [ 7.739312081259898, 46.166522583097581 ], [ 7.739259629582573, 46.166523645151763 ], [ 7.739054606884944, 46.166527796500667 ], [ 7.73899537645302, 46.166500946489037 ], [ 7.738992954909238, 46.166499848768211 ], [ 7.73878999835432, 46.166039760600761 ], [ 7.738776635476355, 46.166009467900743 ], [ 7.738792973009353, 46.165982971454525 ], [ 7.738974730775619, 46.165688194092532 ], [ 7.739013320890684, 46.165597948549824 ], [ 7.739108946367182, 46.165374322032804 ], [ 7.739147694078691, 46.165209194260839 ], [ 7.739165228645959, 46.165007657077936 ], [ 7.73916823653358, 46.164973085298186 ], [ 7.739168236193093, 46.164824729314176 ], [ 7.73902378973583, 46.164603163522536 ], [ 7.783255538718767, 46.157778539464118 ], [ 7.787903538907208, 46.154554095227198 ], [ 7.792264799938021, 46.153719411586671 ], [ 7.795091903091798, 46.154580443658674 ], [ 7.803777317794007, 46.152078165413528 ], [ 7.804715049509621, 46.151852851083056 ], [ 7.807848402494589, 46.149397491545628 ], [ 7.816371139769854, 46.144966083181473 ], [ 7.826311273203837, 46.139648653254646 ], [ 7.848356511366158, 46.119630972320145 ], [ 7.848357128214569, 46.11963041220487 ], [ 7.848743981306094, 46.119467086822695 ], [ 7.849064870452001, 46.11913306416016 ], [ 7.849638132546064, 46.117961535243374 ], [ 7.850304460954527, 46.117122512840908 ], [ 7.85066392819579, 46.116761376036045 ], [ 7.851243486739583, 46.116426412510869 ], [ 7.852788345409691, 46.115217311415677 ], [ 7.852987443103649, 46.114811776607176 ], [ 7.853234042067656, 46.114530027357162 ], [ 7.853618191409422, 46.113780609700854 ], [ 7.853567126629762, 46.113443459964955 ], [ 7.853651916051681, 46.112892164281931 ], [ 7.853865330069703, 46.112503658107357 ], [ 7.855093062637788, 46.112364203951323 ], [ 7.855700525212032, 46.112271736467939 ], [ 7.856362367038427, 46.112134356199427 ], [ 7.856765474016908, 46.111992352670093 ], [ 7.857668080360429, 46.111629181757216 ], [ 7.858248888346562, 46.111469601765535 ], [ 7.858717443873585, 46.111428459349732 ], [ 7.859210890577411, 46.111477268904949 ], [ 7.859678195691139, 46.111510611242231 ], [ 7.860090200127802, 46.111266191964631 ], [ 7.860450050003067, 46.110967991948833 ], [ 7.861674780367396, 46.1104506502463 ], [ 7.862216105662633, 46.110172904604433 ], [ 7.862957110316144, 46.109827118887928 ], [ 7.863594096172058, 46.109627989150745 ], [ 7.863803386251188, 46.10951475579202 ], [ 7.863938853348124, 46.109255620466719 ], [ 7.864056258298647, 46.109002391191922 ] ] ] } },
{ "type": "Feature", "properties": { "geo_point_2d": { "lon": 7.8488913622473815, "lat": 46.196675291849445 }, "year": "2023", "kan_code": [ "23" ], "kan_name": [ "Valais" ], "bez_code": [ "2313" ], "bez_name": [ "Visp" ], "gem_code": [ "6282", "6283", "6285", "6292", "6296" ], "gem_name": [ "Eisten", "Embd", "Grächen", "St. Niklaus", "Törbel" ], "plz_code": [ "3925" ], "plz_area_code": "CHE", "plz_type": "PLZ4/NPA4" }, "geometry": { "type": "Polygon", "coordinates": [ [ [ 7.859664943223388, 46.173426892429312 ], [ 7.860315946453976, 46.173936897333618 ], [ 7.860486388475512, 46.1742061238199 ], [ 7.860553799489377, 46.174547709094895 ], [ 7.860775817846944, 46.174789764630319 ], [ 7.862117302036622, 46.175774268122822 ], [ 7.862639351406411, 46.176294063130072 ], [ 7.863615848770503, 46.1769650761062 ], [ 7.863903714166677, 46.177341804785847 ], [ 7.863713213606171, 46.177819293402983 ], [ 7.863431967041586, 46.178288126851989 ], [ 7.862921289633428, 46.179234610970383 ], [ 7.862668545658408, 46.180045172479467 ], [ 7.863217902238912, 46.180744785911195 ], [ 7.863974968300266, 46.181506594836371 ], [ 7.864325468344011, 46.18161322479461 ], [ 7.864908948315015, 46.181700966480129 ], [ 7.865622861849335, 46.181905175081276 ], [ 7.868611541592129, 46.183171262608518 ], [ 7.869431024324618, 46.183617912201207 ], [ 7.869823341171528, 46.184093190217233 ], [ 7.870180679048503, 46.185054359989842 ], [ 7.870678584454366, 46.185772098598136 ], [ 7.870836720482634, 46.186113331705734 ], [ 7.870583796810201, 46.186878906707662 ], [ 7.870501743630512, 46.187958688020146 ], [ 7.870769192617957, 46.189010138602157 ], [ 7.870769577855647, 46.189010513200159 ], [ 7.871552448240873, 46.189771761880024 ], [ 7.872073649879928, 46.190156563997398 ], [ 7.873208462544016, 46.191141712450722 ], [ 7.87337916558819, 46.191428919620911 ], [ 7.87345281078525, 46.192535074268292 ], [ 7.873229779984539, 46.1937953052865 ], [ 7.872950205629476, 46.194471049056133 ], [ 7.873501266728194, 46.195341499275436 ], [ 7.873543211077075, 46.19572818110565 ], [ 7.872863468258346, 46.196585430715018 ], [ 7.872674670945907, 46.19727887081023 ], [ 7.872456455192132, 46.19753160598318 ], [ 7.872461093451221, 46.1981344455791 ], [ 7.87259686100349, 46.198898624382409 ], [ 7.872600581426507, 46.19934841429545 ], [ 7.872500638719517, 46.199798583784514 ], [ 7.872504098660987, 46.200230374273701 ], [ 7.872675424953973, 46.200589546151434 ], [ 7.872963692885474, 46.20099324757286 ], [ 7.872963773760637, 46.200993315435966 ], [ 7.873198470967306, 46.201190252053543 ], [ 7.873265571668561, 46.201486808275966 ], [ 7.873463443101269, 46.2019357803293 ], [ 7.87369110868035, 46.202879330479121 ], [ 7.873544634469892, 46.20402220689941 ], [ 7.873318176867998, 46.204877563173163 ], [ 7.873126880775859, 46.20526506015964 ], [ 7.872972841896042, 46.205445557073723 ], [ 7.872555670207732, 46.206751555989172 ], [ 7.872599334136962, 46.207354120280883 ], [ 7.872599653167543, 46.207354204069688 ], [ 7.873274502575539, 46.207531443581566 ], [ 7.873081588265999, 46.207712098947773 ], [ 7.872992182031172, 46.207874374262623 ], [ 7.872759465028381, 46.207938237379885 ], [ 7.871892088580205, 46.208031509874161 ], [ 7.8692031503366, 46.20880641855328 ], [ 7.868621016631825, 46.208925576377631 ], [ 7.86720320055352, 46.209875514764114 ], [ 7.86572300086408, 46.211140521016169 ], [ 7.863639120053295, 46.213100474031734 ], [ 7.86289246451331, 46.213732976098584 ], [ 7.862378351925066, 46.214274654545562 ], [ 7.861320876927093, 46.214935314557096 ], [ 7.86057170794835, 46.21525298718678 ], [ 7.859280538275548, 46.21588771863788 ], [ 7.857962409539237, 46.216387572288383 ], [ 7.857315256431454, 46.216497961590136 ], [ 7.855828252364084, 46.216935345754052 ], [ 7.85240432655498, 46.218252167045321 ], [ 7.849422457607748, 46.219386214879336 ], [ 7.849283228918095, 46.219421983254428 ], [ 7.847590920641987, 46.220102131800473 ], [ 7.847535544094211, 46.220145466307052 ], [ 7.846901605458572, 46.219839795016028 ], [ 7.846561508534405, 46.219733261383944 ], [ 7.845823497291615, 46.219440984865294 ], [ 7.844961085873447, 46.218910943600207 ], [ 7.844764924099807, 46.218645608251329 ], [ 7.844492904951482, 46.218248613413841 ], [ 7.844247082467952, 46.218069715138249 ], [ 7.843874858955031, 46.217906858477527 ], [ 7.842934996467478, 46.217585078068936 ], [ 7.842708577243494, 46.217424773283319 ], [ 7.842508474721368, 46.217283085243572 ], [ 7.841997758297794, 46.216793020644509 ], [ 7.841787307094592, 46.216495472522368 ], [ 7.841550116221275, 46.216331965357277 ], [ 7.841155987630466, 46.216121203393776 ], [ 7.841155904562144, 46.216121158972634 ], [ 7.840870955933924, 46.21552602604811 ], [ 7.840734550387924, 46.215334777938551 ], [ 7.840577729542737, 46.215114906451937 ], [ 7.840577649664595, 46.215114794458373 ], [ 7.840370684284621, 46.214989499260227 ], [ 7.839745564651652, 46.214443787366932 ], [ 7.839548995363741, 46.214321872213503 ], [ 7.839454657750495, 46.214196623840664 ], [ 7.839198681993868, 46.213856774803773 ], [ 7.838996883218346, 46.213675145698026 ], [ 7.838821847051055, 46.21355567193428 ], [ 7.838486661391384, 46.213385038407885 ], [ 7.838147367095694, 46.213236997626467 ], [ 7.837777527073879, 46.21323524381458 ], [ 7.837486465311617, 46.213170412193939 ], [ 7.837039148046519, 46.212112850802036 ], [ 7.836506043516288, 46.212167647668565 ], [ 7.836007675583441, 46.212254101908528 ], [ 7.835765452997051, 46.211960201870767 ], [ 7.835584228405339, 46.211740313564142 ], [ 7.83507801728044, 46.211355182306093 ], [ 7.834707322149964, 46.211245307065163 ], [ 7.83470727556036, 46.21124529325585 ], [ 7.834651108385185, 46.21117438820707 ], [ 7.834528767242168, 46.211019945604498 ], [ 7.834324370238747, 46.210905245405343 ], [ 7.833684180682436, 46.210804480710969 ], [ 7.833034432887737, 46.210510428004021 ], [ 7.832654071220469, 46.210430701381703 ], [ 7.832428194187687, 46.210319221042027 ], [ 7.832056375296716, 46.210291817692301 ], [ 7.831740397388486, 46.210191623871943 ], [ 7.831547911786654, 46.210074358518625 ], [ 7.830863971368169, 46.209455127466136 ], [ 7.830678346486205, 46.209240639641486 ], [ 7.830633809188713, 46.209197931695314 ], [ 7.830537281727786, 46.209105386100035 ], [ 7.830537136871453, 46.209105247219185 ], [ 7.830181591061788, 46.208960837254537 ], [ 7.829857657925159, 46.208764746882238 ], [ 7.829857550674435, 46.208764681958854 ], [ 7.829544162476489, 46.208409265033026 ], [ 7.829235558115482, 46.208250926570059 ], [ 7.828600244869252, 46.207775265518734 ], [ 7.828192701558554, 46.207586949550226 ], [ 7.827706419247416, 46.207482940537616 ], [ 7.827706336921253, 46.207482922929195 ], [ 7.827255425918097, 46.206989888391675 ], [ 7.827067926999285, 46.206587344737414 ], [ 7.826915593474272, 46.206394603524728 ], [ 7.826915480243928, 46.206394460259126 ], [ 7.826642473618546, 46.206193686597864 ], [ 7.826581429835713, 46.206148793973888 ], [ 7.826581267131941, 46.206148674318797 ], [ 7.826063433682944, 46.205935090971877 ], [ 7.825872115124294, 46.20575934002887 ], [ 7.825208760304049, 46.204901762781567 ], [ 7.824868197700433, 46.20426175709887 ], [ 7.823841775849635, 46.203402288876831 ], [ 7.823454883815368, 46.203166523395055 ], [ 7.823011467978864, 46.203000467310616 ], [ 7.822645284528752, 46.202884208529312 ], [ 7.822087740295067, 46.202543920564949 ], [ 7.821761998808443, 46.202250864467494 ], [ 7.82163591464882, 46.20200899216988 ], [ 7.821429102687867, 46.201735233193055 ], [ 7.821145820862694, 46.201587681024748 ], [ 7.820672580084338, 46.201357469387709 ], [ 7.820093379090596, 46.201082382610998 ], [ 7.81933451632216, 46.200693373187221 ], [ 7.819090126193242, 46.200544263762673 ], [ 7.818820868560944, 46.200018389825146 ], [ 7.818325884899487, 46.199599826730513 ], [ 7.818124014832661, 46.19932881591599 ], [ 7.817987347747699, 46.199150898523357 ], [ 7.817881582752451, 46.19856344755847 ], [ 7.818045147704844, 46.198518577580039 ], [ 7.818111905396813, 46.198500263430191 ], [ 7.818221082732718, 46.198439986010143 ], [ 7.818258730692345, 46.198425331694793 ], [ 7.818980715382168, 46.198143996258132 ], [ 7.819138796148178, 46.198080225181059 ], [ 7.819752368602831, 46.197908366959737 ], [ 7.820210067177051, 46.197539908455319 ], [ 7.821864092026837, 46.196949599630884 ], [ 7.822250802341843, 46.196678427684034 ], [ 7.822339240357586, 46.196363278643332 ], [ 7.822180936160909, 46.195959027125497 ], [ 7.82169007678009, 46.195344023033414 ], [ 7.821357503284939, 46.194927337382836 ], [ 7.821003434221372, 46.194316846345224 ], [ 7.820637413051765, 46.193850314551575 ], [ 7.820348325727992, 46.193266579203836 ], [ 7.823867478492499, 46.191884925010847 ], [ 7.824300192086102, 46.191815542598988 ], [ 7.824457280048362, 46.191660614058598 ], [ 7.824828313715101, 46.191500138357021 ], [ 7.824828324716022, 46.191500133599014 ], [ 7.824798847889523, 46.191465951617694 ], [ 7.824798717444616, 46.191434701032136 ], [ 7.824860966694185, 46.191313487540612 ], [ 7.825028657888843, 46.191264365308541 ], [ 7.825217729053589, 46.191170641115527 ], [ 7.825254011771748, 46.191145257253922 ], [ 7.825300853691991, 46.191122068230598 ], [ 7.825359019295139, 46.191088315529555 ], [ 7.825384313647836, 46.191068790118827 ], [ 7.825430503993396, 46.191033134513027 ], [ 7.825494807131914, 46.190981478912668 ], [ 7.825531093490503, 46.190952342160557 ], [ 7.825664950593082, 46.190914255426556 ], [ 7.825912886218954, 46.190843699516918 ], [ 7.826193747292968, 46.190731182337821 ], [ 7.826305097128199, 46.190684787943219 ], [ 7.826305951563673, 46.190684555247756 ], [ 7.826559167256894, 46.190615594927877 ], [ 7.826559197001285, 46.190615524172522 ], [ 7.826611467103513, 46.190491185115349 ], [ 7.826710994143451, 46.190354262231558 ], [ 7.826730452943066, 46.190327469293308 ], [ 7.826870662505609, 46.190179431982763 ], [ 7.826914131460095, 46.190108378787997 ], [ 7.826963526212983, 46.19005098768676 ], [ 7.827040625550446, 46.189993447494444 ], [ 7.827155293257171, 46.189925811034122 ], [ 7.827188226867462, 46.189911265182523 ], [ 7.827299146257648, 46.189862275200106 ], [ 7.827388584836679, 46.189822359922587 ], [ 7.827558498227625, 46.189713422918743 ], [ 7.827598752282865, 46.189687610846207 ], [ 7.827708390816579, 46.189637829565264 ], [ 7.827936637907124, 46.18959923560768 ], [ 7.827936614730783, 46.189598883190278 ], [ 7.827934240728192, 46.189562784315896 ], [ 7.827929494041863, 46.189467509282736 ], [ 7.827873946195993, 46.189350243633228 ], [ 7.827310006805395, 46.188628181961604 ], [ 7.827386851667521, 46.188549070643504 ], [ 7.827502877198057, 46.188429623065623 ], [ 7.827462059873008, 46.188159892608212 ], [ 7.82717550406019, 46.187936002699161 ], [ 7.826978781126376, 46.187594850815415 ], [ 7.826976312392815, 46.187573430307125 ], [ 7.82697528634921, 46.187564527614711 ], [ 7.826937327055461, 46.187235165475684 ], [ 7.827000344437756, 46.1869920745538 ], [ 7.82654316255933, 46.186453910483728 ], [ 7.826731639935129, 46.18564367908624 ], [ 7.827159161340893, 46.185660203202666 ], [ 7.827443641768337, 46.185596256135305 ], [ 7.827962027535376, 46.18563944299796 ], [ 7.829320447171003, 46.185427859576919 ], [ 7.829773947610955, 46.185453279766321 ], [ 7.830420025842027, 46.185244152461756 ], [ 7.831455048281406, 46.18508762785271 ], [ 7.833258236240265, 46.183705020819971 ], [ 7.833774967676193, 46.183523303392242 ], [ 7.834136286540799, 46.183342126999214 ], [ 7.834455671905007, 46.182738298624486 ], [ 7.834840259622006, 46.18219721085439 ], [ 7.834773352770639, 46.181900587317379 ], [ 7.834833416512166, 46.181252678172591 ], [ 7.835025397000643, 46.180937156446923 ], [ 7.835604072620853, 46.18036838075777 ], [ 7.836532108706283, 46.179762400026974 ], [ 7.83775924435112, 46.179326283859822 ], [ 7.838249571594416, 46.179081660104387 ], [ 7.839281112979291, 46.178466295242998 ], [ 7.839796994233862, 46.178176604745296 ], [ 7.842021851061714, 46.177826838264039 ], [ 7.842708197302766, 46.177824379592714 ], [ 7.843251753356139, 46.177777458121049 ], [ 7.843703661221306, 46.177595926833945 ], [ 7.844322770887854, 46.177260858363127 ], [ 7.844902515607899, 46.176853971301668 ], [ 7.846733646220019, 46.175812847520987 ], [ 7.848478890035033, 46.17541971322629 ], [ 7.850458233604172, 46.175169639889702 ], [ 7.852982020707696, 46.174998499848435 ], [ 7.853914002161503, 46.174950103256784 ], [ 7.854819235538971, 46.174793848987029 ], [ 7.855699060455096, 46.174700651040439 ], [ 7.85688806500249, 46.1743994111444 ], [ 7.858734472349239, 46.173717890204983 ], [ 7.859664553486218, 46.17342658710384 ], [ 7.859664943223388, 46.173426892429312 ] ] ] } },
{ "type": "Feature", "properties": { "geo_point_2d": { "lon": 7.6868462188336295, "lat": 46.260732822533555 }, "year": "2023", "kan_code": [ "23" ], "kan_name": [ "Valais" ], "bez_code": [ "2306", "2311" ], "bez_name": [ "Leuk", "Sierre" ], "gem_code": [ "6101", "6104", "6112", "6119", "6252" ], "gem_name": [ "Agarn", "Anniviers", "Ergisch", "Oberems", "Turtmann-Unterems" ], "plz_code": [ "3948" ], "plz_area_code": "CHE", "plz_type": "PLZ4/NPA4" }, "geometry": { "type": "Polygon", "coordinates": [ [ [ 7.660540480587326, 46.22785490895739 ], [ 7.660541267364076, 46.22785525097315 ], [ 7.661442649683575, 46.228247086339735 ], [ 7.666009924209571, 46.229713685251589 ], [ 7.66827039562487, 46.228995102805555 ], [ 7.670914226773303, 46.229727550434419 ], [ 7.672056127010221, 46.232105308119955 ], [ 7.675049925107388, 46.234407802456694 ], [ 7.679378723512889, 46.236040968207774 ], [ 7.681815964996817, 46.236487988584784 ], [ 7.685697308924533, 46.237698212741115 ], [ 7.686733123180064, 46.239195417815814 ], [ 7.690574337574752, 46.239077463467765 ], [ 7.693394794911316, 46.240737237602374 ], [ 7.696969602664542, 46.242254713816166 ], [ 7.698199030592904, 46.242408880541383 ], [ 7.700842278022551, 46.242826494661742 ], [ 7.702571199028935, 46.242830039971473 ], [ 7.703867626356866, 46.242865156522562 ], [ 7.706134117601396, 46.243245745889439 ], [ 7.711765338341002, 46.243467044472524 ], [ 7.7117657575975, 46.243467153269165 ], [ 7.712755363714254, 46.243723955058613 ], [ 7.712605941756841, 46.244311085034809 ], [ 7.71233821477369, 46.245924023574851 ], [ 7.712650994184156, 46.248093920782388 ], [ 7.713452409187338, 46.249183019932474 ], [ 7.715049767261312, 46.250264463794807 ], [ 7.716345167522968, 46.25132759039569 ], [ 7.719954682771118, 46.254030111791266 ], [ 7.72086434169302, 46.254770452492721 ], [ 7.721452112261814, 46.256958677106233 ], [ 7.720170317856152, 46.25858034899786 ], [ 7.717429458913346, 46.259411582090706 ], [ 7.716941955621605, 46.260709468717593 ], [ 7.712651362007946, 46.264566174694941 ], [ 7.710953030445469, 46.265479474678138 ], [ 7.710424109299379, 46.266178393050382 ], [ 7.710314927978323, 46.266570379826042 ], [ 7.710076975637045, 46.266921825401624 ], [ 7.710054753271405, 46.267145411854997 ], [ 7.709788573908074, 46.267392898486975 ], [ 7.709732521120719, 46.26758506292115 ], [ 7.709531478118745, 46.267970800556768 ], [ 7.709486571962411, 46.268404525830377 ], [ 7.709036330751952, 46.268795346148288 ], [ 7.708785222968124, 46.269165657266278 ], [ 7.708724479736067, 46.269388786451927 ], [ 7.708551470192973, 46.26965446240871 ], [ 7.708401581262962, 46.269792983367942 ], [ 7.708062475322539, 46.270060384788515 ], [ 7.707827016611351, 46.27034750966348 ], [ 7.707873350390276, 46.270510230240696 ], [ 7.707778313836015, 46.270953510249598 ], [ 7.707681554729146, 46.271121463941626 ], [ 7.707664366586113, 46.271292377363636 ], [ 7.707500793854225, 46.271514202441281 ], [ 7.707311311476498, 46.271635301212633 ], [ 7.707185418228949, 46.2717987536737 ], [ 7.707167600385285, 46.272047660927313 ], [ 7.706692847741935, 46.272364756409594 ], [ 7.706525740191196, 46.272544479710191 ], [ 7.706556498809662, 46.272758728797214 ], [ 7.706749301392438, 46.273114114847445 ], [ 7.706665331300493, 46.273259368362964 ], [ 7.706581196304243, 46.273342084339632 ], [ 7.706336001138216, 46.27386754224645 ], [ 7.705879622965178, 46.27451301367001 ], [ 7.704934452519372, 46.27515795835474 ], [ 7.704782320502749, 46.275336294559146 ], [ 7.704782103535973, 46.275336527268621 ], [ 7.704463903942018, 46.275677814826196 ], [ 7.704393624389869, 46.275796659274675 ], [ 7.704521920887656, 46.275936358229551 ], [ 7.704521919489869, 46.27593638722049 ], [ 7.704508395029185, 46.276216892759635 ], [ 7.704546853979978, 46.276375279268102 ], [ 7.704496664696479, 46.276458597791176 ], [ 7.704515173949697, 46.276527092393373 ], [ 7.704463380068728, 46.27661128724128 ], [ 7.704501198540028, 46.276710096975947 ], [ 7.704511357080581, 46.276792716350123 ], [ 7.704467707809966, 46.276905714226572 ], [ 7.704358904426857, 46.277167464090184 ], [ 7.704322141934515, 46.277250859037807 ], [ 7.704335443454521, 46.277288933529142 ], [ 7.704243931058276, 46.2774864857032 ], [ 7.704157830192246, 46.277623196448879 ], [ 7.704028079379498, 46.277723864649715 ], [ 7.704065050594559, 46.277787197610195 ], [ 7.704065124134337, 46.277787249564312 ], [ 7.704152923864945, 46.277849278001277 ], [ 7.704152983334095, 46.277849414178185 ], [ 7.70416772293716, 46.277883166024061 ], [ 7.704168079916595, 46.277967166714099 ], [ 7.704076490656329, 46.278122619217193 ], [ 7.704141645210545, 46.278202843048412 ], [ 7.704161146382299, 46.27828851711282 ], [ 7.704144774173901, 46.278413901030902 ], [ 7.704117039792424, 46.278478554805645 ], [ 7.704111656367088, 46.278649305137328 ], [ 7.704015546245813, 46.278817128213056 ], [ 7.704017763643789, 46.278926240453011 ], [ 7.704076848477517, 46.279078686731332 ], [ 7.704072117304311, 46.279138222120231 ], [ 7.704029237216255, 46.279239226806496 ], [ 7.70404014385514, 46.279446326503944 ], [ 7.703996243067874, 46.279556266261565 ], [ 7.703897961486459, 46.279686150596241 ], [ 7.703904935534378, 46.27977564116879 ], [ 7.703862348670493, 46.279899763967791 ], [ 7.703774815927813, 46.279964413486553 ], [ 7.703682413694447, 46.280105672407373 ], [ 7.703673916070564, 46.280183189918532 ], [ 7.703725719266226, 46.280404317313696 ], [ 7.703688046152654, 46.280824305022016 ], [ 7.703751027693897, 46.281036158754858 ], [ 7.703784736403448, 46.281258021071494 ], [ 7.703785269862386, 46.281322392813173 ], [ 7.703797873067165, 46.281390172695588 ], [ 7.703759588118643, 46.281481424235942 ], [ 7.703777893799033, 46.281766795967719 ], [ 7.703735998746654, 46.281865459369087 ], [ 7.703715748059071, 46.281986111577609 ], [ 7.703638730915506, 46.282202331392554 ], [ 7.703589672578635, 46.282319542541046 ], [ 7.703520950703747, 46.282387260435073 ], [ 7.703449601540048, 46.282445673903531 ], [ 7.703416239168522, 46.282546287323868 ], [ 7.703405286650022, 46.282690234547964 ], [ 7.703338916445102, 46.282769461296454 ], [ 7.703115873181437, 46.28304067895931 ], [ 7.703022176760737, 46.283154602522153 ], [ 7.703005836217341, 46.283282010234046 ], [ 7.703001118360262, 46.283518625246472 ], [ 7.702975503414407, 46.283566289985046 ], [ 7.70289189699736, 46.28362597305204 ], [ 7.702888265449118, 46.283832495026346 ], [ 7.702801069798396, 46.283901316985016 ], [ 7.702405651003627, 46.284093061849795 ], [ 7.70235818480614, 46.284213075406981 ], [ 7.70244184281662, 46.2843596002811 ], [ 7.702571614939048, 46.284404258870488 ], [ 7.702571709413216, 46.284404440091286 ], [ 7.702587605939081, 46.284434932883045 ], [ 7.7025370847539, 46.284559082633422 ], [ 7.702117022982657, 46.284872235324947 ], [ 7.702117263271315, 46.284872378374644 ], [ 7.702299134792001, 46.284980650925625 ], [ 7.702135714450798, 46.284954304370423 ], [ 7.701923995901822, 46.285128601042935 ], [ 7.701491112916986, 46.285367674840494 ], [ 7.701051300494862, 46.286057832695597 ], [ 7.700956365530001, 46.286221080636494 ], [ 7.700881611536201, 46.286280022091013 ], [ 7.700845632338335, 46.28653685054126 ], [ 7.700782994140209, 46.286657294294599 ], [ 7.700560296196342, 46.286811841282031 ], [ 7.700458014972576, 46.286964436895218 ], [ 7.700166632472435, 46.287272850489593 ], [ 7.700010319427036, 46.287439270594106 ], [ 7.699925548282198, 46.287493394813147 ], [ 7.699852196781019, 46.287585679288512 ], [ 7.699756097713579, 46.287778119830207 ], [ 7.699492715871745, 46.288134099301978 ], [ 7.699439163561462, 46.288242548189238 ], [ 7.699260922079535, 46.288402090975566 ], [ 7.6990319644958, 46.288503592868331 ], [ 7.698818112990327, 46.288681846673363 ], [ 7.698783765303516, 46.288790683012351 ], [ 7.698589982790284, 46.288649706155063 ], [ 7.698581148078977, 46.288731811843029 ], [ 7.698572518153813, 46.288818774721115 ], [ 7.698571194320535, 46.288821549282005 ], [ 7.698462780016748, 46.289048769802989 ], [ 7.698462360595157, 46.289049648849286 ], [ 7.698526629242334, 46.289152637014602 ], [ 7.698567745210671, 46.289205914145477 ], [ 7.698587694551924, 46.289266841081215 ], [ 7.698702425796071, 46.289475430629238 ], [ 7.69865176376673, 46.289578322191716 ], [ 7.698656580364498, 46.28962509761768 ], [ 7.698656717239076, 46.289625111623558 ], [ 7.698726401085849, 46.28963224211973 ], [ 7.698793479152717, 46.290141719875585 ], [ 7.698899767060561, 46.290149428365716 ], [ 7.698804803988516, 46.290489187519711 ], [ 7.698642625628763, 46.290446110087103 ], [ 7.698583386848886, 46.290633778436501 ], [ 7.698593181869205, 46.290750375823905 ], [ 7.698699258820727, 46.290925881158088 ], [ 7.698797557311314, 46.291116426988253 ], [ 7.69891290551561, 46.291235768918853 ], [ 7.698988362633183, 46.29131681773341 ], [ 7.698988374735858, 46.291316855958442 ], [ 7.699008086169215, 46.291379112460483 ], [ 7.699109264592915, 46.291601675994116 ], [ 7.699148384061423, 46.29166028293939 ], [ 7.69914848295995, 46.291660396236665 ], [ 7.699319537967911, 46.29185635534018 ], [ 7.699475295924151, 46.292135169032711 ], [ 7.699471750594595, 46.292172608151496 ], [ 7.699530728348235, 46.292329455990341 ], [ 7.699497276460176, 46.292400571661986 ], [ 7.699460329597372, 46.292497971699156 ], [ 7.699442578019195, 46.292574160813771 ], [ 7.699486906277831, 46.292742125000586 ], [ 7.699480424039209, 46.292800422826566 ], [ 7.699463576115757, 46.292951615742801 ], [ 7.699448525341928, 46.293180131284572 ], [ 7.698646648058108, 46.294213504177563 ], [ 7.698406519986499, 46.294430021961794 ], [ 7.697994211480459, 46.294568913357985 ], [ 7.697331032850293, 46.294661435876947 ], [ 7.696886910741929, 46.29473156987995 ], [ 7.696320584280032, 46.294704178731308 ], [ 7.692784164305955, 46.295051521945517 ], [ 7.691494896835225, 46.294697390086171 ], [ 7.689208160742115, 46.293964627182589 ], [ 7.686439174689284, 46.293342807866892 ], [ 7.685378146513345, 46.293142149764201 ], [ 7.682830884894952, 46.29266038935576 ], [ 7.680184358526463, 46.292047230379275 ], [ 7.678549441750911, 46.291780234875759 ], [ 7.677882283935281, 46.291671282457159 ], [ 7.675095023949675, 46.29024906070147 ], [ 7.673029815537328, 46.289039486894175 ], [ 7.671652801110723, 46.288171208838314 ], [ 7.671133455295337, 46.287148828708595 ], [ 7.670648980692786, 46.286245369538499 ], [ 7.670027684659045, 46.28546120878061 ], [ 7.669668165387324, 46.284790136409065 ], [ 7.669605749019148, 46.284341137351497 ], [ 7.669595482988921, 46.284076811931982 ], [ 7.669609219697938, 46.283925692975686 ], [ 7.669722604136465, 46.283688894536361 ], [ 7.669921866057596, 46.283393467310532 ], [ 7.670037675498452, 46.283267112258365 ], [ 7.670255693762302, 46.282992651064077 ], [ 7.670415121067376, 46.282847630603996 ], [ 7.67053491241493, 46.282868075991523 ], [ 7.670685928857784, 46.282746955790046 ], [ 7.670784948754206, 46.28249314786769 ], [ 7.671171041468473, 46.282086851614714 ], [ 7.671131441721773, 46.281775835998431 ], [ 7.671091956072073, 46.281226489273259 ], [ 7.670971052033861, 46.28098958433408 ], [ 7.670739435859883, 46.280669264078043 ], [ 7.670620260089014, 46.280484233175976 ], [ 7.670547041814717, 46.280192923582028 ], [ 7.670500482997411, 46.280044473450431 ], [ 7.670380104023442, 46.279786391057023 ], [ 7.670241486337718, 46.279262659123319 ], [ 7.670269060933165, 46.279040725072406 ], [ 7.670313020427384, 46.278800289502925 ], [ 7.670285355031952, 46.278701195866446 ], [ 7.67030733030577, 46.278581481847112 ], [ 7.670460495815075, 46.278324523186832 ], [ 7.67040903864274, 46.278167807031124 ], [ 7.670414048877841, 46.278064508711445 ], [ 7.670495157194713, 46.277950970867764 ], [ 7.670506495060115, 46.277825530313656 ], [ 7.670432560652801, 46.277697583199796 ], [ 7.67056957016489, 46.277272465653247 ], [ 7.670637922171724, 46.277176765161173 ], [ 7.670690578260498, 46.277044925192719 ], [ 7.670681403108987, 46.276855018725477 ], [ 7.670616369270784, 46.276739287631372 ], [ 7.67060983356552, 46.276648372927156 ], [ 7.670532638245636, 46.276503745613404 ], [ 7.67047679139831, 46.276357770280875 ], [ 7.670462303114365, 46.276068238802765 ], [ 7.670668907989354, 46.275774279545239 ], [ 7.670848995158292, 46.275642214944355 ], [ 7.671018891142857, 46.2753806335189 ], [ 7.671160423487841, 46.27524311501282 ], [ 7.671215428252279, 46.274953837072012 ], [ 7.671245741535735, 46.274350130687161 ], [ 7.671298622239421, 46.27421719250794 ], [ 7.671540350005571, 46.274015554001927 ], [ 7.671597524291444, 46.273897980442534 ], [ 7.671586596154859, 46.273741730394654 ], [ 7.671599690154701, 46.273420657682479 ], [ 7.671646482968812, 46.27330243073088 ], [ 7.67182075569811, 46.27318128823179 ], [ 7.671919795219493, 46.273043622166512 ], [ 7.671956006603401, 46.272920496210496 ], [ 7.671912903186727, 46.272614768605521 ], [ 7.672098949533704, 46.271756074939681 ], [ 7.671949811823108, 46.270870327866859 ], [ 7.672272522662503, 46.268220984423039 ], [ 7.672717922983622, 46.264564016318594 ], [ 7.672717965480107, 46.26456366740036 ], [ 7.672610518797167, 46.264524209152718 ], [ 7.672449730998958, 46.26451331395068 ], [ 7.672101459074519, 46.264396655682866 ], [ 7.671789475979087, 46.264336891251276 ], [ 7.671401396907117, 46.26412498570447 ], [ 7.671022058973081, 46.263991413042127 ], [ 7.670819597543884, 46.263821386849742 ], [ 7.670635575430982, 46.263531434353652 ], [ 7.670635355111153, 46.263531087209046 ], [ 7.670456323241241, 46.263376979754831 ], [ 7.670195448831127, 46.263243612082633 ], [ 7.669777466215224, 46.262983662272013 ], [ 7.669550766584993, 46.262668304512786 ], [ 7.669222294616798, 46.262321211354624 ], [ 7.669222173986734, 46.262321083886 ], [ 7.669041943584431, 46.262062402238577 ], [ 7.668919731172984, 46.261776519803931 ], [ 7.668919599213527, 46.261776211120953 ], [ 7.668852549294082, 46.261724685143434 ], [ 7.66839127783897, 46.261374996516878 ], [ 7.667893370885622, 46.260789927957418 ], [ 7.667730276408924, 46.260615885667129 ], [ 7.667727178227769, 46.260504966593928 ], [ 7.667779145178145, 46.260340880028373 ], [ 7.667855853792301, 46.260025249672488 ], [ 7.667855856440819, 46.260025238774723 ], [ 7.66768883956272, 46.259821437760102 ], [ 7.667707010675577, 46.259577529093157 ], [ 7.66761814006482, 46.259399801527387 ], [ 7.66758258825843, 46.25926286955071 ], [ 7.667593858737126, 46.259034087514678 ], [ 7.667695745869251, 46.258821404739273 ], [ 7.667745069103719, 46.258568509511726 ], [ 7.667733040961267, 46.258332173177344 ], [ 7.667856859185858, 46.258169569726313 ], [ 7.667952829605318, 46.258077242431 ], [ 7.668281361619509, 46.25761328430773 ], [ 7.668599598850985, 46.257262043547783 ], [ 7.668729036847009, 46.25699703929979 ], [ 7.668754688607858, 46.256547780683434 ], [ 7.668728100613829, 46.25636863232436 ], [ 7.668532491934896, 46.256203778746404 ], [ 7.668312968118019, 46.256035177075603 ], [ 7.6682605117999, 46.255939677504621 ], [ 7.668138401698398, 46.255806788963319 ], [ 7.668071237087564, 46.255747643469505 ], [ 7.66795003129286, 46.255694004538995 ], [ 7.66778738582548, 46.25552756280657 ], [ 7.667640584854877, 46.255424801157758 ], [ 7.66764020595233, 46.255424535923474 ], [ 7.667612774999793, 46.255303132068136 ], [ 7.667564437975424, 46.255264854165944 ], [ 7.667413402562135, 46.255182263879625 ], [ 7.667388305229516, 46.255131563078606 ], [ 7.667388095143182, 46.255131138669142 ], [ 7.667297957410068, 46.255076195015135 ], [ 7.667197396899688, 46.254956989400739 ], [ 7.666997178845438, 46.254822547758444 ], [ 7.666897748151055, 46.254653818580493 ], [ 7.666949387170069, 46.254545407131403 ], [ 7.666836421133769, 46.254457953800099 ], [ 7.666703520885036, 46.254376009773459 ], [ 7.666610527655093, 46.254357260795167 ], [ 7.666402589298332, 46.254357678335886 ], [ 7.666269822539949, 46.25437598099974 ], [ 7.666111903427198, 46.254395593318598 ], [ 7.665962714914274, 46.254207289582197 ], [ 7.665896819963416, 46.254062681640896 ], [ 7.665794722199199, 46.253974881666529 ], [ 7.665690889601006, 46.253902634137361 ], [ 7.665690444717513, 46.253902324583969 ], [ 7.665697293143648, 46.253768563639049 ], [ 7.665643083144245, 46.253621981094341 ], [ 7.665642996350431, 46.253621746405933 ], [ 7.665536953186543, 46.253523510151858 ], [ 7.665206483249751, 46.253316901790171 ], [ 7.665070385851847, 46.253203828316131 ], [ 7.664983232969774, 46.25311681639996 ], [ 7.664794092189601, 46.253030232606093 ], [ 7.664481572700115, 46.252653712628948 ], [ 7.664368295294746, 46.252558035453994 ], [ 7.664208035462213, 46.25248389717926 ], [ 7.664065553680595, 46.252475553483144 ], [ 7.664006098384078, 46.25242537693115 ], [ 7.663896083622292, 46.252290408832124 ], [ 7.663736136292442, 46.252194211954105 ], [ 7.66362159494091, 46.25211538538381 ], [ 7.663464918758979, 46.252060714523743 ], [ 7.663275775634592, 46.252052444961357 ], [ 7.663275366999386, 46.252052427095343 ], [ 7.663244048670183, 46.251462284948772 ], [ 7.663348745477219, 46.251266809259725 ], [ 7.663397808261426, 46.251142734146256 ], [ 7.663505291721528, 46.250985025496959 ], [ 7.663676522064907, 46.250859151866138 ], [ 7.663799702963449, 46.250690976859445 ], [ 7.663958675219568, 46.250539309626078 ], [ 7.664051172908633, 46.250427238119336 ], [ 7.66417827244697, 46.250316734975883 ], [ 7.664206054057849, 46.250274346259985 ], [ 7.664432259447512, 46.250057353268168 ], [ 7.664553855508837, 46.249754695730005 ], [ 7.664719635187084, 46.249679341897554 ], [ 7.664805623091292, 46.249564754964801 ], [ 7.664860276887349, 46.249423639319076 ], [ 7.664927690043588, 46.249320180950193 ], [ 7.665174597045144, 46.249112743531533 ], [ 7.665277742760551, 46.248949329616636 ], [ 7.66533991976573, 46.248774923829494 ], [ 7.66522204094546, 46.248599942149667 ], [ 7.66515193170697, 46.248435663986086 ], [ 7.665151910730682, 46.248435614834989 ], [ 7.665049618698511, 46.248310626631714 ], [ 7.664938589920244, 46.248246811264352 ], [ 7.664938256966164, 46.248246619894267 ], [ 7.664907388342113, 46.248142446996283 ], [ 7.664907314326566, 46.248142197214698 ], [ 7.664797802025796, 46.248045604436115 ], [ 7.664252304096755, 46.247800245751527 ], [ 7.663977043290122, 46.247693708596103 ], [ 7.663896195557616, 46.247582442663877 ], [ 7.663895828190369, 46.247581937078152 ], [ 7.663742228837648, 46.247481049918115 ], [ 7.663461171728859, 46.247427327427282 ], [ 7.663294957837215, 46.247383263135546 ], [ 7.662991900476302, 46.247263851882884 ], [ 7.662908782458844, 46.247205868364681 ], [ 7.662748183198589, 46.247123677642165 ], [ 7.662564141047828, 46.247047667984319 ], [ 7.662238091556599, 46.247021638860062 ], [ 7.662132274479609, 46.246993016293871 ], [ 7.661997404112999, 46.246857492649667 ], [ 7.661888105310624, 46.246808060796262 ], [ 7.661734196064432, 46.246766353851996 ], [ 7.661559259360942, 46.246677793734058 ], [ 7.661229181535651, 46.246556658710304 ], [ 7.659951049026413, 46.245614238640954 ], [ 7.659659359775999, 46.245380911523021 ], [ 7.659526638390454, 46.245251668724805 ], [ 7.659398075685656, 46.245092579146188 ], [ 7.659318648689569, 46.2450414135158 ], [ 7.659241965790671, 46.244948915481395 ], [ 7.659241542258879, 46.244948404600109 ], [ 7.659220838702028, 46.244884827685887 ], [ 7.659047153268619, 46.244621862815997 ], [ 7.658770213619207, 46.244481492700494 ], [ 7.658721008127946, 46.244426462867999 ], [ 7.658589622017178, 46.244341124106803 ], [ 7.65845416512766, 46.244273967966826 ], [ 7.658454121552027, 46.244273946363116 ], [ 7.658415603541338, 46.244219768272615 ], [ 7.658232350393968, 46.2441103042866 ], [ 7.658160234087211, 46.244006436245705 ], [ 7.658066523926225, 46.243958985584868 ], [ 7.657984252945263, 46.243935018339322 ], [ 7.657873542068091, 46.243938416741813 ], [ 7.657644783981813, 46.243780814096574 ], [ 7.657498881257244, 46.243715220530632 ], [ 7.657332050581435, 46.243687925561112 ], [ 7.657227308434263, 46.243653494165031 ], [ 7.656957361632831, 46.243648103701439 ], [ 7.656877060034207, 46.243592705630796 ], [ 7.656876780421256, 46.243592512732796 ], [ 7.656807623644951, 46.243435390798346 ], [ 7.65680747426712, 46.243435051416803 ], [ 7.65650584284023, 46.243202445997277 ], [ 7.656358423123574, 46.243053138591485 ], [ 7.656358026048189, 46.243052736431608 ], [ 7.656287225430846, 46.242799483126177 ], [ 7.656320686009236, 46.242720788075708 ], [ 7.656297268662233, 46.24266162370791 ], [ 7.65605036019893, 46.242540790858072 ], [ 7.6559838676748, 46.242415033281773 ], [ 7.655951103037146, 46.242326533981974 ], [ 7.655924334204228, 46.242190616183997 ], [ 7.656004702561104, 46.24208595095191 ], [ 7.656012301460971, 46.241920137805693 ], [ 7.656064579014067, 46.241842711153716 ], [ 7.65602739775482, 46.241771554933699 ], [ 7.656000704143325, 46.241592610880573 ], [ 7.656050943114556, 46.241465613184367 ], [ 7.656021661567348, 46.241395431348373 ], [ 7.656063485023214, 46.241294204277075 ], [ 7.656040544282911, 46.241237296852873 ], [ 7.65602090820224, 46.241085551088965 ], [ 7.656067854227424, 46.240844692923496 ], [ 7.656074629574383, 46.240659379435378 ], [ 7.656074635517466, 46.240659216885241 ], [ 7.655923247868402, 46.240522134205172 ], [ 7.65592296070755, 46.24052187417881 ], [ 7.655880160179771, 46.240442140624147 ], [ 7.655786325436502, 46.240322531551328 ], [ 7.655628535858011, 46.240149991235029 ], [ 7.655566034292201, 46.24010108451818 ], [ 7.655379806318175, 46.240024383756563 ], [ 7.655286155123841, 46.239976381968987 ], [ 7.655170449491167, 46.23986570461517 ], [ 7.654963854648645, 46.239739602017785 ], [ 7.654868557065902, 46.239714334997302 ], [ 7.654621991841832, 46.23962038637422 ], [ 7.65431132975164, 46.239542355393482 ], [ 7.65425328881536, 46.239489913188024 ], [ 7.654162877729948, 46.239428033047282 ], [ 7.654023055183962, 46.239269597522828 ], [ 7.653705032851505, 46.239063274103053 ], [ 7.653844050900147, 46.238955305797468 ], [ 7.655703823438563, 46.237122662826607 ], [ 7.655743290072448, 46.237052124507073 ], [ 7.65575860880063, 46.236838970603571 ], [ 7.655705645189669, 46.236585997732945 ], [ 7.655430692062208, 46.236463319183855 ], [ 7.655279741149278, 46.236309017508567 ], [ 7.655270126393369, 46.23611391154936 ], [ 7.655391065318265, 46.235558937779089 ], [ 7.655859355021658, 46.235268679643013 ], [ 7.655952570526015, 46.235026536563808 ], [ 7.65613427227443, 46.234846302696553 ], [ 7.656459373864908, 46.234744667052318 ], [ 7.656665495531864, 46.234363009165619 ], [ 7.656912767177997, 46.234145648975883 ], [ 7.657046315904002, 46.233893514201412 ], [ 7.657034253565456, 46.233687519398984 ], [ 7.656999387772596, 46.233438911189431 ], [ 7.656795440571553, 46.233198184546865 ], [ 7.656791135352395, 46.233080916741855 ], [ 7.656801034190358, 46.232953114724637 ], [ 7.656952158272684, 46.232860025066344 ], [ 7.656879204722521, 46.232811562011214 ], [ 7.656866853493328, 46.23276020270719 ], [ 7.65686609507749, 46.232709873593386 ], [ 7.656903903285107, 46.232663428370259 ], [ 7.656934864930783, 46.232434744762884 ], [ 7.65694876546338, 46.232186078694014 ], [ 7.65710436748689, 46.232004274268057 ], [ 7.657135094018495, 46.231922215144927 ], [ 7.657135136059263, 46.231922102869689 ], [ 7.657059946003617, 46.231852171664649 ], [ 7.657027183380531, 46.231795454294861 ], [ 7.657049053105313, 46.231731093413572 ], [ 7.657101263300564, 46.231701235333617 ], [ 7.657157179093999, 46.231596427467487 ], [ 7.657186512641539, 46.231437508073256 ], [ 7.657261020397689, 46.231307863377708 ], [ 7.657609028744246, 46.23107674207747 ], [ 7.657831239532349, 46.230795001510764 ], [ 7.658139092379885, 46.230504351080157 ], [ 7.658300428539139, 46.230412993999707 ], [ 7.658345034429292, 46.230362172248817 ], [ 7.658529008666602, 46.230227448024884 ], [ 7.658674059525588, 46.230090181272445 ], [ 7.658852929071422, 46.229969337687102 ], [ 7.658902662918821, 46.229644183914615 ], [ 7.659016512443952, 46.229494212493833 ], [ 7.659054933673446, 46.229375818281724 ], [ 7.659137092471333, 46.229245635733328 ], [ 7.659255653739094, 46.229145814564959 ], [ 7.659389101937072, 46.228932268492606 ], [ 7.659403505141642, 46.228823843081464 ], [ 7.659437749052556, 46.228730536695103 ], [ 7.659500678448086, 46.228615090173278 ], [ 7.659574881358678, 46.228524566551883 ], [ 7.659569262340315, 46.228417151642603 ], [ 7.65970063436836, 46.228315910732064 ], [ 7.659696453432328, 46.228266056084315 ], [ 7.6597564336196, 46.228200414992941 ], [ 7.659897358117368, 46.228137737503552 ], [ 7.660131878841239, 46.228017673892865 ], [ 7.660299057940136, 46.227982597211266 ], [ 7.660453001308306, 46.227892816730353 ], [ 7.660540480587326, 46.22785490895739 ] ] ] } },
{ "type": "Feature", "properties": { "geo_point_2d": { "lon": 7.966900608319518, "lat": 46.053983647305564 }, "year": "2023", "kan_code": [ "23" ], "kan_name": [ "Valais" ], "bez_code": [ "2301", "2313" ], "bez_name": [ "Brig", "Visp" ], "gem_code": [ "6011", "6288", "6290", "6291", "6295", "6300" ], "gem_name": [ "Saas-Almagell", "Saas-Fee", "Saas-Grund", "Täsch", "Zermatt", "Zwischbergen" ], "plz_code": [ "3905" ], "plz_area_code": "CHE", "plz_type": "PLZ4/NPA4" }, "geometry": { "type": "Polygon", "coordinates": [ [ [ 7.883715219797073, 46.02191104264385 ], [ 7.883713610250004, 46.021713136713309 ], [ 7.884060780466131, 46.021531853829622 ], [ 7.884616524486333, 46.021592626465633 ], [ 7.884832928353103, 46.021213946003684 ], [ 7.885089852854799, 46.021051008197794 ], [ 7.885344633580324, 46.020627205776869 ], [ 7.885640289925961, 46.020464095271237 ], [ 7.885831251634774, 46.020130500757858 ], [ 7.886023815882245, 46.019994802845638 ], [ 7.886307143639261, 46.019903722313529 ], [ 7.886369274804714, 46.019606611706664 ], [ 7.886534539767947, 46.019291109239383 ], [ 7.887135103093413, 46.01852408678387 ], [ 7.887391491759741, 46.018298176600737 ], [ 7.88775117043259, 46.018071845466608 ], [ 7.888134292048567, 46.017557569423374 ], [ 7.889160304583524, 46.016716865411723 ], [ 7.889800883447533, 46.016111589620053 ], [ 7.891045422592852, 46.015162046451451 ], [ 7.891431023035344, 46.014953599668921 ], [ 7.89162603784484, 46.015114737160076 ], [ 7.893082856188625, 46.014856979676971 ], [ 7.894242053773115, 46.014519454938004 ], [ 7.894885100116125, 46.014219990573118 ], [ 7.895616873703498, 46.013722259615243 ], [ 7.897068964610455, 46.012906742007459 ], [ 7.897545714540068, 46.012796846133618 ], [ 7.898515144218554, 46.012927829917956 ], [ 7.89939455899052, 46.013104142329603 ], [ 7.901035083866394, 46.013205363891466 ], [ 7.901913216720264, 46.013228727600612 ], [ 7.902582801925167, 46.013019075062147 ], [ 7.902904415159433, 46.012882807943413 ], [ 7.903485377924033, 46.012880413934838 ], [ 7.904196055533587, 46.01294943720093 ], [ 7.904454031817881, 46.012921384724137 ], [ 7.904813221353301, 46.01265003171239 ], [ 7.905512885687444, 46.011432720064477 ], [ 7.905960726466676, 46.010963074805851 ], [ 7.905763380956782, 46.010532103534914 ], [ 7.905848988170864, 46.009974021086151 ], [ 7.906460305932137, 46.008999951178673 ], [ 7.905608354801961, 46.00750121748824 ], [ 7.905541507675727, 46.007231617255776 ], [ 7.905630309527997, 46.007051337309086 ], [ 7.905988456141839, 46.006663041998159 ], [ 7.906363780096782, 46.005267157665422 ], [ 7.906292538336072, 46.004484817836946 ], [ 7.905989080543741, 46.003721450311396 ], [ 7.905758882704786, 46.002463020473051 ], [ 7.905903755545235, 46.001292983060296 ], [ 7.906133773730229, 46.001022161268004 ], [ 7.906286127440127, 46.000724665482736 ], [ 7.906447607231418, 45.999986356305726 ], [ 7.907495945658242, 45.998812563389102 ], [ 7.907849617188753, 45.997911513826232 ], [ 7.908679251010441, 45.996936644211182 ], [ 7.90867985284061, 45.996937295568912 ], [ 7.908888621118583, 45.996989891938675 ], [ 7.909142734800592, 45.996969182782031 ], [ 7.909185997990283, 45.996922637566584 ], [ 7.909695649894593, 45.996823049464105 ], [ 7.91017277969835, 45.996833484984293 ], [ 7.91035398041462, 45.996799091581096 ], [ 7.910609516330749, 45.996832706779593 ], [ 7.911142622550455, 45.996829634136368 ], [ 7.911386914792716, 45.996804537043062 ], [ 7.911551952997444, 45.996710065589625 ], [ 7.911931420024418, 45.996709163273685 ], [ 7.912215696948972, 45.996682671939226 ], [ 7.912964213702629, 45.996422645918194 ], [ 7.913190585297922, 45.996388220055792 ], [ 7.913592377518597, 45.996458393048471 ], [ 7.914344437935775, 45.996403873332795 ], [ 7.914612478635474, 45.996337559259949 ], [ 7.914958079435518, 45.99631614683144 ], [ 7.915222329358284, 45.996357129069324 ], [ 7.915477094152407, 45.9962870733778 ], [ 7.915612646388719, 45.996317264476737 ], [ 7.915662795319891, 45.996300167445497 ], [ 7.915939037078117, 45.996440533577434 ], [ 7.916257332365848, 45.996450762642816 ], [ 7.916388936994451, 45.996350831215025 ], [ 7.916584620454151, 45.996272649920584 ], [ 7.916868040726547, 45.996273815861407 ], [ 7.916945531054513, 45.996311916722675 ], [ 7.917109525174624, 45.996338370492332 ], [ 7.91729218251515, 45.996280707311925 ], [ 7.917490429454706, 45.996172816987048 ], [ 7.917753116306527, 45.996173688493251 ], [ 7.917858233245606, 45.996154909167416 ], [ 7.918024788766111, 45.996086542745694 ], [ 7.918133267451515, 45.996042020712466 ], [ 7.918164198587128, 45.99600295639754 ], [ 7.918608886464715, 45.995964220142277 ], [ 7.918674132722157, 45.995930605173264 ], [ 7.918722271544054, 45.995967047863267 ], [ 7.918983909918428, 45.995895525217144 ], [ 7.919091341635361, 45.996017306617574 ], [ 7.91949050719244, 45.996147937475556 ], [ 7.919971010917914, 45.996305200947432 ], [ 7.920170143758927, 45.996336663011398 ], [ 7.92054086604228, 45.99629707964997 ], [ 7.92072479810768, 45.996305566771994 ], [ 7.920815883368042, 45.996266208012479 ], [ 7.921060409240376, 45.996374237554342 ], [ 7.921380829495933, 45.9963663789514 ], [ 7.921600221128007, 45.996490980056656 ], [ 7.921910069139368, 45.996626177159875 ], [ 7.922345270378907, 45.996778746666834 ], [ 7.922596587409855, 45.996903382479879 ], [ 7.922979435458184, 45.996947344732732 ], [ 7.923405350636187, 45.997068095707043 ], [ 7.923786189815375, 45.997113862633633 ], [ 7.92386277741548, 45.997091816394878 ], [ 7.924178956172555, 45.997090189879728 ], [ 7.924479569877103, 45.99719433319823 ], [ 7.924596821709858, 45.997127961408793 ], [ 7.925202160170631, 45.997098580321413 ], [ 7.925381812670441, 45.997136358738821 ], [ 7.925914810433944, 45.997150861075056 ], [ 7.926182615050128, 45.997118604641386 ], [ 7.926476115843426, 45.997149791652838 ], [ 7.926882793946058, 45.997106589037116 ], [ 7.927114667980622, 45.997104991140063 ], [ 7.927304644000115, 45.997113432367065 ], [ 7.927578209874065, 45.997162559793324 ], [ 7.928222059949459, 45.997049771434241 ], [ 7.928490371663967, 45.997041424295851 ], [ 7.928569759018117, 45.997020892240876 ], [ 7.928948485405403, 45.997029700168497 ], [ 7.929182723307863, 45.996982717892266 ], [ 7.929328624905371, 45.997011713045907 ], [ 7.929472930313535, 45.997012325405663 ], [ 7.9296394877273, 45.996974070098787 ], [ 7.930019361044521, 45.996796532747943 ], [ 7.930162016635964, 45.99663921686841 ], [ 7.930432318070925, 45.996708867022001 ], [ 7.93052364676192, 45.996704509856109 ], [ 7.93062541984948, 45.996657351094264 ], [ 7.930800235094742, 45.996676610038563 ], [ 7.930903666038928, 45.996628714864364 ], [ 7.931076446037779, 45.996605218900285 ], [ 7.931121103610496, 45.996543484823 ], [ 7.931216357877857, 45.996483418275844 ], [ 7.931358553408013, 45.99647344982727 ], [ 7.932019458056073, 45.996242383459631 ], [ 7.932233794936804, 45.996188658551048 ], [ 7.932633927632066, 45.995979295928684 ], [ 7.932733727578499, 45.996061374653735 ], [ 7.933050524941753, 45.996208841664 ], [ 7.933354846983803, 45.996233691912586 ], [ 7.933677759779771, 45.996306172160942 ], [ 7.933960577250648, 45.99646057962665 ], [ 7.934719337307322, 45.996561835831848 ], [ 7.935046926084954, 45.996627247358376 ], [ 7.935324579768053, 45.996728329857696 ], [ 7.936257299043513, 45.996827467282813 ], [ 7.937307310442458, 45.996984856881909 ], [ 7.937646103799203, 45.997035638233292 ], [ 7.937885191382839, 45.996963226006294 ], [ 7.938540010134195, 45.996890757514521 ], [ 7.938941324847834, 45.99686091821259 ], [ 7.939385435816477, 45.996950513011619 ], [ 7.93966231989338, 45.996881689719203 ], [ 7.939797085056955, 45.996922127335708 ], [ 7.939816477295076, 45.997029424374169 ], [ 7.939816920558803, 45.997029609423556 ], [ 7.939817000114347, 45.997030049859973 ], [ 7.940133023892988, 45.997161985542803 ], [ 7.940358541164939, 45.997196307836724 ], [ 7.94072466153815, 45.997311583559494 ], [ 7.941179870396923, 45.997358112938521 ], [ 7.941267802178511, 45.997389952251588 ], [ 7.941476984624506, 45.997367248267828 ], [ 7.941519566976187, 45.997418054033702 ], [ 7.94178099134484, 45.997393263455457 ], [ 7.941881316805762, 45.997415627559398 ], [ 7.942001119088395, 45.997388807014659 ], [ 7.942151897552208, 45.997436348771828 ], [ 7.942628997559765, 45.997440745794606 ], [ 7.942817393019794, 45.997392028343384 ], [ 7.943007942131664, 45.99739782287778 ], [ 7.943119322095188, 45.997373152439408 ], [ 7.94332915424919, 45.997388737197703 ], [ 7.943655071119371, 45.997492424096293 ], [ 7.944308114898091, 45.997606499781433 ], [ 7.944499645873106, 45.997571869186935 ], [ 7.944687054728578, 45.997606576811741 ], [ 7.944935547049732, 45.997526118125485 ], [ 7.9452950347542, 45.997506598303119 ], [ 7.945423265211708, 45.997559410039543 ], [ 7.945575239057042, 45.997509914624345 ], [ 7.945695553715851, 45.997503759565561 ], [ 7.945982729995869, 45.997569772151856 ], [ 7.946821414949425, 45.997514813605335 ], [ 7.946996722592716, 45.997551228895986 ], [ 7.947185934281036, 45.997522713026683 ], [ 7.947504655887533, 45.997531708011053 ], [ 7.947799732341752, 45.997501814115779 ], [ 7.94814272763682, 45.997551613026111 ], [ 7.948373403978047, 45.997556993971628 ], [ 7.948724207593693, 45.997614977505847 ], [ 7.949491841133272, 45.997607075819303 ], [ 7.949616149791047, 45.997594566333468 ], [ 7.94988795703576, 45.997483452353556 ], [ 7.950130552824563, 45.997428863205457 ], [ 7.950434466520182, 45.997286828830731 ], [ 7.950672841732177, 45.997210157255516 ], [ 7.951145118782396, 45.997169402535 ], [ 7.951451760128507, 45.997180104228832 ], [ 7.951619547881936, 45.997205956990015 ], [ 7.95180081272807, 45.99727051977365 ], [ 7.952151727076236, 45.9973005211382 ], [ 7.952272148942332, 45.997356779472597 ], [ 7.952722371670022, 45.997408761665035 ], [ 7.953145984053834, 45.997308800133403 ], [ 7.953296138009806, 45.997324628830178 ], [ 7.953281523783883, 45.997272160489722 ], [ 7.953651002357273, 45.997147749167802 ], [ 7.954021149564232, 45.997142048551517 ], [ 7.954058379098715, 45.997193444949957 ], [ 7.95405885869127, 45.997194041809635 ], [ 7.95453875046, 45.997127679241842 ], [ 7.954777062642749, 45.997042344488001 ], [ 7.955003583707342, 45.997034371228786 ], [ 7.955095833376268, 45.996979956884864 ], [ 7.95523295870107, 45.996969047165926 ], [ 7.955615182840197, 45.996834475502048 ], [ 7.955851310633231, 45.996609797228587 ], [ 7.95628648034055, 45.996320148243925 ], [ 7.956570694721004, 45.996240033296949 ], [ 7.956886234618842, 45.996234977786003 ], [ 7.957335621438054, 45.996073573225146 ], [ 7.957459105797412, 45.996121707398295 ], [ 7.957552860636933, 45.996124379266092 ], [ 7.957605535493088, 45.996174917541673 ], [ 7.95778888476219, 45.996167586612842 ], [ 7.95789727243231, 45.996186167411409 ], [ 7.958330908531964, 45.996153828361301 ], [ 7.958443730003883, 45.996217977753744 ], [ 7.958607292536959, 45.996263603749377 ], [ 7.958790574643328, 45.996406652406151 ], [ 7.959001090530949, 45.996464062790295 ], [ 7.959105914286472, 45.996538115848466 ], [ 7.959250257962549, 45.99658356846669 ], [ 7.959687427974931, 45.996648493681008 ], [ 7.960030151719725, 45.996628745831941 ], [ 7.960161338034246, 45.996670733118343 ], [ 7.960706064622577, 45.996696653531444 ], [ 7.961332985839801, 45.996675965397841 ], [ 7.961586515137268, 45.996784171610429 ], [ 7.961666848316971, 45.996842350240065 ], [ 7.961838235853873, 45.996894734339733 ], [ 7.962032835719897, 45.997021978981614 ], [ 7.962201230824605, 45.997079801638371 ], [ 7.962745295108641, 45.997151926012052 ], [ 7.963116343760966, 45.997144739375059 ], [ 7.963443759229722, 45.997193214318116 ], [ 7.963772659171516, 45.99724190327251 ], [ 7.963945549048363, 45.99720844043776 ], [ 7.964249924774773, 45.997149519072089 ], [ 7.964314254153649, 45.997101306845579 ], [ 7.964450315369951, 45.997153348359504 ], [ 7.964615297487654, 45.997128218191698 ], [ 7.96484463670656, 45.997174722881248 ], [ 7.965062835341941, 45.997143027769219 ], [ 7.965436938401163, 45.997009376132738 ], [ 7.966215085754238, 45.99724533264807 ], [ 7.96639324882285, 45.997331923716679 ], [ 7.96652115493943, 45.997433432089082 ], [ 7.966939969601969, 45.997479600690603 ], [ 7.967032108241408, 45.997528553922912 ], [ 7.967200547526134, 45.997552752908753 ], [ 7.967463548170618, 45.997670782243603 ], [ 7.967597747399922, 45.997669747594635 ], [ 7.967687665833, 45.997737259998047 ], [ 7.96782890323361, 45.997772633416524 ], [ 7.968293069220248, 45.997797458619495 ], [ 7.968684658845304, 45.99785714692225 ], [ 7.968938109327209, 45.997921389514985 ], [ 7.969220581132174, 45.997950267330275 ], [ 7.969545208930312, 45.998097651928347 ], [ 7.969730641515729, 45.998138211699008 ], [ 7.970195683704535, 45.998070925690051 ], [ 7.970516376265816, 45.998075899282099 ], [ 7.970834938448094, 45.998108625131351 ], [ 7.970974920870658, 45.998155272692664 ], [ 7.971071580976425, 45.99825707916127 ], [ 7.971224934712515, 45.998328797030354 ], [ 7.971437243443069, 45.998356094478666 ], [ 7.971543140279917, 45.998474543263058 ], [ 7.971684325286633, 45.998542556784997 ], [ 7.97188170252878, 45.998595299131388 ], [ 7.972208826050293, 45.998604249214083 ], [ 7.972311547361764, 45.998632485421737 ], [ 7.972431639019263, 45.998714666937538 ], [ 7.972674183283386, 45.998805983540109 ], [ 7.973013405750439, 45.99890121386855 ], [ 7.973175885726691, 45.998919694452098 ], [ 7.973338171501164, 45.998969768925861 ], [ 7.973682984354208, 45.998914232727607 ], [ 7.974208860482528, 45.998829533481569 ], [ 7.974415578168475, 45.9988721170945 ], [ 7.974963824145653, 45.999205032091652 ], [ 7.975425106009517, 45.99918313382382 ], [ 7.976032088306276, 45.999269355442316 ], [ 7.976559040147077, 45.999301155037841 ], [ 7.976886710533648, 45.999370707403173 ], [ 7.977114366677654, 45.999454094354888 ], [ 7.977294607267623, 45.999438272012085 ], [ 7.977537783835158, 45.999333127774563 ], [ 7.977756578899693, 45.999368377797317 ], [ 7.978008990895906, 45.999307284412403 ], [ 7.978179637712759, 45.999226990297309 ], [ 7.978908762690393, 45.999247052053967 ], [ 7.979099861704422, 45.999221225376495 ], [ 7.979599235332072, 45.999153755049129 ], [ 7.979846011911215, 45.998800833088701 ], [ 7.979920379480932, 45.998781990113677 ], [ 7.979867951751974, 45.998671280845585 ], [ 7.980011214092281, 45.998625848341433 ], [ 7.97999804515421, 45.998579827055202 ], [ 7.980088361224229, 45.99848739547312 ], [ 7.980213648255805, 45.998556005731501 ], [ 7.980312159503038, 45.998519684272814 ], [ 7.980277092506146, 45.998388228280795 ], [ 7.980498148616465, 45.998285649509526 ], [ 7.980810547881328, 45.998222200581189 ], [ 7.980924865058685, 45.998268760719071 ], [ 7.981076707037604, 45.998284401395686 ], [ 7.98144928617446, 45.998071749271638 ], [ 7.981587063292531, 45.998142439031383 ], [ 7.981818166796854, 45.998114771397852 ], [ 7.982056453736722, 45.99793199077169 ], [ 7.982232373816147, 45.998009350125393 ], [ 7.982405505113119, 45.998029375900835 ], [ 7.982662503585954, 45.997868382511342 ], [ 7.982715511154775, 45.997443567718349 ], [ 7.983027384286418, 45.997486095000767 ], [ 7.983079079096033, 45.997327998031409 ], [ 7.983239407696471, 45.997265350933887 ], [ 7.98344767206701, 45.997224601775947 ], [ 7.984471891511744, 45.996862354405224 ], [ 7.985923435103221, 45.996348941155397 ], [ 7.987622443715711, 45.996191140021622 ], [ 7.987980386210295, 45.996092722427171 ], [ 7.988729889324931, 45.996007616138414 ], [ 7.988954632241713, 45.995948004014153 ], [ 7.989088536819674, 45.995932201544917 ], [ 7.989276852360653, 45.996115572049703 ], [ 7.989333430436586, 45.996245106087216 ], [ 7.989333924424405, 45.996245685991404 ], [ 7.989455947035652, 45.996347711110317 ], [ 7.989450159251374, 45.996468131519414 ], [ 7.98949931398244, 45.996586606883966 ], [ 7.989499629704945, 45.996586781371853 ], [ 7.989499793542532, 45.996587176158471 ], [ 7.989572984919912, 45.996627627860519 ], [ 7.989625250251073, 45.996738170606328 ], [ 7.989616704510764, 45.996849578639143 ], [ 7.989617182120446, 45.996850145600071 ], [ 7.989805680013276, 45.996940356737213 ], [ 7.990001026356876, 45.997083886207193 ], [ 7.99012274053678, 45.997127592517522 ], [ 7.990128196049432, 45.997127571302727 ], [ 7.990227443262047, 45.997136772198672 ], [ 7.990438611340397, 45.997250917730952 ], [ 7.99045014639876, 45.99725745012686 ], [ 7.990571508507357, 45.997383873275822 ], [ 7.990692288626819, 45.997464334244448 ], [ 7.990884693756655, 45.997791135235467 ], [ 7.990885150337194, 45.997791692550052 ], [ 7.991231967250581, 45.99801648548236 ], [ 7.991541569162954, 45.998367049912595 ], [ 7.991639082256172, 45.998417909621118 ], [ 7.991936315852775, 45.998484439802418 ], [ 7.992094475337534, 45.998488754336634 ], [ 7.9922211032, 45.998560861406567 ], [ 7.992269048842798, 45.998540436060367 ], [ 7.992410802092148, 45.998736806889028 ], [ 7.992417213179476, 45.998806572718891 ], [ 7.992417694552639, 45.998807119720858 ], [ 7.99258561012797, 45.998853348827154 ], [ 7.992753398274927, 45.99889953549178 ], [ 7.992819220651529, 45.998942229600885 ], [ 7.992921453619756, 45.998914703838594 ], [ 7.993345453948743, 45.999383858277106 ], [ 7.993430664613842, 45.999438493528288 ], [ 7.993466005209925, 45.999518790090157 ], [ 7.993466322838007, 45.999519009686217 ], [ 7.99346646787135, 45.999519339095897 ], [ 7.993832396363224, 45.999772336039612 ], [ 7.993937324408584, 45.999873792916276 ], [ 7.994096411204454, 46.000096920854951 ], [ 7.994198907350736, 46.000303693622968 ], [ 7.994352507412644, 46.000494013074032 ], [ 7.994331786147883, 46.00061818348766 ], [ 7.994127354784546, 46.000780123994375 ], [ 7.994127292451555, 46.001188527517954 ], [ 7.994205750257055, 46.001490107204653 ], [ 7.99419415172773, 46.001579689263039 ], [ 7.994007605496315, 46.001780897403449 ], [ 7.99396852935344, 46.00181621807738 ], [ 7.994009036747574, 46.002237348458266 ], [ 7.994009483818803, 46.002237676890431 ], [ 7.99400950410597, 46.002237887730452 ], [ 7.994536426689138, 46.002624977791228 ], [ 7.994629365364985, 46.002693264939907 ], [ 7.994945042315289, 46.003175441096126 ], [ 7.994945480935309, 46.003175935508608 ], [ 7.994945512393032, 46.003175983557277 ], [ 7.995137119228604, 46.003391962974796 ], [ 7.995400904429764, 46.003572835636632 ], [ 7.995689630050229, 46.003720686787538 ], [ 7.995936139731414, 46.003755237442576 ], [ 7.996214701742232, 46.003721530652953 ], [ 7.99625743784981, 46.003868052435166 ], [ 7.996257921709961, 46.003868628941781 ], [ 7.996470642572307, 46.004067063493771 ], [ 7.996820996015247, 46.004635192607097 ], [ 7.996925151586046, 46.00483701624708 ], [ 7.996826947230692, 46.004897162062058 ], [ 7.996827427077578, 46.004897724916944 ], [ 7.997003969990801, 46.005003038872623 ], [ 7.997193991340504, 46.005292106349749 ], [ 7.997228414994183, 46.00550155287057 ], [ 7.997210785598575, 46.005560157113109 ], [ 7.997263077904028, 46.005735673331834 ], [ 7.997263560389382, 46.005736221544382 ], [ 7.997336670146313, 46.005809679423038 ], [ 7.997396824807221, 46.006032281216136 ], [ 7.997366600309221, 46.006112798431538 ], [ 7.997367071725594, 46.006113348898758 ], [ 7.997505338583816, 46.006216572571034 ], [ 7.997616498726543, 46.006343455566572 ], [ 7.997945148653823, 46.006806913106395 ], [ 7.997945608988526, 46.006807483558951 ], [ 7.99811248738074, 46.0068843152821 ], [ 7.998360253176301, 46.007074687883367 ], [ 7.99846504809416, 46.007258523035162 ], [ 7.998465223855899, 46.007258574017456 ], [ 7.998465512752301, 46.007259080820361 ], [ 7.998920519943344, 46.007391069668365 ], [ 7.998809184650015, 46.007482469345341 ], [ 7.998809652958049, 46.007483031440913 ], [ 7.999055438215897, 46.007689024284801 ], [ 7.999093212757429, 46.007799279105448 ], [ 7.999049788788927, 46.007876561031175 ], [ 7.999050457435849, 46.007876838931026 ], [ 7.999050285954632, 46.007877144373438 ], [ 7.999191137238335, 46.007935681602973 ], [ 7.999640607391725, 46.00821311346057 ], [ 7.999822669016052, 46.008453511606248 ], [ 7.999835013796806, 46.008646380431948 ], [ 7.999835506142015, 46.008646964513687 ], [ 8.00004132300192, 46.008801947049761 ], [ 8.000072836006343, 46.00892792097293 ], [ 8.000138639366972, 46.009035001510178 ], [ 8.000023085496782, 46.009081842004775 ], [ 7.999965045533811, 46.009213018253583 ], [ 7.999947211982662, 46.009387461330078 ], [ 7.999972870510747, 46.009493779389189 ], [ 7.999900307699403, 46.009659085589519 ], [ 7.999941865362993, 46.010010195857213 ], [ 7.999913058248733, 46.010131825991095 ], [ 7.999913587306366, 46.010132262902872 ], [ 7.999913553660302, 46.010132404888267 ], [ 7.99999228561325, 46.010197422413725 ], [ 8.000007289473835, 46.010316766571037 ], [ 8.000208030926654, 46.010736899166815 ], [ 8.000208513957739, 46.01073749652933 ], [ 8.000254836284828, 46.010792157322307 ], [ 8.000316867292494, 46.010865390798152 ], [ 8.000336640238238, 46.011022023988751 ], [ 8.000436707333073, 46.011216767433453 ], [ 8.000745106635351, 46.011816896737834 ], [ 8.000899508787136, 46.012049735356783 ], [ 8.000900003149924, 46.012050346163342 ], [ 8.001084582361617, 46.012211789956886 ], [ 8.001340966109547, 46.012168309744887 ], [ 8.001581163156876, 46.012072447474011 ], [ 8.00193641739069, 46.011984032903271 ], [ 8.00231213872682, 46.011814688059232 ], [ 8.002555819026158, 46.011767680536749 ], [ 8.002741308475281, 46.011697943194662 ], [ 8.002862487115484, 46.011744364810433 ], [ 8.003115413997577, 46.011741540834016 ], [ 8.003379078530738, 46.011738578504357 ], [ 8.003428692516101, 46.01177595001473 ], [ 8.003568381336468, 46.0117494132476 ], [ 8.004232420230004, 46.011714262376273 ], [ 8.004431754567069, 46.011690070872469 ], [ 8.004589463748898, 46.011670934349254 ], [ 8.004629527230344, 46.011697306761555 ], [ 8.004770544186172, 46.011668189064359 ], [ 8.004850664967215, 46.011619397869524 ], [ 8.004996586442106, 46.011574061665357 ], [ 8.005294802879662, 46.01148142717544 ], [ 8.005696906298997, 46.011491935180516 ], [ 8.006211220854288, 46.011425782665789 ], [ 8.006422782848373, 46.011369519948332 ], [ 8.006571785680034, 46.011389799688622 ], [ 8.006797974724092, 46.011420576561925 ], [ 8.00702641636318, 46.011399724413664 ], [ 8.007554153290448, 46.011427718972364 ], [ 8.007767945105376, 46.011459348318859 ], [ 8.007829763182007, 46.01143602498275 ], [ 8.007952126150544, 46.011464336390652 ], [ 8.008071368893999, 46.011449654571386 ], [ 8.008970144948702, 46.011552434396968 ], [ 8.009192520011476, 46.011531850005859 ], [ 8.009448261939585, 46.011543993918039 ], [ 8.009768599788933, 46.011618366248136 ], [ 8.010184866132239, 46.011715003502019 ], [ 8.010710414631465, 46.011761562794639 ], [ 8.0110502927181, 46.01175355810706 ], [ 8.011421186625331, 46.011813780543434 ], [ 8.011718587920461, 46.011942507934634 ], [ 8.012023606431528, 46.011957689072212 ], [ 8.01211266314218, 46.011990861790771 ], [ 8.012412618571638, 46.011970637398157 ], [ 8.012340680018319, 46.012243904975321 ], [ 8.012418066251854, 46.012427274981384 ], [ 8.012585428433228, 46.012668496802029 ], [ 8.012646843086891, 46.01287379854778 ], [ 8.012648745920773, 46.012993629478046 ], [ 8.013123485371654, 46.013786024873866 ], [ 8.013093686305197, 46.013874523491722 ], [ 8.013094161330814, 46.01387506809818 ], [ 8.013094156994784, 46.013875080969299 ], [ 8.013156147075007, 46.013946165988322 ], [ 8.013203154595409, 46.014228107931302 ], [ 8.013162636296334, 46.014323713846302 ], [ 8.013229972386405, 46.014445810947521 ], [ 8.01320774293885, 46.014615807986523 ], [ 8.013141958933659, 46.014747255618808 ], [ 8.01319782401564, 46.015069142650681 ], [ 8.013169745363578, 46.015128495468687 ], [ 8.013288006755063, 46.015550663227359 ], [ 8.013209476514307, 46.015622948236775 ], [ 8.01324765314668, 46.015863622356612 ], [ 8.013159293875807, 46.015963916069659 ], [ 8.013030010530031, 46.016489033169876 ], [ 8.013017722288856, 46.016502913188503 ], [ 8.012593817444641, 46.016981592889273 ], [ 8.012391981313991, 46.017469242836391 ], [ 8.0124115584123, 46.017771092748347 ], [ 8.012289420668255, 46.018036763724105 ], [ 8.01159786471151, 46.018325409194269 ], [ 8.011212104716693, 46.018403428264158 ], [ 8.010886963860067, 46.018572552506107 ], [ 8.010758249720777, 46.018853529879699 ], [ 8.010758827054588, 46.018853835462508 ], [ 8.010758719173641, 46.0188540709484 ], [ 8.011010248061783, 46.018987206847804 ], [ 8.011496724374766, 46.019468889055233 ], [ 8.011600585027667, 46.01952293224096 ], [ 8.011806332099516, 46.019874532913434 ], [ 8.012166746479332, 46.020490353194077 ], [ 8.012454298423771, 46.021311393477951 ], [ 8.012454692993721, 46.021311763407688 ], [ 8.01245475682569, 46.02131194566573 ], [ 8.012693137023275, 46.021535427468301 ], [ 8.01331018888814, 46.021914709797834 ], [ 8.013916634391867, 46.022143925614216 ], [ 8.014393690322182, 46.022185040948536 ], [ 8.014479611120144, 46.02227791560702 ], [ 8.014545450604651, 46.022284865719392 ], [ 8.01474692961307, 46.022460829374147 ], [ 8.015534114173938, 46.022980754894668 ], [ 8.016240511273903, 46.023593986671173 ], [ 8.016361705015642, 46.023816842052184 ], [ 8.016362201238932, 46.023817414580968 ], [ 8.016710085126558, 46.024085964347677 ], [ 8.016773660901221, 46.024189850777837 ], [ 8.016773920153627, 46.024190055395486 ], [ 8.016774148128519, 46.024190427993645 ], [ 8.016940443777024, 46.024321670505493 ], [ 8.017141619521508, 46.024436047770102 ], [ 8.017245284123211, 46.024559268327913 ], [ 8.017245789392977, 46.024559842646532 ], [ 8.017500649818201, 46.024704621651381 ], [ 8.017316328879126, 46.025010317253553 ], [ 8.017172450719144, 46.025125706130964 ], [ 8.017123369599464, 46.025143184819015 ], [ 8.017104895037331, 46.025149765538949 ], [ 8.016582819573232, 46.026124007169692 ], [ 8.016532826590263, 46.026187287426772 ], [ 8.016386976331853, 46.026371943364808 ], [ 8.016395011202249, 46.026498084994707 ], [ 8.016298191166623, 46.026764341456833 ], [ 8.016167702466621, 46.026969410611315 ], [ 8.016054938688887, 46.027226572930452 ], [ 8.015986924246073, 46.027306560333621 ], [ 8.015829307136576, 46.027764385565234 ], [ 8.015678042639779, 46.027884497097482 ], [ 8.015599205200807, 46.027993928652862 ], [ 8.015544812440545, 46.028186418381033 ], [ 8.015550984528906, 46.028263453041923 ], [ 8.015430240665379, 46.028332663228618 ], [ 8.01538257629295, 46.028389292222528 ], [ 8.015337841536846, 46.02853637606627 ], [ 8.01525934917438, 46.028644393290705 ], [ 8.015208435506805, 46.028657454614979 ], [ 8.01517251385977, 46.028666670037005 ], [ 8.015123963038242, 46.028769127602629 ], [ 8.014992746922445, 46.028804324115889 ], [ 8.014971475045732, 46.028901001825687 ], [ 8.014910891622046, 46.028915632727724 ], [ 8.014822043277604, 46.029034965214841 ], [ 8.014688120119791, 46.029237477427024 ], [ 8.014671400735109, 46.029352006293379 ], [ 8.014527449016217, 46.029561370316969 ], [ 8.014529864287161, 46.029666868667917 ], [ 8.014488040108121, 46.029734990949159 ], [ 8.014413649288459, 46.029785162198884 ], [ 8.014356994534777, 46.029886023605755 ], [ 8.014236541159875, 46.029952640248773 ], [ 8.014215032576102, 46.030093263073724 ], [ 8.014144878640053, 46.030161988653383 ], [ 8.014005171485396, 46.030224007579392 ], [ 8.013897335567496, 46.030304196952521 ], [ 8.013811740309505, 46.030346445781504 ], [ 8.013723136910263, 46.030359329900058 ], [ 8.013587050392346, 46.030479604045688 ], [ 8.013038973153096, 46.030661349729698 ], [ 8.012812803643286, 46.030714155295783 ], [ 8.012618288262127, 46.030795234677335 ], [ 8.012194761711589, 46.031084452429468 ], [ 8.011952903676399, 46.0311526107918 ], [ 8.01191773167576, 46.031185498061895 ], [ 8.011917179935486, 46.031185842704708 ], [ 8.011891589208595, 46.031209937411653 ], [ 8.011892219273939, 46.031210453855756 ], [ 8.011892117656267, 46.031210548904667 ], [ 8.011993376014168, 46.031293557130958 ], [ 8.012370810964534, 46.031721488664765 ], [ 8.013097869405851, 46.03226002778613 ], [ 8.013355101491657, 46.03230764267817 ], [ 8.013720731353612, 46.032331693317026 ], [ 8.013995226855027, 46.032408256791079 ], [ 8.014121731690587, 46.032491620561544 ], [ 8.0142679999266, 46.032529743493718 ], [ 8.014598431442176, 46.032689033590955 ], [ 8.014630590288021, 46.032812604390344 ], [ 8.014630981012758, 46.032812803941901 ], [ 8.014631080325712, 46.032813185532639 ], [ 8.014799734475861, 46.032899329202841 ], [ 8.014936600456791, 46.032911582806491 ], [ 8.015043697956031, 46.032968121568956 ], [ 8.015190469836361, 46.03297910069567 ], [ 8.015343984201159, 46.033073443966735 ], [ 8.015542801671236, 46.033289725631072 ], [ 8.01579478356587, 46.033422893907748 ], [ 8.016006053783485, 46.033478745205002 ], [ 8.016323125508952, 46.033852233742643 ], [ 8.016650564964907, 46.034319788849182 ], [ 8.016651041661209, 46.034320354061308 ], [ 8.016767445126412, 46.034424718771803 ], [ 8.017161387330395, 46.034551101401085 ], [ 8.017364063461724, 46.034714565041689 ], [ 8.017863666582381, 46.035008531036659 ], [ 8.018066130784369, 46.03517602210502 ], [ 8.018167080459872, 46.035324480352159 ], [ 8.018147892165084, 46.03543953528262 ], [ 8.018311569976946, 46.035642158983642 ], [ 8.018340287453318, 46.035805868352831 ], [ 8.018423307107529, 46.035981928459961 ], [ 8.018423587349163, 46.035982085158125 ], [ 8.018423775045935, 46.035982483209715 ], [ 8.018550892086758, 46.036053560634585 ], [ 8.018610674551944, 46.036218496711967 ], [ 8.018677518132218, 46.036308730731271 ], [ 8.018731493577963, 46.036381579228014 ], [ 8.018761730079223, 46.0365166473157 ], [ 8.018762181180035, 46.036517197477316 ], [ 8.018944980211218, 46.036637077060369 ], [ 8.019347991482531, 46.036782421020007 ], [ 8.019425739923735, 46.036853690745119 ], [ 8.019418825834395, 46.036912836134825 ], [ 8.019491848349713, 46.037037365531681 ], [ 8.019459224123716, 46.03711548154044 ], [ 8.019459721713567, 46.03711592600137 ], [ 8.019459683571784, 46.037116017305017 ], [ 8.019546818534076, 46.037193866249147 ], [ 8.019859158067296, 46.037135341292966 ], [ 8.019918872925528, 46.037414289349911 ], [ 8.019919328648387, 46.03741482955494 ], [ 8.020073226057212, 46.037540296511359 ], [ 8.020080789355148, 46.037554063208155 ], [ 8.020167584239907, 46.037715091745042 ], [ 8.020170257498986, 46.037720403793692 ], [ 8.02017044130046, 46.037720392383228 ], [ 8.020170737649915, 46.037720942193502 ], [ 8.02050778034927, 46.03770000814788 ], [ 8.020678952975688, 46.037914146392069 ], [ 8.020679421487348, 46.037914686337594 ], [ 8.020973761297274, 46.038069126139916 ], [ 8.021129054643792, 46.038243147633359 ], [ 8.021276297750184, 46.038267692459279 ], [ 8.021418873630701, 46.038364541929042 ], [ 8.021585205403266, 46.038432328093542 ], [ 8.021591897609325, 46.03851260185747 ], [ 8.021592342088622, 46.038512816946763 ], [ 8.021592370325164, 46.038513155616663 ], [ 8.021922224133949, 46.03867277117584 ], [ 8.021830347298714, 46.038755125831635 ], [ 8.021830807492265, 46.038755662351903 ], [ 8.02196160015799, 46.038821633402335 ], [ 8.022052553982666, 46.038965384741836 ], [ 8.022053028499014, 46.038965940615519 ], [ 8.022267406486064, 46.038931483918489 ], [ 8.022503545980037, 46.039030888751412 ], [ 8.022771027930091, 46.039110249305779 ], [ 8.022928942440528, 46.039204786531556 ], [ 8.023147588697466, 46.039436651719143 ], [ 8.023529384642224, 46.039614381127478 ], [ 8.023615695704835, 46.039609399494722 ], [ 8.02374416554199, 46.03968377576566 ], [ 8.023829099130504, 46.03970092194271 ], [ 8.024002995025263, 46.039818349331199 ], [ 8.024371818292776, 46.039962146163589 ], [ 8.024396843813657, 46.040012260435333 ], [ 8.024397297884398, 46.040012813791733 ], [ 8.024673079090823, 46.040083581304891 ], [ 8.025031774573094, 46.040108047517599 ], [ 8.025006848446607, 46.040155477051712 ], [ 8.025007330635029, 46.040156024053495 ], [ 8.025278141970869, 46.040235388821841 ], [ 8.025535872957901, 46.040223694049665 ], [ 8.025622960723549, 46.040276513883505 ], [ 8.025731165083933, 46.040292925830684 ], [ 8.025830162113873, 46.040253054340894 ], [ 8.026063160964005, 46.040353601072901 ], [ 8.026240833542772, 46.040498433925698 ], [ 8.026354318402122, 46.040496529148037 ], [ 8.026423814812249, 46.040563895689289 ], [ 8.026661112308465, 46.040638744721306 ], [ 8.026793892072073, 46.040656990054643 ], [ 8.026796496295074, 46.040696289108439 ], [ 8.026796969944428, 46.04069684123268 ], [ 8.027115432162628, 46.040758788691413 ], [ 8.027309495049801, 46.040823481072316 ], [ 8.027324709743374, 46.040864811086337 ], [ 8.027325184928809, 46.040865364991639 ], [ 8.027486011830085, 46.040889677963932 ], [ 8.027566162156209, 46.040930154502206 ], [ 8.027610440054193, 46.040923101250392 ], [ 8.027644236194824, 46.040976272602464 ], [ 8.027644349775679, 46.040976266014297 ], [ 8.027644713072007, 46.040976837368973 ], [ 8.02782792487179, 46.040966209945545 ], [ 8.027865339556254, 46.041011693950047 ], [ 8.027865829260376, 46.041012258524908 ], [ 8.028018035870055, 46.0410888449426 ], [ 8.028734471511145, 46.041176209604437 ], [ 8.028903667969134, 46.04122306777839 ], [ 8.028911304321451, 46.041261197804531 ], [ 8.028911784742469, 46.041261766669479 ], [ 8.029013721300361, 46.041252552076038 ], [ 8.029243406217914, 46.041296472754098 ], [ 8.029324859571918, 46.041337822709011 ], [ 8.029856186011139, 46.041390112534749 ], [ 8.029931000084405, 46.041411148339385 ], [ 8.029971330446921, 46.041450689200673 ], [ 8.030587264475997, 46.041526326525904 ], [ 8.030655387042406, 46.041585458245017 ], [ 8.030986339761034, 46.041601002692133 ], [ 8.031073438400314, 46.041621964118157 ], [ 8.031187062339857, 46.041694655591186 ], [ 8.031380095770418, 46.041731626702173 ], [ 8.031376651809477, 46.041753293324447 ], [ 8.031377190887023, 46.041753652674636 ], [ 8.031377155762852, 46.04175387449218 ], [ 8.031533128840385, 46.04185784702144 ], [ 8.031655269279815, 46.041809275898189 ], [ 8.031713537364526, 46.041833629425454 ], [ 8.03175711129159, 46.041890897344999 ], [ 8.031757172163953, 46.041890912593566 ], [ 8.031757605033642, 46.04189148175535 ], [ 8.031857334306176, 46.041916452420175 ], [ 8.031886356663319, 46.041959070729717 ], [ 8.031886466366611, 46.041959081615921 ], [ 8.031886851957859, 46.041959648089488 ], [ 8.03214336264824, 46.041985112173769 ], [ 8.032192855019467, 46.042047010153333 ], [ 8.032178126526734, 46.04211582411989 ], [ 8.032178637603298, 46.042116285250373 ], [ 8.032178610372419, 46.042116412145987 ], [ 8.032224061191043, 46.042157400619438 ], [ 8.032391319984034, 46.042186980423637 ], [ 8.032546142719289, 46.042331086923348 ], [ 8.032598105063016, 46.042321007832818 ], [ 8.03278926803219, 46.042491388016806 ], [ 8.032879301265144, 46.04251790315184 ], [ 8.032919927496819, 46.042575457975616 ], [ 8.032920426187408, 46.042576057049018 ], [ 8.033260764111095, 46.042689017486396 ], [ 8.033266547369678, 46.042716230898158 ], [ 8.03326704739651, 46.04271683152794 ], [ 8.033360866108744, 46.042753256166044 ], [ 8.033415989461339, 46.042868909957299 ], [ 8.033416227206267, 46.042868951104715 ], [ 8.033416489776808, 46.042869502042784 ], [ 8.033492034267752, 46.042882570232024 ], [ 8.033622900631901, 46.042976974222938 ], [ 8.033729647960703, 46.043000102198299 ], [ 8.033756611752633, 46.043067213798466 ], [ 8.033757112464318, 46.043067815210414 ], [ 8.033840662913901, 46.043076999667065 ], [ 8.033925490340231, 46.043116852820937 ], [ 8.034104355290648, 46.043253399569458 ], [ 8.034216574892028, 46.04326557733264 ], [ 8.034209965849524, 46.043301668800176 ], [ 8.034210466941895, 46.043302252873573 ], [ 8.034242093412384, 46.043323873511504 ], [ 8.034355001478589, 46.043343193817812 ], [ 8.034486872360146, 46.043418106765039 ], [ 8.03459205136997, 46.043445294413168 ], [ 8.03483539825355, 46.043593978130183 ], [ 8.035001652631845, 46.043739281909588 ], [ 8.035107130387916, 46.043746415887185 ], [ 8.03518213002465, 46.043787447857916 ], [ 8.035302821808028, 46.043957410568439 ], [ 8.035302976820988, 46.043957532086488 ], [ 8.035303319704463, 46.043958015022859 ], [ 8.035414400591897, 46.044045084209756 ], [ 8.035274533748218, 46.044067767097005 ], [ 8.035066253078678, 46.044176754987078 ], [ 8.034986114342736, 46.044153646016248 ], [ 8.034795175484147, 46.04425492228404 ], [ 8.034765473097512, 46.044335195403612 ], [ 8.034707691522497, 46.044387523260866 ], [ 8.034711847520073, 46.044461833103846 ], [ 8.034712357543755, 46.044462152142657 ], [ 8.034712373667151, 46.044462440359851 ], [ 8.034760511155488, 46.04449256975299 ], [ 8.03467175665137, 46.044584594032777 ], [ 8.034432524086494, 46.044734234187771 ], [ 8.034412804629541, 46.044809560778894 ], [ 8.034354573250301, 46.044857437937445 ], [ 8.034343998150099, 46.044952758715866 ], [ 8.034246817993138, 46.045032713503261 ], [ 8.034223911756303, 46.04509184656856 ], [ 8.034232521774859, 46.045196781396953 ], [ 8.034233057642197, 46.045197393760553 ], [ 8.034292198996813, 46.045213877263642 ], [ 8.034230180810173, 46.04530563324586 ], [ 8.034241384772074, 46.045508742900893 ], [ 8.034207869703566, 46.045566465697576 ], [ 8.034252500656864, 46.045672928446891 ], [ 8.034207405115337, 46.045782347978246 ], [ 8.034133475446415, 46.045859795981862 ], [ 8.034125504363457, 46.045928565552778 ], [ 8.033909427774859, 46.046047361820683 ], [ 8.033936864186648, 46.046165735879399 ], [ 8.033937372810279, 46.046166337908176 ], [ 8.033971578900235, 46.04618398505702 ], [ 8.033828478447212, 46.046294137560132 ], [ 8.033525181984235, 46.046447100494866 ], [ 8.033483443148874, 46.046554136143349 ], [ 8.033339984317363, 46.046625851287182 ], [ 8.033341328216306, 46.046663887194256 ], [ 8.033306913182882, 46.046685343633094 ], [ 8.033343401400467, 46.046754715268335 ], [ 8.033299070298748, 46.046795699786806 ], [ 8.032971536566262, 46.046973887156916 ], [ 8.032954190382592, 46.04710022483664 ], [ 8.032775115109533, 46.047200778412666 ], [ 8.032594607398371, 46.047351481515307 ], [ 8.032414931172626, 46.047438472098911 ], [ 8.032407790790312, 46.047473323222626 ], [ 8.032327910616011, 46.04751719326832 ], [ 8.032144333857156, 46.047787636136384 ], [ 8.032181430826771, 46.047900058571642 ], [ 8.032139572321487, 46.047935722125068 ], [ 8.032187399427396, 46.047997630961753 ], [ 8.032017502875275, 46.048150328301524 ], [ 8.031920695600077, 46.048352387307048 ], [ 8.03184100274532, 46.048379146113852 ], [ 8.031839538295049, 46.048520413967033 ], [ 8.031809214219519, 46.048565435258936 ], [ 8.031741219952654, 46.048579736319702 ], [ 8.031640388633001, 46.048703976085783 ], [ 8.031595573404475, 46.048867349554079 ], [ 8.031596246009808, 46.048867363262779 ], [ 8.031596083924102, 46.048867954177496 ], [ 8.031628068661233, 46.048868605804898 ], [ 8.031621003170295, 46.048899915354163 ], [ 8.031578236282138, 46.048932929729041 ], [ 8.031571643183655, 46.048977808176623 ], [ 8.031606710759291, 46.049096124699552 ], [ 8.031554940334543, 46.049120937314477 ], [ 8.031533497366278, 46.049195103019976 ], [ 8.031543987426545, 46.049314178491301 ], [ 8.031477783621487, 46.049367394555546 ], [ 8.031452868828048, 46.049468115942005 ], [ 8.031317046956021, 46.049604080901901 ], [ 8.031308680803075, 46.049674921374191 ], [ 8.031248611362097, 46.049710095582029 ], [ 8.031249133042524, 46.049710698128756 ], [ 8.031306101570001, 46.049725037080357 ], [ 8.031220882392033, 46.049758638403524 ], [ 8.031207753166729, 46.049821542665974 ], [ 8.031172338313397, 46.049833261307761 ], [ 8.031150155356764, 46.050074058987299 ], [ 8.030829289999737, 46.050307348909072 ], [ 8.030818340281224, 46.05034370423698 ], [ 8.030732675805883, 46.050368145716604 ], [ 8.030541193335427, 46.050648666712796 ], [ 8.030523378221572, 46.050803918808882 ], [ 8.030562542568042, 46.050850850933429 ], [ 8.03056707935148, 46.050935746940837 ], [ 8.030427844236737, 46.051070838154217 ], [ 8.030426427014138, 46.051218006966579 ], [ 8.030350230391052, 46.051471547050298 ], [ 8.030297216628032, 46.051497535048377 ], [ 8.030335084656606, 46.051606112897666 ], [ 8.030335459154601, 46.051606366662838 ], [ 8.030335586489198, 46.051606731734466 ], [ 8.030436219058783, 46.051674904580409 ], [ 8.030479282922627, 46.051746724313169 ], [ 8.030479479718981, 46.0517468120335 ], [ 8.030479798946534, 46.051747344582559 ], [ 8.030661523451871, 46.051828327659528 ], [ 8.030692022415264, 46.051881308396567 ], [ 8.030664917269684, 46.05191244104148 ], [ 8.030689177816804, 46.051952686574992 ], [ 8.030664046846617, 46.052005056804362 ], [ 8.030543082141673, 46.052176296097556 ], [ 8.030571522571826, 46.052212381675311 ], [ 8.030513836011497, 46.052331905071028 ], [ 8.030521476226054, 46.052395554845695 ], [ 8.030521933285167, 46.052395769642587 ], [ 8.03052198231611, 46.052396178748417 ], [ 8.030592622583383, 46.052429364058263 ], [ 8.030587142804727, 46.052491563593733 ], [ 8.030587674763915, 46.052492187394932 ], [ 8.030625742086402, 46.052502390042612 ], [ 8.030610107377008, 46.052592276354808 ], [ 8.030581648644214, 46.052648784087104 ], [ 8.030534426149273, 46.052666789556092 ], [ 8.030501754600399, 46.05275664861643 ], [ 8.030431994346616, 46.052798098295121 ], [ 8.030474893103809, 46.052901036371829 ], [ 8.030417656638997, 46.052928548873993 ], [ 8.030345328391517, 46.053094459117347 ], [ 8.030202371934443, 46.053236055506275 ], [ 8.030185144872728, 46.053277463332591 ], [ 8.030185647342178, 46.053278067615054 ], [ 8.030185645520952, 46.053278071982682 ], [ 8.030197227420677, 46.053291994110225 ], [ 8.030212701010589, 46.053310603040657 ], [ 8.030166755202393, 46.053390537364301 ], [ 8.030046244200369, 46.05346799309374 ], [ 8.029992322447329, 46.053553564527142 ], [ 8.02991895083745, 46.053800000886838 ], [ 8.029832529522775, 46.053861328184603 ], [ 8.029850012485856, 46.053934335961621 ], [ 8.029792444260254, 46.054061531740473 ], [ 8.029677991740551, 46.054245410968697 ], [ 8.029438093197722, 46.054455765128623 ], [ 8.029383365455535, 46.054606820525841 ], [ 8.029324606447579, 46.054647897029234 ], [ 8.029193127344431, 46.054887332710358 ], [ 8.029086044720689, 46.054989482367667 ], [ 8.029073109681187, 46.055067120408815 ], [ 8.028986607015066, 46.055154688066466 ], [ 8.029004841724346, 46.055187301144301 ], [ 8.028941061830899, 46.055295961782647 ], [ 8.028824114796189, 46.055388123568228 ], [ 8.028797578389018, 46.055462621275467 ], [ 8.028628532449439, 46.055585820930446 ], [ 8.02846485482757, 46.055762346023386 ], [ 8.028383639203696, 46.055898228701416 ], [ 8.028373290995429, 46.056010954537406 ], [ 8.028373807308355, 46.056011575558905 ], [ 8.028430369131687, 46.056027715115604 ], [ 8.028471889999944, 46.056071663207462 ], [ 8.028395430942981, 46.056082184025726 ], [ 8.028351156601147, 46.056160615568629 ], [ 8.028345985542213, 46.056217864551321 ], [ 8.028380984390965, 46.056268948298744 ], [ 8.028337927152087, 46.056311696341382 ], [ 8.028255525852021, 46.056326979153475 ], [ 8.028230711507604, 46.056371970671179 ], [ 8.028103531281037, 46.056427347614935 ], [ 8.028104050541069, 46.056427972176941 ], [ 8.028130232454133, 46.056437296108342 ], [ 8.028114563711725, 46.056493039861778 ], [ 8.028016645266943, 46.056486894772561 ], [ 8.027961031039968, 46.056667739025841 ], [ 8.027930262527143, 46.056679441344606 ], [ 8.027914833387586, 46.056729673250985 ], [ 8.027772905764346, 46.056790758209409 ], [ 8.027748491693162, 46.056833381647294 ], [ 8.027760934476017, 46.056941247618226 ], [ 8.027689377896825, 46.057069693828282 ], [ 8.027689668848476, 46.057123073069526 ], [ 8.027649689674806, 46.05714220892559 ], [ 8.027551111203259, 46.057278793389067 ], [ 8.027502620686301, 46.05742184506915 ], [ 8.027266581714988, 46.0576363034438 ], [ 8.027233841746618, 46.057754183662993 ], [ 8.027087348208799, 46.057823558665376 ], [ 8.027031330496758, 46.057910911767202 ], [ 8.026891006192658, 46.058028903324548 ], [ 8.026809841290202, 46.058232621520915 ], [ 8.026817478154141, 46.058295084143282 ], [ 8.026698100334281, 46.058461300364357 ], [ 8.026315057321252, 46.058610944123771 ], [ 8.026276708317997, 46.058659262190758 ], [ 8.026123886214918, 46.058698002399595 ], [ 8.026144631358529, 46.058732204115003 ], [ 8.026274230077137, 46.058923947968871 ], [ 8.026272259006047, 46.059029073543172 ], [ 8.026172097568343, 46.059294322211677 ], [ 8.026174960883433, 46.05938158403594 ], [ 8.02610563103163, 46.059424495062871 ], [ 8.02612955427715, 46.059503092235722 ], [ 8.025985382757835, 46.060020019114852 ], [ 8.025938099139037, 46.060069148232394 ], [ 8.025908231188607, 46.060398215284025 ], [ 8.025854888275648, 46.060442680135729 ], [ 8.025841499114009, 46.060531519885444 ], [ 8.025517684412538, 46.060789197286539 ], [ 8.025456557864505, 46.060867013703096 ], [ 8.025463668305079, 46.060959992742937 ], [ 8.025348318075068, 46.061038864840945 ], [ 8.025461445716664, 46.061472743966661 ], [ 8.025442227238154, 46.061556729310084 ], [ 8.02536705986966, 46.061617121995958 ], [ 8.025402118684969, 46.06170623141643 ], [ 8.025329991648036, 46.061782629688764 ], [ 8.025270756199808, 46.061993429316551 ], [ 8.025188004573032, 46.062131080834703 ], [ 8.024904335396341, 46.062428021014405 ], [ 8.024774010551349, 46.062530404273552 ], [ 8.024627275000698, 46.062561815220818 ], [ 8.024597526471721, 46.0626256416787 ], [ 8.023944941346382, 46.062928093639634 ], [ 8.023873635427302, 46.062983760503485 ], [ 8.023832137247474, 46.063104150014858 ], [ 8.023853383723262, 46.063193601454259 ], [ 8.023817580764554, 46.063377633321529 ], [ 8.023864996722608, 46.063519043371805 ], [ 8.023796528385063, 46.063701022764185 ], [ 8.02387559444065, 46.064070688680481 ], [ 8.024091557399123, 46.064416390084894 ], [ 8.024090544084926, 46.064666837021214 ], [ 8.024091088237109, 46.064667448912871 ], [ 8.024091088197352, 46.064667458709273 ], [ 8.024201331877361, 46.064791449643927 ], [ 8.0242975425254, 46.064855397910513 ], [ 8.024280334552406, 46.064923867894514 ], [ 8.024280865129999, 46.064924506678693 ], [ 8.024361900677235, 46.0649432914988 ], [ 8.024423333910894, 46.064994122329992 ], [ 8.02444382171878, 46.065085059406641 ], [ 8.024660411133894, 46.065361921052286 ], [ 8.024632381191639, 46.065452384014414 ], [ 8.02448861964297, 46.06558716746455 ], [ 8.024377178145658, 46.065759277193699 ], [ 8.024343205792174, 46.065979057878081 ], [ 8.024424226668661, 46.066333915362918 ], [ 8.024279140925708, 46.066476846573671 ], [ 8.024312594178154, 46.066611375271783 ], [ 8.024252611882936, 46.066666488810831 ], [ 8.024238196240359, 46.066768467526693 ], [ 8.024238580029834, 46.066924901660542 ], [ 8.024239129987709, 46.066925539269569 ], [ 8.024404841311634, 46.067068753068583 ], [ 8.024593903488629, 46.06734563193622 ], [ 8.024563934679271, 46.067544665707814 ], [ 8.024081343903317, 46.067685544039989 ], [ 8.024014041299582, 46.067728218333194 ], [ 8.023411782851172, 46.067757744590594 ], [ 8.023237541902011, 46.067833717271832 ], [ 8.022919051654243, 46.06815822491324 ], [ 8.022754182653896, 46.068279315965903 ], [ 8.022630158055897, 46.068313818121524 ], [ 8.022537772167606, 46.068387116976936 ], [ 8.022523875709348, 46.068442467801326 ], [ 8.02241155925644, 46.068478132533663 ], [ 8.022178179301005, 46.068497691379946 ], [ 8.022018659050055, 46.068651552186545 ], [ 8.021817606290636, 46.068706701206708 ], [ 8.02177261618983, 46.06892580941426 ], [ 8.021767484053145, 46.069157044752089 ], [ 8.021668526861248, 46.069306363970114 ], [ 8.021661756093444, 46.069365869878801 ], [ 8.021662315986497, 46.0693665285525 ], [ 8.021736346579184, 46.06939995362913 ], [ 8.021752966280445, 46.069466771567221 ], [ 8.021753433525822, 46.069467100520079 ], [ 8.021753513298918, 46.069467421480653 ], [ 8.021881490439871, 46.069557529847174 ], [ 8.021778283954953, 46.069695609572015 ], [ 8.022173742572738, 46.070390447603955 ], [ 8.022152100741252, 46.07048185744825 ], [ 8.022152629910021, 46.070482510469752 ], [ 8.022264193258737, 46.070549657343236 ], [ 8.02226489752228, 46.070702560479582 ], [ 8.022265437493612, 46.070703021459991 ], [ 8.022265438329987, 46.07070320302666 ], [ 8.022442295847641, 46.070854208689411 ], [ 8.022650454424788, 46.070970906439534 ], [ 8.022642956257666, 46.071054766772647 ], [ 8.022643527975468, 46.071055220739446 ], [ 8.022643511012603, 46.071055410449183 ], [ 8.022748523598946, 46.071138794627679 ], [ 8.022785422685535, 46.071389534805427 ], [ 8.022785942083953, 46.071389943600991 ], [ 8.022785976481169, 46.071390177345137 ], [ 8.022857416627428, 46.071446404585224 ], [ 8.022873538417814, 46.071499087581529 ], [ 8.022821600552689, 46.071698000803131 ], [ 8.022822156109093, 46.071698595192295 ], [ 8.022822141251321, 46.071698652097538 ], [ 8.02303337401206, 46.071924627048276 ], [ 8.023051212063232, 46.072057208486456 ], [ 8.023019363919413, 46.072400354631526 ], [ 8.02304591434522, 46.072550464204454 ], [ 8.023108568990642, 46.072635734232691 ], [ 8.023084666122983, 46.072715074692482 ], [ 8.022847938596508, 46.072998668616833 ], [ 8.022865113916572, 46.073041993190834 ], [ 8.022671396138916, 46.073459580678914 ], [ 8.022636844540258, 46.07384516472483 ], [ 8.022555292931681, 46.074029685004085 ], [ 8.022425012082213, 46.074199686358632 ], [ 8.022512809091864, 46.074311714947306 ], [ 8.022454974886992, 46.074429723722552 ], [ 8.022447422065644, 46.074544251802436 ], [ 8.022530867165084, 46.074708613230278 ], [ 8.022531131815752, 46.074708701039867 ], [ 8.022531421936124, 46.07470927255217 ], [ 8.023023626798711, 46.074872579265453 ], [ 8.023237203664934, 46.074978468192775 ], [ 8.023399045497381, 46.07514781804435 ], [ 8.023528077427224, 46.075179080092212 ], [ 8.023579829194377, 46.075346744951084 ], [ 8.023572189452317, 46.07542154830913 ], [ 8.023499202100838, 46.075501620126325 ], [ 8.023457685322729, 46.075670757695569 ], [ 8.023458237045341, 46.075671422231835 ], [ 8.023510312235992, 46.075718714489668 ], [ 8.023434813958129, 46.07596130431746 ], [ 8.023530814150602, 46.076078471192595 ], [ 8.023531349215494, 46.07607911361233 ], [ 8.023923073921761, 46.076198315004426 ], [ 8.02413923169104, 46.076305047288074 ], [ 8.024175602810185, 46.076376124706464 ], [ 8.024178256883928, 46.076481469270135 ], [ 8.024178795453004, 46.076481936983079 ], [ 8.024178799903313, 46.076482114552711 ], [ 8.024362366637444, 46.076641538656602 ], [ 8.024395593242554, 46.076790155068309 ], [ 8.024396137676803, 46.076790765334714 ], [ 8.024396146859932, 46.076790806393113 ], [ 8.02461560239913, 46.077036812489084 ], [ 8.02482790739267, 46.077183418583331 ], [ 8.024989136084281, 46.077257175353708 ], [ 8.025074187384321, 46.077403703074296 ], [ 8.025038191732987, 46.077463064286114 ], [ 8.025038726408981, 46.077463699619464 ], [ 8.025154806654898, 46.077566846199545 ], [ 8.025282976984094, 46.077736621259533 ], [ 8.025372874500485, 46.07799865012079 ], [ 8.025373409883088, 46.077999286287991 ], [ 8.025528940056118, 46.078111426734921 ], [ 8.025687569108428, 46.078274863462866 ], [ 8.026043800858977, 46.078448220498565 ], [ 8.026026698828229, 46.078491670227869 ], [ 8.026064326021578, 46.078740423076837 ], [ 8.026064818410294, 46.078740693980976 ], [ 8.026064871908138, 46.078741047388547 ], [ 8.026133539650296, 46.078778852415319 ], [ 8.026120722113475, 46.078924182755173 ], [ 8.026155362814942, 46.079008121760886 ], [ 8.026155889920242, 46.079008739907337 ], [ 8.026155896531346, 46.079008755922658 ], [ 8.026364269286367, 46.079253110368313 ], [ 8.026540913642515, 46.079460264577222 ], [ 8.026541457208264, 46.079460895001333 ], [ 8.026839114508601, 46.079508568004421 ], [ 8.027025037390919, 46.079395752369464 ], [ 8.027153105530253, 46.07961985135249 ], [ 8.027030439526779, 46.079711834117994 ], [ 8.027048151200685, 46.079802059230389 ], [ 8.027048593972928, 46.079802307564627 ], [ 8.027048666697885, 46.079802678243183 ], [ 8.027147714641551, 46.079858231962135 ], [ 8.027480539423189, 46.079961581929936 ], [ 8.027522765129572, 46.080000636679017 ], [ 8.027727749336577, 46.08000366598116 ], [ 8.027921022131947, 46.080039095616399 ], [ 8.028531924438536, 46.080313478529995 ], [ 8.028688345953357, 46.080355994377122 ], [ 8.028881993727067, 46.080611680080608 ], [ 8.028890912862396, 46.080731304113357 ], [ 8.028891437789957, 46.080731783968844 ], [ 8.028891448470363, 46.080731927256394 ], [ 8.029099012206887, 46.080921671072197 ], [ 8.029028254285532, 46.081045275482403 ], [ 8.029026359050354, 46.081147432341908 ], [ 8.029026878766517, 46.081147968266031 ], [ 8.029026877583652, 46.081148032872434 ], [ 8.029099894249493, 46.081223317694956 ], [ 8.028854258577081, 46.081530113121509 ], [ 8.028951321184364, 46.081699355488873 ], [ 8.028951825324674, 46.081699963257989 ], [ 8.029268363702929, 46.081803846837886 ], [ 8.029391043815982, 46.082054932735055 ], [ 8.02941314389553, 46.08221941260669 ], [ 8.029366689229569, 46.082370622823852 ], [ 8.029454110044997, 46.082579217781564 ], [ 8.029454607502165, 46.082579833030699 ], [ 8.029532548892814, 46.082663562286967 ], [ 8.029536774746644, 46.082811766333286 ], [ 8.029672328632246, 46.083012246755104 ], [ 8.029672841377938, 46.083012846983557 ], [ 8.029893979468248, 46.083179876376072 ], [ 8.029709135567371, 46.083382913563852 ], [ 8.029729723856295, 46.083499525830469 ], [ 8.029681975174306, 46.083662590401786 ], [ 8.029824649901663, 46.08397850308161 ], [ 8.029611503035204, 46.084163034403225 ], [ 8.029612034652045, 46.08416365944705 ], [ 8.029742940718357, 46.084219531920652 ], [ 8.029802506896495, 46.084300100956682 ], [ 8.029693309256777, 46.084531045704324 ], [ 8.029743442798489, 46.084657650446026 ], [ 8.029761428376156, 46.084874192389329 ], [ 8.029881682619353, 46.085030574542095 ], [ 8.029881781836114, 46.085030653522224 ], [ 8.029882207131084, 46.085031206587566 ], [ 8.030294652374637, 46.085359529915984 ], [ 8.030272001570285, 46.085603448478814 ], [ 8.030218659761402, 46.085735930018316 ], [ 8.030275053295131, 46.085821984770092 ], [ 8.030263782513767, 46.085983392041868 ], [ 8.030153175154917, 46.086105756680418 ], [ 8.030147047038916, 46.08635769742898 ], [ 8.030034130925033, 46.086504542553818 ], [ 8.030034722933094, 46.086505124234762 ], [ 8.030034676647157, 46.086505184431999 ], [ 8.030144797831181, 46.086613406426906 ], [ 8.030144475588537, 46.086856949325494 ], [ 8.030145014226742, 46.086857470133829 ], [ 8.030145014071431, 46.086857589157844 ], [ 8.030215165496744, 46.086925418646743 ], [ 8.030235946269833, 46.087067294750547 ], [ 8.030382617020496, 46.08731534880139 ], [ 8.030324943148507, 46.087366693249052 ], [ 8.030365920000534, 46.08750097419545 ], [ 8.030124792037009, 46.087765085889011 ], [ 8.030020952263321, 46.088073483511785 ], [ 8.029923271835361, 46.088130425875711 ], [ 8.029986140340462, 46.088255497528337 ], [ 8.029885873447855, 46.08834107796622 ], [ 8.029793006844985, 46.088382945062968 ], [ 8.029762747712972, 46.08852100879416 ], [ 8.029878031672631, 46.088674934245375 ], [ 8.029834524481764, 46.088913721131689 ], [ 8.02976938037401, 46.088963125356095 ], [ 8.029551177993422, 46.088989276429146 ], [ 8.02960228195994, 46.089068990244286 ], [ 8.029556930242054, 46.089148147667373 ], [ 8.029584229695493, 46.089600546152994 ], [ 8.029584729056051, 46.08960079468325 ], [ 8.029584751484755, 46.089601166339726 ], [ 8.029724386760678, 46.089670664561524 ], [ 8.029930042177808, 46.08982830503048 ], [ 8.02996135467275, 46.08992285933796 ], [ 8.029961862094117, 46.089923468981787 ], [ 8.030057738728894, 46.090017878342316 ], [ 8.030139470593696, 46.090160898649337 ], [ 8.030139988930344, 46.090161514707042 ], [ 8.030282269506644, 46.090218323331015 ], [ 8.030380999931641, 46.090354220030086 ], [ 8.03038153122707, 46.090354844922004 ], [ 8.030496408339202, 46.090462371358889 ], [ 8.030692588945007, 46.09064600343563 ], [ 8.030620230486992, 46.090752845582173 ], [ 8.030747729949642, 46.090923753127981 ], [ 8.030853759402705, 46.091148783855125 ], [ 8.030795761314888, 46.091279095175217 ], [ 8.0308966423068, 46.091487114886199 ], [ 8.030789900597824, 46.091599618487734 ], [ 8.030795382616256, 46.091729623686575 ], [ 8.030704183907106, 46.091836378306965 ], [ 8.030704704975198, 46.091836997639952 ], [ 8.030739358973799, 46.091863497279597 ], [ 8.030930889755785, 46.091887027851378 ], [ 8.031036226713466, 46.092074706108555 ], [ 8.031089883249402, 46.092311823020815 ], [ 8.031172926160224, 46.092430617078875 ], [ 8.031173093770679, 46.092430738589563 ], [ 8.031173451125763, 46.092431249908046 ], [ 8.031391286390969, 46.092589153460302 ], [ 8.031484042151646, 46.092634176434011 ], [ 8.032022470146952, 46.092895489814119 ], [ 8.03207306196572, 46.092950372582827 ], [ 8.03203883845975, 46.093079016916441 ], [ 8.032039405664268, 46.093079512811769 ], [ 8.032039369645664, 46.093079648207684 ], [ 8.032102831707485, 46.093135134082438 ], [ 8.03205982554743, 46.093416032407156 ], [ 8.032169501339208, 46.093640125255504 ], [ 8.032170023526255, 46.093640761301508 ], [ 8.032328027194284, 46.093748888051849 ], [ 8.032391485747027, 46.093838987741343 ], [ 8.032374951420245, 46.093947536857492 ], [ 8.032375602215177, 46.093947530114129 ], [ 8.032375504793338, 46.093948170215398 ], [ 8.032550119658628, 46.093946379776135 ], [ 8.033117981674607, 46.094298371371309 ], [ 8.033156430916597, 46.094403646933884 ], [ 8.033156989371815, 46.094404286276948 ], [ 8.033246641687294, 46.094472481272163 ], [ 8.033392221872795, 46.094517883830413 ], [ 8.033512620740268, 46.094754107786109 ], [ 8.033583803844504, 46.09509976432188 ], [ 8.033584272429968, 46.095099937817999 ], [ 8.033584372762629, 46.095100424970546 ], [ 8.033804342979154, 46.095181878109642 ], [ 8.033901203893006, 46.095251081138649 ], [ 8.033843372004045, 46.095543983787778 ], [ 8.033717739136627, 46.095609209030329 ], [ 8.0337221200696, 46.0957727742475 ], [ 8.033650934778775, 46.09585797980786 ], [ 8.033670551853733, 46.096020736042533 ], [ 8.033561475511211, 46.096136439111994 ], [ 8.03350679812918, 46.09658462738264 ], [ 8.033447776669325, 46.096770530472241 ], [ 8.033448341407372, 46.096771210569415 ], [ 8.033677595441695, 46.096963906871132 ], [ 8.033747678156145, 46.097022792075954 ], [ 8.0338057933157, 46.097116168187704 ], [ 8.033765149766197, 46.097169394668271 ], [ 8.0338115052479, 46.097308099109377 ], [ 8.033700223150726, 46.097542018553725 ], [ 8.033700816642641, 46.097542693090041 ], [ 8.033753564777431, 46.097578203276349 ], [ 8.033595903389919, 46.097685115727693 ], [ 8.033591676469369, 46.097839586635956 ], [ 8.033503124360953, 46.097890582722236 ], [ 8.033558068585107, 46.09799865633881 ], [ 8.033460223708699, 46.098079792273502 ], [ 8.033439450449308, 46.098170678216185 ], [ 8.033440134397111, 46.098170890586566 ], [ 8.033440029322474, 46.098171350874466 ], [ 8.033528689192991, 46.098198875076491 ], [ 8.03348963960603, 46.098641217108487 ], [ 8.033594525899476, 46.098965448094994 ], [ 8.033624764167039, 46.099238940493052 ], [ 8.033625294136973, 46.099239266860522 ], [ 8.033625333920687, 46.099239626666517 ], [ 8.033722375268615, 46.099299387005345 ], [ 8.033807027369051, 46.099391594278643 ], [ 8.033724994721513, 46.09952141050141 ], [ 8.033725577215021, 46.099522087505868 ], [ 8.033778499888069, 46.099558349629021 ], [ 8.033837104437133, 46.099517990810362 ], [ 8.03397679569067, 46.099577330292142 ], [ 8.034241959684175, 46.100071078907469 ], [ 8.034242350729725, 46.100071427230731 ], [ 8.034242536959288, 46.100071774002046 ], [ 8.034452401438188, 46.10025869087486 ], [ 8.034666995182805, 46.10031870077227 ], [ 8.034769217525062, 46.100483468913936 ], [ 8.034763138463434, 46.100836441760293 ], [ 8.034351095239169, 46.101307126860888 ], [ 8.034026879392229, 46.101448092353706 ], [ 8.033427620306023, 46.102100297898424 ], [ 8.033088198665759, 46.102199348453112 ], [ 8.03301433716889, 46.102601579255328 ], [ 8.032628505906736, 46.102857111623102 ], [ 8.032108574562109, 46.103789651111363 ], [ 8.031184643960122, 46.104155515022491 ], [ 8.030629238407322, 46.104601111920068 ], [ 8.030116962568048, 46.105017612580063 ], [ 8.029708715172184, 46.105463243312578 ], [ 8.029228397262138, 46.105762807227357 ], [ 8.028213165253804, 46.106301744342765 ], [ 8.027635629985488, 46.106534439679507 ], [ 8.027291517945089, 46.107017779058992 ], [ 8.027070486151018, 46.107209462191257 ], [ 8.026961787745019, 46.107612140378762 ], [ 8.026689768614293, 46.10808844526877 ], [ 8.026221352079498, 46.108403946723534 ], [ 8.026148718382005, 46.108804367366623 ], [ 8.02575560512553, 46.109183614882255 ], [ 8.025663129328647, 46.109412228930942 ], [ 8.025490729667874, 46.109485091563066 ], [ 8.02537361368211, 46.109707716324031 ], [ 8.024817360871348, 46.110120193136517 ], [ 8.02441647668935, 46.110451969526629 ], [ 8.024274002993256, 46.11074570145238 ], [ 8.023836080619228, 46.111037654627282 ], [ 8.023443144535499, 46.111690086076443 ], [ 8.022966043928777, 46.112018203918993 ], [ 8.022583326504678, 46.112406193296387 ], [ 8.022275999115408, 46.112611447071629 ], [ 8.022083506604226, 46.113020499848425 ], [ 8.022022227987071, 46.113410873782492 ], [ 8.021868070563812, 46.113800657032151 ], [ 8.021742261150811, 46.114035107358085 ], [ 8.021960782688533, 46.11436574313894 ], [ 8.021246093310818, 46.114483589953274 ], [ 8.019743725530494, 46.114839550454803 ], [ 8.01897267447036, 46.115302517279979 ], [ 8.018658055955441, 46.115627892281005 ], [ 8.018565243567252, 46.116204998839699 ], [ 8.018576133484979, 46.117058642918387 ], [ 8.018159251774232, 46.117840367166515 ], [ 8.018281461790542, 46.118553834334712 ], [ 8.018150384297348, 46.119147599354996 ], [ 8.018487617055392, 46.119524329791354 ], [ 8.018275047736596, 46.12048187130317 ], [ 8.017834529407319, 46.121769989677141 ], [ 8.017068442019671, 46.123466941899643 ], [ 8.016747719372475, 46.124223241014029 ], [ 8.01609074579166, 46.125272012051418 ], [ 8.016052195439238, 46.125748194367084 ], [ 8.015750026696544, 46.126169392563341 ], [ 8.015221123462007, 46.126364424218139 ], [ 8.01493405287748, 46.126439655025614 ], [ 8.014447708383916, 46.126659114296046 ], [ 8.013831653742512, 46.126994837060522 ], [ 8.013495777766034, 46.127116910936167 ], [ 8.013056248008224, 46.127224847947737 ], [ 8.012824007353387, 46.127322823662475 ], [ 8.012433740988847, 46.127575879673181 ], [ 8.012164508571841, 46.127588941816391 ], [ 8.011395393583323, 46.127484005126163 ], [ 8.009906648394423, 46.127401587903343 ], [ 8.009365162688869, 46.127584241401237 ], [ 8.009001789542516, 46.127478127772413 ], [ 8.007870121215728, 46.126899111629221 ], [ 8.007285312002468, 46.126650175921647 ], [ 8.004989368292311, 46.125816352697612 ], [ 8.004255838028662, 46.12554995480351 ], [ 8.002960728542551, 46.125079606875374 ], [ 8.002375775522346, 46.124812655114823 ], [ 8.000664138003676, 46.124434368167798 ], [ 7.999887268808592, 46.124375261385943 ], [ 7.998549713861252, 46.123887133439197 ], [ 7.997158308227533, 46.123192353361269 ], [ 7.996470662017497, 46.122997845270739 ], [ 7.996016030423281, 46.122820174701545 ], [ 7.994948098637415, 46.122123761646918 ], [ 7.994815607979771, 46.121999979009644 ], [ 7.994492267254591, 46.12169789002909 ], [ 7.994229737947692, 46.121452615603346 ], [ 7.993832062380265, 46.121395997562004 ], [ 7.993802213041331, 46.12139174783875 ], [ 7.992996261792475, 46.121351771812606 ], [ 7.992482009657784, 46.121326264368065 ], [ 7.991989053289099, 46.121193744504872 ], [ 7.991183832351751, 46.120882835542176 ], [ 7.990626230332344, 46.120750626055198 ], [ 7.989888711616261, 46.120736237173858 ], [ 7.988914439338646, 46.120336179587682 ], [ 7.988030006194388, 46.119863710526211 ], [ 7.986512448923738, 46.119466274221921 ], [ 7.986245941488613, 46.119356482039265 ], [ 7.985427192601307, 46.119019184780221 ], [ 7.985109557246887, 46.118888329598512 ], [ 7.984394057229496, 46.118486980750468 ], [ 7.983640234184695, 46.11814903663533 ], [ 7.983257872657189, 46.117977621302565 ], [ 7.982964689751754, 46.11784618536646 ], [ 7.982402667534905, 46.117661602099517 ], [ 7.982289827999311, 46.117624542550097 ], [ 7.982090309054186, 46.11747597938173 ], [ 7.98183368985383, 46.117284898973573 ], [ 7.98179067388737, 46.117263842255184 ], [ 7.981469723668975, 46.117106734117897 ], [ 7.981054722313687, 46.117000779294905 ], [ 7.980729565022333, 46.116822425648451 ], [ 7.980271021505144, 46.116239893067721 ], [ 7.979907067403486, 46.116061723182113 ], [ 7.979686465628841, 46.115990814384709 ], [ 7.979516075404437, 46.115766736871727 ], [ 7.979097705319699, 46.115318952500004 ], [ 7.979120045833308, 46.115011704305779 ], [ 7.979154632106696, 46.114536040664838 ], [ 7.978828326152061, 46.114240742412342 ], [ 7.978464834670415, 46.114107544523058 ], [ 7.977985178296445, 46.114001887648882 ], [ 7.977426968744588, 46.113797650356581 ], [ 7.976519176490362, 46.113559084144718 ], [ 7.975975933538652, 46.113561670622161 ], [ 7.975263676810417, 46.113475082375039 ], [ 7.973861914281124, 46.112986960462329 ], [ 7.972990035459348, 46.112451327176871 ], [ 7.972984832886201, 46.112448964664033 ], [ 7.97292742444457, 46.112422895221741 ], [ 7.971911661281354, 46.111961632410654 ], [ 7.961787641215865, 46.110992419938725 ], [ 7.959807350194499, 46.110848641000686 ], [ 7.957256594903358, 46.110563499187307 ], [ 7.95249265222853, 46.110117492261729 ], [ 7.949811783043679, 46.109742844106513 ], [ 7.948349734034608, 46.109686483209998 ], [ 7.945712471855107, 46.109310011670743 ], [ 7.945558165227315, 46.109278418856803 ], [ 7.945470235467324, 46.109272075767791 ], [ 7.945418686497327, 46.109253029302941 ], [ 7.945377868511551, 46.109255866225688 ], [ 7.945243225741865, 46.109265196226872 ], [ 7.945112671078318, 46.109302547392296 ], [ 7.945054770829082, 46.109297346675731 ], [ 7.944904201463165, 46.109283790618768 ], [ 7.944801277327026, 46.109244868764279 ], [ 7.944522728754342, 46.109203216439617 ], [ 7.944068029127285, 46.109233265288559 ], [ 7.944051948204906, 46.109263535898286 ], [ 7.943981772514385, 46.109269346361053 ], [ 7.943951724376228, 46.109265688299566 ], [ 7.943862675160948, 46.109254847444696 ], [ 7.943690552667022, 46.109232228557339 ], [ 7.943487822960509, 46.109204708651014 ], [ 7.943381059236746, 46.109174240656273 ], [ 7.943073219394919, 46.109087961980883 ], [ 7.942940513373988, 46.10919920207602 ], [ 7.942835623905204, 46.109276475917774 ], [ 7.942686534495922, 46.109369977340023 ], [ 7.942658956563881, 46.109359791344573 ], [ 7.942587636358825, 46.109421019675487 ], [ 7.942501239371858, 46.109370507446151 ], [ 7.942319954087303, 46.109472077266282 ], [ 7.942224944265901, 46.109434278210763 ], [ 7.942189025108876, 46.109419982273174 ], [ 7.942116127249485, 46.109391494041056 ], [ 7.942063002411657, 46.109375358689569 ], [ 7.942032185848332, 46.109365996594541 ], [ 7.94195176691956, 46.109326944829142 ], [ 7.941824188002506, 46.109269185172778 ], [ 7.941682366522975, 46.109208295343436 ], [ 7.941560431377089, 46.109149583690076 ], [ 7.941239655176896, 46.109111396359296 ], [ 7.941231338395861, 46.109110406274411 ], [ 7.940431463999295, 46.109334448620245 ], [ 7.939912574273526, 46.1093436439755 ], [ 7.939113807469334, 46.109114971590188 ], [ 7.938522633034609, 46.109167876237805 ], [ 7.938688292368521, 46.10889727129284 ], [ 7.939128476737308, 46.108441791968772 ], [ 7.939414308532159, 46.108146028461604 ], [ 7.939866984209988, 46.107677623796697 ], [ 7.940350991180964, 46.106865859879335 ], [ 7.940668517050804, 46.106234748497947 ], [ 7.940628066845741, 46.106055014035206 ], [ 7.940658725315804, 46.10596733485491 ], [ 7.940754082766937, 46.105694625123043 ], [ 7.940841009570667, 46.105619069657244 ], [ 7.941138987937569, 46.105360071358191 ], [ 7.941692999157916, 46.105132711552478 ], [ 7.941842017529598, 46.104973539237136 ], [ 7.942141228147682, 46.104653940745237 ], [ 7.942974581576037, 46.10386759421332 ], [ 7.943835604176406, 46.103279023396325 ], [ 7.944067291901098, 46.10316104217307 ], [ 7.944413114420803, 46.102799664925357 ], [ 7.944773780531728, 46.102645121523864 ], [ 7.945323110490283, 46.102335359854742 ], [ 7.945545663811408, 46.102209864262981 ], [ 7.945867946336002, 46.102100468241851 ], [ 7.946252961923116, 46.101783887788166 ], [ 7.946793984259717, 46.101556561109909 ], [ 7.946922459695262, 46.10146602561997 ], [ 7.946569971742472, 46.101107783337788 ], [ 7.946373078911228, 46.100793818925688 ], [ 7.9459415096408, 46.100274007486327 ], [ 7.945551077905527, 46.100005889751841 ], [ 7.945224720180652, 46.099674513202828 ], [ 7.944810268237473, 46.099604406424042 ], [ 7.944356025938052, 46.099426527814693 ], [ 7.94370474953345, 46.09891668767338 ], [ 7.943145992212506, 46.098622327509901 ], [ 7.942627359953153, 46.098471716866946 ], [ 7.942107404316403, 46.098177178387239 ], [ 7.94032271896365, 46.096745809826146 ], [ 7.938987621742259, 46.095828762800558 ], [ 7.93895640976731, 46.095807324025664 ], [ 7.939300983168774, 46.095311032572006 ], [ 7.940517990821196, 46.094073216896369 ], [ 7.941732789908635, 46.092601509445231 ], [ 7.942309625164588, 46.092059194819058 ], [ 7.94282163866972, 46.091499175343699 ], [ 7.943976084606988, 46.090504485448228 ], [ 7.944185192002019, 46.090281526176454 ], [ 7.944552209134343, 46.089890196771108 ], [ 7.94455079336617, 46.089737276117646 ], [ 7.944716780305514, 46.089511639404634 ], [ 7.944909622588278, 46.089393830466051 ], [ 7.944934479175062, 46.089285770508496 ], [ 7.94488772604505, 46.089237649773835 ], [ 7.944412350714878, 46.088748368946625 ], [ 7.944384579535622, 46.088541592170486 ], [ 7.944150874280618, 46.088434690609013 ], [ 7.943233446307588, 46.087089440101273 ], [ 7.942623765382961, 46.086867271464783 ], [ 7.942195243039066, 46.086662282901379 ], [ 7.940485068257002, 46.086265093019229 ], [ 7.940289750305172, 46.086113034367038 ], [ 7.939926292870394, 46.085952726553771 ], [ 7.939634872480861, 46.085867348624689 ], [ 7.939472592357586, 46.085819805139899 ], [ 7.939325441682443, 46.085708073091794 ], [ 7.938235844309527, 46.084880737804596 ], [ 7.938027626445312, 46.08480944261229 ], [ 7.937976476639271, 46.084791928575868 ], [ 7.937690269622232, 46.084595289067202 ], [ 7.937669296717514, 46.084445329212805 ], [ 7.937621116371972, 46.084100831504941 ], [ 7.937295476485501, 46.083832399784093 ], [ 7.937233350979327, 46.083719307456199 ], [ 7.937098289162218, 46.083473442975603 ], [ 7.936902334570401, 46.083249415826906 ], [ 7.936964098405412, 46.082934293825595 ], [ 7.936767326438411, 46.08262031312848 ], [ 7.936339269039577, 46.082460279034656 ], [ 7.936052015876641, 46.082146696082972 ], [ 7.935733099184048, 46.081944871245874 ], [ 7.935557940905653, 46.081834023203662 ], [ 7.934997043991001, 46.081328389655312 ], [ 7.934515245819905, 46.0808940615061 ], [ 7.933824127762275, 46.080601650779506 ], [ 7.933736649991819, 46.080564639102356 ], [ 7.933150898443752, 46.080117422610954 ], [ 7.93298893680713, 46.079964479297104 ], [ 7.932629380301012, 46.079624943560688 ], [ 7.931783100056293, 46.078953967915858 ], [ 7.931624768321822, 46.078770292676452 ], [ 7.93111323189567, 46.078176876733323 ], [ 7.93106463924549, 46.078120506058902 ], [ 7.930804748415264, 46.077968713045863 ], [ 7.930646968495239, 46.077672543358176 ], [ 7.930581481342642, 46.07693557246666 ], [ 7.930575054344915, 46.076863245146619 ], [ 7.930564778167947, 46.076797888753021 ], [ 7.930437949769285, 46.075991261271945 ], [ 7.930394480511356, 46.075469701011563 ], [ 7.930005353857127, 46.075318469322013 ], [ 7.929265155260681, 46.074934875364988 ], [ 7.929069909138961, 46.074782797421328 ], [ 7.929067245872687, 46.074485951478536 ], [ 7.929241825123319, 46.073883930596807 ], [ 7.929255305435149, 46.073837444950982 ], [ 7.929012170866498, 46.07266906316066 ], [ 7.928981642160988, 46.072147446350797 ], [ 7.928655954847516, 46.07186099929573 ], [ 7.928588512012263, 46.071546443348517 ], [ 7.928742956509415, 46.071473807247969 ], [ 7.928587463936258, 46.071429504066792 ], [ 7.928440050486008, 46.071288859889826 ], [ 7.928352815360094, 46.071205630629088 ], [ 7.928299988252898, 46.071092518089024 ], [ 7.928260574475743, 46.07100812595241 ], [ 7.927872854094236, 46.071009807555392 ], [ 7.927355089375829, 46.070922094318554 ], [ 7.927088892472722, 46.070739106935903 ], [ 7.927055989072536, 46.070716488689747 ], [ 7.927037702305507, 46.07067908159604 ], [ 7.926924339251113, 46.070447188096701 ], [ 7.926806706564501, 46.069974088298672 ], [ 7.926790281039947, 46.069908027473467 ], [ 7.926238256748115, 46.068875911391544 ], [ 7.925061134491309, 46.067306748735469 ], [ 7.924733657122308, 46.066813397925451 ], [ 7.924277356129761, 46.066365579087368 ], [ 7.923519450191906, 46.065424293008718 ], [ 7.923257009610792, 46.064975636953349 ], [ 7.922837511970118, 46.064302762669399 ], [ 7.921858232977256, 46.063164510905253 ], [ 7.921496412454006, 46.06316605987584 ], [ 7.920179698598213, 46.063324613306079 ], [ 7.919624281336977, 46.063353969308665 ], [ 7.918369406362863, 46.063197389625472 ], [ 7.915873306742275, 46.062965091645196 ], [ 7.91529220340742, 46.063012526249608 ], [ 7.914581251225006, 46.062988540335823 ], [ 7.914235137089378, 46.063048417976795 ], [ 7.913355445326617, 46.063200604386161 ], [ 7.912941935613311, 46.063202343322715 ], [ 7.912488100227012, 46.063024336875529 ], [ 7.911932214711551, 46.062999682939996 ], [ 7.911626529530759, 46.062824515898839 ], [ 7.9115426057607, 46.062776424988947 ], [ 7.910349506217693, 46.062286657805792 ], [ 7.909662704846044, 46.062064635448237 ], [ 7.909273111856013, 46.061841369666467 ], [ 7.908986741763194, 46.061599681006108 ], [ 7.908574652946825, 46.061434266704701 ], [ 7.908143889485648, 46.061261356317011 ], [ 7.90788298480526, 46.06097458065242 ], [ 7.907816061058351, 46.060704989279053 ], [ 7.907734978584143, 46.060275305131889 ], [ 7.907733969731191, 46.060269958870265 ], [ 7.906673964859489, 46.058888543083668 ], [ 7.906673511696874, 46.058887952514695 ], [ 7.905466059903966, 46.057885236520868 ], [ 7.905465368009228, 46.057884661943959 ], [ 7.905907645828956, 46.057640236419395 ], [ 7.905197947726633, 46.056910918380225 ], [ 7.90466012717127, 46.05723044465784 ], [ 7.904489172976006, 46.057099006691338 ], [ 7.904488832692383, 46.057098745064607 ], [ 7.903755331945608, 46.055569025600725 ], [ 7.903755204694549, 46.055568760218009 ], [ 7.903725068865278, 46.055539634341379 ], [ 7.902854690100952, 46.05469842488651 ], [ 7.901776221219037, 46.053983205460199 ], [ 7.900414075802306, 46.053332106820143 ], [ 7.900023824106834, 46.053018855905179 ], [ 7.899567083076987, 46.052480984255702 ], [ 7.899177069566053, 46.052194716430961 ], [ 7.898463089001534, 46.051792824817639 ], [ 7.897036477655258, 46.050811063793532 ], [ 7.896903705287324, 46.050719692912281 ], [ 7.896117791559734, 46.049436506267675 ], [ 7.895856405019888, 46.049077740419129 ], [ 7.895465834244968, 46.048719497179952 ], [ 7.895373149435276, 46.048450003362582 ], [ 7.895435338968289, 46.048161891205588 ], [ 7.895432484269691, 46.047820068596515 ], [ 7.895128600932418, 46.047011691478311 ], [ 7.894621109406258, 46.046152990003307 ], [ 7.89459612210269, 46.046110710214727 ], [ 7.894579328293933, 46.046078556611072 ], [ 7.894071056397403, 46.045105413868569 ], [ 7.894071007646366, 46.045105320529316 ], [ 7.893810179330083, 46.044809526390544 ], [ 7.893161895362744, 46.044524289111315 ], [ 7.892681100404318, 46.044184400335993 ], [ 7.892380425629486, 46.043718322640949 ], [ 7.892380113380638, 46.043717838622221 ], [ 7.891925170478649, 46.043333194404248 ], [ 7.891924792783564, 46.043332875071357 ], [ 7.891728050075329, 46.042973840308015 ], [ 7.891725801982197, 46.042703980470947 ], [ 7.891659576365172, 46.04250634262339 ], [ 7.891373124207346, 46.042166322714657 ], [ 7.891372566761737, 46.042165661024391 ], [ 7.891071498292903, 46.041672305633206 ], [ 7.891071378860187, 46.041672109921002 ], [ 7.890745477632692, 46.041313600509866 ], [ 7.890290262730706, 46.040937607781053 ], [ 7.889961896186965, 46.04028225039535 ], [ 7.889799834317112, 46.039428305345574 ], [ 7.889630065033087, 46.039204102638017 ], [ 7.88930478073828, 46.038917542770903 ], [ 7.888500410133416, 46.038488972751622 ], [ 7.888242096134603, 46.038490020670025 ], [ 7.887274502038697, 46.038628825629601 ], [ 7.886719110359766, 46.03863104224726 ], [ 7.88652428115032, 46.038452280350256 ], [ 7.886523891822741, 46.038451923130019 ], [ 7.886196039806442, 46.037850517853094 ], [ 7.885736033342813, 46.036880815192553 ], [ 7.88564214140325, 46.036458393221196 ], [ 7.885463336173144, 46.035127732189707 ], [ 7.885481827789868, 46.032653855388482 ], [ 7.885434242297264, 46.031574561127009 ], [ 7.885532611644682, 46.03097145624789 ], [ 7.885553284781427, 46.030341681379028 ], [ 7.885390954043748, 46.029442745259011 ], [ 7.885022531472733, 46.02860763019131 ], [ 7.884928452084118, 46.028158221974643 ], [ 7.884885649615398, 46.027663614775918 ], [ 7.884979628489777, 46.026520791420971 ], [ 7.885293409536252, 46.025413080180144 ], [ 7.88492653024679, 46.024766848921097 ], [ 7.884400833603304, 46.023644486300178 ], [ 7.884333597098268, 46.023303485932921 ], [ 7.884333485407309, 46.023302919474894 ], [ 7.884009993071264, 46.023169440492495 ], [ 7.884009568147365, 46.023169265160952 ], [ 7.883851162864098, 46.022747097225363 ], [ 7.883715337342559, 46.021911765552673 ], [ 7.883715219797073, 46.02191104264385 ] ] ] } },
{ "type": "Feature", "properties": { "geo_point_2d": { "lon": 7.79421558650573, "lat": 46.21693729478323 }, "year": "2023", "kan_code": [ "23" ], "kan_name": [ "Valais" ], "bez_code": [ "2306", "2309", "2313" ], "bez_name": [ "Leuk", "Raron", "Visp" ], "gem_code": [ "6104", "6201", "6283", "6292", "6296" ], "gem_name": [ "Embd", "Ergisch", "St. Niklaus", "Törbel", "Unterbäch" ], "plz_code": [ "3926" ], "plz_area_code": "CHE", "plz_type": "PLZ4/NPA4" }, "geometry": { "type": "Polygon", "coordinates": [ [ [ 7.754183646319665, 46.204369732370346 ], [ 7.754226816297562, 46.204389987244511 ], [ 7.754281712263421, 46.204435019451374 ], [ 7.754376979336883, 46.204524845418426 ], [ 7.754377311342084, 46.204525310158857 ], [ 7.754433759119255, 46.204604325680847 ], [ 7.754424623208172, 46.204668957992602 ], [ 7.754425174158067, 46.204669044271476 ], [ 7.754999722333355, 46.204759018640509 ], [ 7.755905956570631, 46.204639521751488 ], [ 7.756229866652816, 46.204638613807958 ], [ 7.756618176366837, 46.204574545494665 ], [ 7.75696719803048, 46.20443862999133 ], [ 7.757612992458939, 46.204094959634219 ], [ 7.758324241894517, 46.203868044407905 ], [ 7.759037491705075, 46.203982972195874 ], [ 7.759335579108477, 46.204000119717136 ], [ 7.759788765027333, 46.203953848053168 ], [ 7.760396358282105, 46.203727222669208 ], [ 7.760628405938107, 46.203528658486213 ], [ 7.761596617867692, 46.202941147091494 ], [ 7.762307142331109, 46.202597274134611 ], [ 7.763146569166943, 46.202145061383035 ], [ 7.763988019378835, 46.202034689771082 ], [ 7.765022852504605, 46.201761832651208 ], [ 7.766019323424614, 46.201579033594804 ], [ 7.766447491575541, 46.201685742770273 ], [ 7.767704685630227, 46.201772034659143 ], [ 7.768545957742981, 46.201634642555668 ], [ 7.769257129510417, 46.201407667483466 ], [ 7.76990451562588, 46.201342796558464 ], [ 7.770682902341716, 46.201520411823346 ], [ 7.770851840608793, 46.201609872926966 ], [ 7.771499323923354, 46.201562974912569 ], [ 7.772082841684285, 46.201651187605748 ], [ 7.772562279753144, 46.201667756947387 ], [ 7.772990228023885, 46.201738450330893 ], [ 7.773250158754029, 46.201872608460754 ], [ 7.773705884582912, 46.202249096772093 ], [ 7.774679901111218, 46.202633095804487 ], [ 7.77506939471097, 46.202766892145739 ], [ 7.775160748252056, 46.202874577690004 ], [ 7.77545916781991, 46.202945673665006 ], [ 7.776068464263159, 46.203006856100551 ], [ 7.776716114115523, 46.202986950701359 ], [ 7.777984171603127, 46.202731215344052 ], [ 7.778655753863889, 46.202396342584365 ], [ 7.778914580130498, 46.202350577613842 ], [ 7.77930333908404, 46.202367381864129 ], [ 7.779926194126522, 46.202527401095047 ], [ 7.781351383906689, 46.20254102424817 ], [ 7.782415065859612, 46.20274467285148 ], [ 7.783101728628996, 46.202742558706383 ], [ 7.783582923976788, 46.203028937175887 ], [ 7.784270628595568, 46.203188734902966 ], [ 7.784270928085431, 46.203189233604583 ], [ 7.784362298843211, 46.203341381474068 ], [ 7.784362868639347, 46.203431336482687 ], [ 7.784531874128924, 46.2035207680117 ], [ 7.784882430056199, 46.203636631220242 ], [ 7.78569924520149, 46.203724059945593 ], [ 7.786088614680255, 46.203830804754624 ], [ 7.787842913383865, 46.204634946149348 ], [ 7.788037251313837, 46.204634346548183 ], [ 7.788385791312344, 46.204435356441266 ], [ 7.78907200020907, 46.204361251028999 ], [ 7.789719802772868, 46.204359216979377 ], [ 7.791756442412399, 46.204739633960337 ], [ 7.792119815587779, 46.204828438765063 ], [ 7.792119930452833, 46.204828882589915 ], [ 7.792212863914044, 46.205187966387818 ], [ 7.792192656478018, 46.206060610452518 ], [ 7.792288356470392, 46.206824935383452 ], [ 7.792292462942128, 46.207454620204537 ], [ 7.792361378821099, 46.208084102579569 ], [ 7.792304996631179, 46.20937065216814 ], [ 7.79144183483118, 46.210137996072 ], [ 7.791248943420439, 46.210363498000532 ], [ 7.791121837467149, 46.210741712406346 ], [ 7.79082731566709, 46.211282387812822 ], [ 7.790802864928814, 46.211507337919365 ], [ 7.790636635502195, 46.21184970872423 ], [ 7.790805980607902, 46.211984099373467 ], [ 7.79132458856598, 46.212027454566972 ], [ 7.791518371084059, 46.21193688496723 ], [ 7.792320996937194, 46.211817409769743 ], [ 7.793072548727779, 46.211815041627801 ], [ 7.793527447848231, 46.212020490432103 ], [ 7.795083412109007, 46.212168484341205 ], [ 7.795628247705259, 46.212256706643068 ], [ 7.796056747554355, 46.212390281050162 ], [ 7.797223583422957, 46.212476512446258 ], [ 7.797742674672396, 46.212591784163571 ], [ 7.798261306905536, 46.212635107461438 ], [ 7.798417096512886, 46.212679581956927 ], [ 7.798805842485103, 46.212678336986002 ], [ 7.799168375661933, 46.212632186720185 ], [ 7.799621910063342, 46.212630732612887 ], [ 7.800140961284363, 46.212737006764208 ], [ 7.801009145399899, 46.21273420438763 ], [ 7.801592527140613, 46.212860389318664 ], [ 7.801809249379116, 46.212869859475148 ], [ 7.802226593215475, 46.212922763993426 ], [ 7.802565802707385, 46.212976008110388 ], [ 7.802692977968349, 46.213003845710851 ], [ 7.802843013098229, 46.21302027506627 ], [ 7.803060031183914, 46.213073910706797 ], [ 7.803476810596488, 46.213041983081098 ], [ 7.803603767459246, 46.213037076052544 ], [ 7.803730929718177, 46.213043502787514 ], [ 7.803889059960638, 46.213068990296378 ], [ 7.804032343146434, 46.213063940157625 ], [ 7.804459433068189, 46.213101062524814 ], [ 7.804620932410463, 46.213145788900974 ], [ 7.804720410452287, 46.213159050778494 ], [ 7.804809873329211, 46.213147426899134 ], [ 7.804923636929455, 46.213107477865307 ], [ 7.805014715944982, 46.213085683464769 ], [ 7.805221508296968, 46.213082765158568 ], [ 7.805322875831477, 46.213126515777638 ], [ 7.805409221205406, 46.213133072814287 ], [ 7.805651450181313, 46.213062121453603 ], [ 7.805910371129815, 46.213045449395032 ], [ 7.806120022265048, 46.21298602723131 ], [ 7.80626799322954, 46.212945965801566 ], [ 7.806543369489818, 46.212948399676442 ], [ 7.806980178595166, 46.212985480928815 ], [ 7.80712516141155, 46.21300192103665 ], [ 7.80725041037252, 46.212974436280774 ], [ 7.807370902412074, 46.212971705029908 ], [ 7.807783664960652, 46.21305518930437 ], [ 7.807917429158867, 46.213098831964217 ], [ 7.80809188035478, 46.213103930095201 ], [ 7.808399828946627, 46.213132340654283 ], [ 7.80864797433645, 46.213150960623373 ], [ 7.809062449957827, 46.213314496299347 ], [ 7.809465738342023, 46.213452249469469 ], [ 7.809765802875797, 46.213464220018693 ], [ 7.809941050039758, 46.213414708832076 ], [ 7.810166918362754, 46.213282450799475 ], [ 7.810451553490382, 46.213103041806988 ], [ 7.810605033895573, 46.212997198073374 ], [ 7.810754867346576, 46.212945700103951 ], [ 7.811081105494321, 46.212824894639269 ], [ 7.811154673829052, 46.212819974829308 ], [ 7.811526041943809, 46.212685705940615 ], [ 7.811719297080581, 46.212598350754206 ], [ 7.811785121764065, 46.212446466417816 ], [ 7.811936497831646, 46.212242034997644 ], [ 7.812260778319716, 46.212101262121621 ], [ 7.812622762932708, 46.211865729061429 ], [ 7.812933031644392, 46.211666348607444 ], [ 7.813355257611223, 46.21156195112593 ], [ 7.813547663701166, 46.211484041081405 ], [ 7.813663784830128, 46.211341766048832 ], [ 7.813750043779669, 46.211236079039367 ], [ 7.814036955415547, 46.210882316856384 ], [ 7.814286555653581, 46.210718217031364 ], [ 7.814566329214052, 46.210589369533601 ], [ 7.814770015232225, 46.210456816068948 ], [ 7.814959688370965, 46.210415615116531 ], [ 7.815134749052648, 46.210341178374904 ], [ 7.815253057418696, 46.210267020141337 ], [ 7.815255212965449, 46.210203863194572 ], [ 7.815345816790935, 46.210133305351398 ], [ 7.815395330981814, 46.209985611180478 ], [ 7.815493110141441, 46.209865912845054 ], [ 7.815948103596301, 46.209630958952317 ], [ 7.816483223949707, 46.209665876509455 ], [ 7.816937584986704, 46.209527444531439 ], [ 7.816944503159895, 46.209441332609352 ], [ 7.817093268454609, 46.209368869785827 ], [ 7.817202106976207, 46.209368505858031 ], [ 7.817277649285757, 46.209331370851935 ], [ 7.817272364475883, 46.209298014499687 ], [ 7.817476824109965, 46.209241197289145 ], [ 7.817633029430488, 46.209158093930903 ], [ 7.817807510331546, 46.209150492982523 ], [ 7.817918285586811, 46.209074647990462 ], [ 7.818044671707212, 46.209063699488667 ], [ 7.818269276051928, 46.208978656789917 ], [ 7.818460753929884, 46.208881400696662 ], [ 7.818599751380694, 46.208858085151853 ], [ 7.818837631699625, 46.208874828031625 ], [ 7.818986238901409, 46.208798854912018 ], [ 7.819130318275934, 46.208761128523442 ], [ 7.819569148772006, 46.208701540415902 ], [ 7.820012353187072, 46.208748804737866 ], [ 7.820182985608955, 46.20869137692047 ], [ 7.820631220546281, 46.208827859171663 ], [ 7.821376519345254, 46.208809958966057 ], [ 7.821715592552192, 46.208826263627053 ], [ 7.82190829169238, 46.208793136856478 ], [ 7.82207418679794, 46.208596558772385 ], [ 7.822347503374307, 46.208493351520801 ], [ 7.824926564880554, 46.209488445529026 ], [ 7.826744782872112, 46.210624680018284 ], [ 7.828467819468307, 46.210904372726631 ], [ 7.829504488509111, 46.212022885819842 ], [ 7.829663142554722, 46.212282853450581 ], [ 7.82963875784747, 46.212532658415427 ], [ 7.829864502410883, 46.212661326611155 ], [ 7.829994920408074, 46.212832243953123 ], [ 7.830221481632016, 46.213218815462831 ], [ 7.830134095391291, 46.213230182438132 ], [ 7.83018490608623, 46.213503026325988 ], [ 7.83020592821108, 46.21361548987295 ], [ 7.830375769932768, 46.214015741849252 ], [ 7.83175516595561, 46.215120094447265 ], [ 7.833470826592013, 46.215304535517959 ], [ 7.83579714002506, 46.216948360559144 ], [ 7.837371330977913, 46.218408983560913 ], [ 7.839339346545488, 46.219789641175993 ], [ 7.839522236092505, 46.219812742356694 ], [ 7.83904765599784, 46.220228838436519 ], [ 7.839036893075705, 46.220238275009521 ], [ 7.838755412616766, 46.220734034404188 ], [ 7.838418393315177, 46.221216435215901 ], [ 7.838396300245431, 46.22124805867108 ], [ 7.838205634848033, 46.221686081689249 ], [ 7.838141387407129, 46.221833679829025 ], [ 7.837859232107075, 46.222239482222797 ], [ 7.837757724243681, 46.22253669864314 ], [ 7.837629110460771, 46.222672087674454 ], [ 7.83694080573478, 46.2231263171685 ], [ 7.836532750261163, 46.223395603175589 ], [ 7.836529378628697, 46.223399073047737 ], [ 7.836339788933071, 46.223594186842256 ], [ 7.836186231899209, 46.223864597517064 ], [ 7.836100964443768, 46.223924380656598 ], [ 7.835605959975369, 46.224271440634553 ], [ 7.834212097573664, 46.22508593327516 ], [ 7.834083990720057, 46.225293282154702 ], [ 7.833605224844712, 46.225402901858857 ], [ 7.833243494726128, 46.225566085958363 ], [ 7.832895178471652, 46.225792192162935 ], [ 7.831887927931494, 46.226308450563614 ], [ 7.831242662866328, 46.226697505396345 ], [ 7.831085015509932, 46.226814333509353 ], [ 7.830791418121422, 46.227031910446051 ], [ 7.830120536972871, 46.227466026090589 ], [ 7.829863247455989, 46.227736786670498 ], [ 7.829605310528343, 46.227917591792846 ], [ 7.829074744480434, 46.228363948378878 ], [ 7.828529707870823, 46.228822478813093 ], [ 7.828510152641126, 46.228838930309756 ], [ 7.827567676833057, 46.229363922579097 ], [ 7.827153991153741, 46.229518269783028 ], [ 7.827149247516287, 46.229515213787984 ], [ 7.825487229320088, 46.228444491283256 ], [ 7.825030581432461, 46.228023252187015 ], [ 7.824288601127663, 46.227575996308964 ], [ 7.823662966232526, 46.227083361524997 ], [ 7.823658196303578, 46.227081062467448 ], [ 7.822921643770866, 46.226726051590539 ], [ 7.822596983124408, 46.226637195894433 ], [ 7.822595606379307, 46.226635495583601 ], [ 7.822466232919584, 46.226475716482483 ], [ 7.821944820260459, 46.226054684606595 ], [ 7.821711333866869, 46.226028487642623 ], [ 7.821232599705851, 46.226147050396825 ], [ 7.821036734793925, 46.225940810825094 ], [ 7.820022638824919, 46.225494445830286 ], [ 7.81954202112853, 46.225343136662808 ], [ 7.818698442887236, 46.225184048612945 ], [ 7.817274947789009, 46.225503667157163 ], [ 7.816980156104771, 46.225981424724267 ], [ 7.816529951440637, 46.22647769167137 ], [ 7.816120489675649, 46.227243692059432 ], [ 7.814954910332263, 46.227382507069201 ], [ 7.814400178963934, 46.22776216865109 ], [ 7.813598430424179, 46.228034697257591 ], [ 7.812046139608389, 46.228489611489024 ], [ 7.811787216816446, 46.228535443462796 ], [ 7.811073595276218, 46.228429844260646 ], [ 7.810710979773503, 46.228476014740608 ], [ 7.810231403441788, 46.228477589404321 ], [ 7.809778178582206, 46.228542045567046 ], [ 7.808805635806597, 46.228482258812647 ], [ 7.808248412119683, 46.228502070233255 ], [ 7.807704636480449, 46.228593800662416 ], [ 7.806346280890454, 46.228985034293913 ], [ 7.805854343894166, 46.22907658746513 ], [ 7.805335877122223, 46.229078267424292 ], [ 7.804856597302241, 46.229124796774911 ], [ 7.804299968624592, 46.229234543732964 ], [ 7.804171135203494, 46.229351903686165 ], [ 7.804107230587467, 46.229487045374327 ], [ 7.804147743389731, 46.229729798436168 ], [ 7.804084923091017, 46.230026859151749 ], [ 7.803917743719264, 46.230225303810549 ], [ 7.803698173322311, 46.23034295583836 ], [ 7.803375748087671, 46.230586878479563 ], [ 7.803275840331958, 46.231153929070764 ], [ 7.802799363128265, 46.231623238343367 ], [ 7.802568923034472, 46.232055772485609 ], [ 7.802349462299762, 46.232191412908335 ], [ 7.801313485950226, 46.232347661848166 ], [ 7.800148236471963, 46.232558288133148 ], [ 7.799113138548916, 46.232849449476142 ], [ 7.798724736432253, 46.23292265051105 ], [ 7.797846064484672, 46.233348238205849 ], [ 7.797459136504504, 46.233646322560205 ], [ 7.796789030142058, 46.234251154951181 ], [ 7.795975784902012, 46.234775473745664 ], [ 7.795497623956638, 46.235001873561806 ], [ 7.794785946251711, 46.235202018726206 ], [ 7.794035139307917, 46.235366299395423 ], [ 7.793575518376905, 46.235320153323713 ], [ 7.79325085446506, 46.235231222250505 ], [ 7.792342241839741, 46.235054167249849 ], [ 7.79127880212456, 46.234985526376057 ], [ 7.790889212390566, 46.23487879026333 ], [ 7.789874881794846, 46.234387185994287 ], [ 7.789485112562096, 46.234253458549439 ], [ 7.789030832709797, 46.234164907788056 ], [ 7.788057149202606, 46.233943032253947 ], [ 7.787926368777799, 46.233763521806239 ], [ 7.7878959118088, 46.233061942950329 ], [ 7.78798478075478, 46.232773797851529 ], [ 7.787584592119321, 46.231020845105903 ], [ 7.787621566486549, 46.230723864484787 ], [ 7.787553738344509, 46.230256297665242 ], [ 7.787448994356175, 46.230094697894401 ], [ 7.787481960830102, 46.229177018230132 ], [ 7.787610126353177, 46.228951731232982 ], [ 7.787632398183971, 46.228384916312457 ], [ 7.787343353467687, 46.227783086540143 ], [ 7.786968684689529, 46.225958097107295 ], [ 7.78670483567633, 46.225239235427154 ], [ 7.786676605731317, 46.224879485766401 ], [ 7.786763260706691, 46.224249512474294 ], [ 7.786758930706567, 46.223574961336325 ], [ 7.786758929930344, 46.223574840412063 ], [ 7.786563262326994, 46.223377536622635 ], [ 7.786302909389919, 46.223198422458651 ], [ 7.785756949103149, 46.222948217967193 ], [ 7.785392233269426, 46.222661455347051 ], [ 7.785132287613342, 46.2225453250431 ], [ 7.784780823173471, 46.222303498346207 ], [ 7.783675633268642, 46.221740142797088 ], [ 7.7828297061163, 46.221184984558256 ], [ 7.782401182397714, 46.221051350871207 ], [ 7.78181742686351, 46.220963182455002 ], [ 7.780974465532474, 46.220875785843525 ], [ 7.780197262730603, 46.22094111121659 ], [ 7.779677354748363, 46.220699803622693 ], [ 7.778806898363701, 46.220360585625812 ], [ 7.778183997299016, 46.220227519656802 ], [ 7.777768172659024, 46.220048869978989 ], [ 7.777508032189565, 46.219896722107428 ], [ 7.777014832933137, 46.219781252918132 ], [ 7.776366469445961, 46.219720227454758 ], [ 7.775912152515913, 46.219604637508894 ], [ 7.775262682474327, 46.219363686471937 ], [ 7.774588892665189, 46.219383687490065 ], [ 7.773190632235798, 46.219612754375873 ], [ 7.772348145826595, 46.21959726649326 ], [ 7.771997691541432, 46.219508341784504 ], [ 7.771543934433963, 46.219482689409126 ], [ 7.770637748083699, 46.219647298490671 ], [ 7.770249620637596, 46.219756392635077 ], [ 7.769822121795539, 46.219784639499267 ], [ 7.76966698998429, 46.219848062731515 ], [ 7.769603296594778, 46.220028162364976 ], [ 7.769409885053665, 46.220190667506884 ], [ 7.768917978502169, 46.22028206873739 ], [ 7.768335611716721, 46.220418709547005 ], [ 7.767881318979156, 46.220303087256504 ], [ 7.767687087600645, 46.22033063871352 ], [ 7.767337828284579, 46.220439609899707 ], [ 7.766523167624962, 46.220738846352319 ], [ 7.765617199594725, 46.220939388120662 ], [ 7.764943830001179, 46.2210312957029 ], [ 7.764491056382139, 46.221167552230824 ], [ 7.76378042338066, 46.221529430233375 ], [ 7.763457121892323, 46.221647301542625 ], [ 7.762771021112318, 46.221784202010454 ], [ 7.762453583708895, 46.222056608300768 ], [ 7.762319487520903, 46.221764501988275 ], [ 7.762184416548922, 46.22147027227048 ], [ 7.761864193852285, 46.220772720218541 ], [ 7.761406347341111, 46.220054372098787 ], [ 7.760944645781882, 46.219889387540036 ], [ 7.760294441031198, 46.219657043200392 ], [ 7.760107636746758, 46.219590290507391 ], [ 7.759847494913537, 46.219429106448416 ], [ 7.759630772476606, 46.219227744941577 ], [ 7.759586878517207, 46.219186962113866 ], [ 7.758806256968833, 46.218667422475107 ], [ 7.758324131144161, 46.21821900078136 ], [ 7.758193223249684, 46.217994478459694 ], [ 7.757308592935989, 46.21741225229497 ], [ 7.756826228362143, 46.216918846635373 ], [ 7.75662276186072, 46.216602982548437 ], [ 7.756525451380102, 46.21645191647174 ], [ 7.75630410642526, 46.216272624123853 ], [ 7.755134541268074, 46.215709171212417 ], [ 7.754809431873322, 46.215512174526495 ], [ 7.754614013257767, 46.215332806528103 ], [ 7.754354064141904, 46.215198596411412 ], [ 7.754028804689443, 46.214974610922354 ], [ 7.753703028678404, 46.214660669294013 ], [ 7.753466770474437, 46.214139577672555 ], [ 7.753244563600536, 46.213807355504763 ], [ 7.75320397866473, 46.213510611305658 ], [ 7.753213596168679, 46.21347041492055 ], [ 7.75330520539137, 46.213087533913779 ], [ 7.753308027939447, 46.212952542021824 ], [ 7.753310097990922, 46.212853539220959 ], [ 7.753325520346461, 46.212115945778443 ], [ 7.753389271294703, 46.211935855362526 ], [ 7.753386833466362, 46.211513065953284 ], [ 7.753253888223261, 46.210928717218046 ], [ 7.753292086298486, 46.21081166748418 ], [ 7.753446692654062, 46.210658311583401 ], [ 7.753548794382748, 46.210388157849849 ], [ 7.7533531390107, 46.210163810122424 ], [ 7.753378379161441, 46.210046796367784 ], [ 7.753183140383155, 46.209894412497903 ], [ 7.753117681003597, 46.209777650663341 ], [ 7.753115245380161, 46.20935486129342 ], [ 7.753178319978098, 46.209057829283054 ], [ 7.753112136128218, 46.208815130195745 ], [ 7.753110426065735, 46.20851827809819 ], [ 7.752886535491127, 46.207889203230742 ], [ 7.752884619561267, 46.207556369072762 ], [ 7.753167615872817, 46.207343069341633 ], [ 7.753534065147105, 46.207066869516801 ], [ 7.753723162914183, 46.206924342914057 ], [ 7.753748296919433, 46.20678933806164 ], [ 7.753655785339546, 46.206474747283082 ], [ 7.753719892015337, 46.20635762534846 ], [ 7.753855210850497, 46.206278692177889 ], [ 7.753874848120886, 46.206267237512236 ], [ 7.753881435122381, 46.20622451745654 ], [ 7.753912314287231, 46.206024250363342 ], [ 7.754001189036548, 46.205709154769231 ], [ 7.754297879942446, 46.205483436651484 ], [ 7.754297203772394, 46.205366494942233 ], [ 7.754127371406901, 46.205124085352502 ], [ 7.754165043621376, 46.204917080197582 ], [ 7.754242048160186, 46.204853665475866 ], [ 7.754384254272222, 46.204736556002054 ], [ 7.754377991449037, 46.204708945194959 ], [ 7.75434050019128, 46.204543658094401 ], [ 7.754183646319665, 46.204369732370346 ] ] ] } },
{ "type": "Feature", "properties": { "geo_point_2d": { "lon": 7.611386392624698, "lat": 46.14916086095841 }, "year": "2023", "kan_code": [ "23" ], "kan_name": [ "Valais" ], "bez_code": [ "2305", "2306", "2311", "2313" ], "bez_name": [ "Hérens", "Leuk", "Sierre", "Visp" ], "gem_code": [ "6083", "6087", "6090", "6101", "6112", "6232", "6238", "6252", "6287", "6300" ], "gem_name": [ "Agarn", "Anniviers", "Chalais", "Evolène", "Grône", "Mont-Noble", "Oberems", "Randa", "Saint-Martin (VS)", "Zermatt" ], "plz_code": [ "3961" ], "plz_area_code": "CHE", "plz_type": "PLZ4/NPA4" }, "geometry": { "type": "Polygon", "coordinates": [ [ [ 7.611939839046229, 46.034288214172676 ], [ 7.612055419630109, 46.034299533025184 ], [ 7.61239203809922, 46.034332498205636 ], [ 7.612611610753746, 46.034413304247735 ], [ 7.612805820769323, 46.034484776456921 ], [ 7.613747319624128, 46.034664903705526 ], [ 7.613878487477922, 46.034689998695804 ], [ 7.614089201269996, 46.034736252088372 ], [ 7.61469840002227, 46.034869976173368 ], [ 7.614977096291249, 46.034931152272996 ], [ 7.61668235912987, 46.035045396290037 ], [ 7.617039693414001, 46.035100110792207 ], [ 7.61726385900866, 46.035134434699707 ], [ 7.617720483764267, 46.035244552222331 ], [ 7.617746719080571, 46.035250879010356 ], [ 7.617819701915609, 46.035268479214658 ], [ 7.618028577253596, 46.035351164984284 ], [ 7.618130532526059, 46.035391525183108 ], [ 7.618272342551974, 46.035447662356823 ], [ 7.618883276798245, 46.035416708894346 ], [ 7.618913773775932, 46.035415163741064 ], [ 7.620106089716719, 46.035354754119311 ], [ 7.620296092855068, 46.035229329663018 ], [ 7.620789107649394, 46.034903881814841 ], [ 7.620880220881428, 46.034879304897096 ], [ 7.621573943377591, 46.034692179928001 ], [ 7.621627876842817, 46.034677631894645 ], [ 7.621975533962703, 46.034362226741273 ], [ 7.622064261155343, 46.034318897078904 ], [ 7.622529985391261, 46.034091462024335 ], [ 7.622723023648396, 46.03388425171925 ], [ 7.622592740674071, 46.03355163039906 ], [ 7.622618028551473, 46.033389670402066 ], [ 7.62268197595709, 46.033209656527568 ], [ 7.622908273679426, 46.032926638758823 ], [ 7.623011606578085, 46.032797406143864 ], [ 7.623042079434589, 46.032759295464864 ], [ 7.62349297633549, 46.032425726326871 ], [ 7.623809157277086, 46.032038215217675 ], [ 7.623890431275626, 46.031938605870053 ], [ 7.624007440056978, 46.031795200001191 ], [ 7.624215045968578, 46.03173082878849 ], [ 7.624678289771756, 46.031587193353651 ], [ 7.625233630156295, 46.03158627861859 ], [ 7.625427624297398, 46.031657913373913 ], [ 7.625580449468553, 46.031657660681695 ], [ 7.625905475935354, 46.031657123259365 ], [ 7.626201939560091, 46.031494713185666 ], [ 7.626484822045654, 46.031134424063666 ], [ 7.626587462497946, 46.030936352736362 ], [ 7.626806396119433, 46.030756078892921 ], [ 7.627129003331834, 46.030683559808054 ], [ 7.627515762486345, 46.030485013794859 ], [ 7.627738698012145, 46.030285603344296 ], [ 7.627747499904114, 46.030277730264231 ], [ 7.627812211539651, 46.030241144906356 ], [ 7.627921338951356, 46.030179448653769 ], [ 7.628293747835123, 46.02996890363854 ], [ 7.628417751473679, 46.029898796965192 ], [ 7.628596836246474, 46.029762540745295 ], [ 7.628666320020054, 46.029709674182804 ], [ 7.628713160792019, 46.029674035493791 ], [ 7.628713979959958, 46.02967341223183 ], [ 7.628842563086985, 46.029511277220877 ], [ 7.628995962662702, 46.029061244593855 ], [ 7.62918386293489, 46.028795111696667 ], [ 7.629279679702676, 46.028659401440827 ], [ 7.629612760257252, 46.028187642182814 ], [ 7.630024756034374, 46.027827126118126 ], [ 7.630087838033101, 46.027782969229754 ], [ 7.630146394362292, 46.027741980273412 ], [ 7.630321042409747, 46.027619728054212 ], [ 7.630604129369954, 46.027331383216627 ], [ 7.630694852208142, 46.027336283720608 ], [ 7.630927039514046, 46.027348825599155 ], [ 7.631353842565104, 46.027527999875808 ], [ 7.632609330829486, 46.028317429535718 ], [ 7.63319240566804, 46.028856148383817 ], [ 7.633387141057828, 46.029143668924988 ], [ 7.633710971208973, 46.029412966544591 ], [ 7.634461411326311, 46.029798466709558 ], [ 7.634875234056681, 46.029950654733682 ], [ 7.635519528322736, 46.029949528495187 ], [ 7.636205427654568, 46.029948329530257 ], [ 7.637044707484217, 46.029901873575582 ], [ 7.637845340444763, 46.029882465934044 ], [ 7.638788728863621, 46.029828201808243 ], [ 7.639459321519914, 46.029789629017301 ], [ 7.639988885830014, 46.029719056073731 ], [ 7.64014345755471, 46.029698456910616 ], [ 7.640660763929619, 46.029895425684671 ], [ 7.641333593168983, 46.030236041313508 ], [ 7.641760785997403, 46.030505121541346 ], [ 7.64249828294115, 46.030863605053938 ], [ 7.643339779333093, 46.031401796464039 ], [ 7.644052028649142, 46.031913230042633 ], [ 7.644414348371322, 46.032092481148347 ], [ 7.644931456002623, 46.032226462285692 ], [ 7.645442398066444, 46.03225548177069 ], [ 7.646158656581026, 46.032296162416671 ], [ 7.647864657220765, 46.032607833575753 ], [ 7.649066018269634, 46.032668563345254 ], [ 7.649673375889483, 46.032757377212903 ], [ 7.64967566461173, 46.033342080473865 ], [ 7.649714860519873, 46.033458930818753 ], [ 7.649909006246762, 46.03356651417802 ], [ 7.650516735683529, 46.033745277843593 ], [ 7.650776017851305, 46.033996665645361 ], [ 7.651399216758684, 46.034805089702331 ], [ 7.652176371609567, 46.035316395083015 ], [ 7.652951821245949, 46.035476891721977 ], [ 7.653752934065077, 46.035583343182992 ], [ 7.65573065791273, 46.035984342166564 ], [ 7.657024284835899, 46.036476567239603 ], [ 7.658123374836061, 46.036771272251215 ], [ 7.658796580938361, 46.037147756400962 ], [ 7.659443153842389, 46.037326387415625 ], [ 7.660603768280482, 46.036874338931518 ], [ 7.660878318651132, 46.036831591658576 ], [ 7.661481542347013, 46.036737670211977 ], [ 7.662966722052595, 46.036689727850145 ], [ 7.663035504721631, 46.036697570272445 ], [ 7.663363837401157, 46.036735005916682 ], [ 7.663742082202721, 46.036778132412181 ], [ 7.66387863229606, 46.036822243059085 ], [ 7.664250043291023, 46.036942222319837 ], [ 7.664932024821932, 46.03716252716012 ], [ 7.665294633843753, 46.037386679323298 ], [ 7.665394281875851, 46.037432650731269 ], [ 7.666265284409183, 46.03783447715935 ], [ 7.666842585123996, 46.038015806821832 ], [ 7.667035020638869, 46.038076250653035 ], [ 7.667107757492989, 46.038099097236923 ], [ 7.667235638052605, 46.038139264411697 ], [ 7.667261195279942, 46.038147291915024 ], [ 7.668260484807995, 46.038538682347969 ], [ 7.668335068918084, 46.038567894609599 ], [ 7.668841363435928, 46.038801487032536 ], [ 7.668917433349851, 46.038836583907731 ], [ 7.669306230080494, 46.039150642999395 ], [ 7.669737097305084, 46.039371173686419 ], [ 7.670409286464634, 46.039715220132059 ], [ 7.670521105027312, 46.039772452205057 ], [ 7.67114433808907, 46.040091441460774 ], [ 7.671506380144438, 46.040180660215924 ], [ 7.672035941079644, 46.040365632241418 ], [ 7.67247702990364, 46.040519701561443 ], [ 7.672735304452398, 46.040609915101079 ], [ 7.673084230177985, 46.040654169394585 ], [ 7.673408144807133, 46.040878411862771 ], [ 7.673577030827767, 46.041102984784274 ], [ 7.673900731210922, 46.041282239724381 ], [ 7.674378279367352, 46.041191280459941 ], [ 7.674613508017474, 46.041333764339548 ], [ 7.674999944655378, 46.041567838681104 ], [ 7.675170448556051, 46.041595433968467 ], [ 7.676180147941841, 46.04175884926039 ], [ 7.677874621177094, 46.042033092111566 ], [ 7.677908416293822, 46.042038561698796 ], [ 7.677792850945869, 46.042240326439078 ], [ 7.677600703375066, 46.042575795551627 ], [ 7.67748537184866, 46.042777152064495 ], [ 7.677452105037367, 46.042871021299632 ], [ 7.677357763905603, 46.043137224447349 ], [ 7.677292879668966, 46.043593796204668 ], [ 7.677232463989374, 46.044018924008135 ], [ 7.67723260948332, 46.044052342604466 ], [ 7.677234695943563, 46.04453158297558 ], [ 7.67717168513372, 46.044891491819882 ], [ 7.677156178008672, 46.045404347419066 ], [ 7.677149111017934, 46.045638068741255 ], [ 7.67689662745213, 46.047006010539796 ], [ 7.676897496728653, 46.047207425804352 ], [ 7.676898374638077, 46.047410841350796 ], [ 7.67693832012149, 46.047587331521257 ], [ 7.6769882992083, 46.047808152920737 ], [ 7.677122245974455, 46.048399966702192 ], [ 7.677228455709067, 46.04905638881192 ], [ 7.677194836681555, 46.04938194305349 ], [ 7.677191290884926, 46.049416279238017 ], [ 7.677301818710157, 46.049624652825308 ], [ 7.67738955519569, 46.049790058832244 ], [ 7.677445939062332, 46.049896357029397 ], [ 7.677582092649637, 46.050153041817595 ], [ 7.677652245222218, 46.050247891169128 ], [ 7.677881015901418, 46.050557199149907 ], [ 7.678055594448646, 46.05084342881316 ], [ 7.678401542155543, 46.051410626199214 ], [ 7.678860890516448, 46.051694233349302 ], [ 7.679243630176044, 46.051930541374581 ], [ 7.679711986372546, 46.052137278843901 ], [ 7.679852043206968, 46.052199101439022 ], [ 7.680621838296589, 46.052507179904929 ], [ 7.68108162092627, 46.052691188778347 ], [ 7.681242907334919, 46.052773003728745 ], [ 7.681470093813497, 46.052888247478251 ], [ 7.683024640998404, 46.0538113735265 ], [ 7.683143463180866, 46.053927729408016 ], [ 7.684186450155321, 46.054949067901475 ], [ 7.684491112149785, 46.055247406260499 ], [ 7.684527670968685, 46.055390193951936 ], [ 7.684583183537674, 46.055607009259703 ], [ 7.684651313268758, 46.056389427384111 ], [ 7.68469366943579, 46.057180915164984 ], [ 7.685151916351916, 46.058502224306956 ], [ 7.68538969233232, 46.059379928130127 ], [ 7.685444600408814, 46.059582610623877 ], [ 7.68548076898113, 46.059716119879717 ], [ 7.685464905423746, 46.059802912710921 ], [ 7.685442936581635, 46.059923108828293 ], [ 7.685666866776153, 46.060309349794395 ], [ 7.685823924877869, 46.060580247933302 ], [ 7.685963835122243, 46.060821568975648 ], [ 7.686288493536077, 46.061180688657366 ], [ 7.686587610339643, 46.061602850214975 ], [ 7.687236459047344, 46.06221313971723 ], [ 7.687366783064363, 46.062455741584117 ], [ 7.687561663424183, 46.062680201089435 ], [ 7.687846919469473, 46.062886469973662 ], [ 7.688096210671747, 46.062986625923791 ], [ 7.688403615516074, 46.063110129777819 ], [ 7.688589708271227, 46.06325312846004 ], [ 7.688753789268886, 46.063379212715297 ], [ 7.688849272831555, 46.063471055037859 ], [ 7.689052371881732, 46.063666408960103 ], [ 7.689084714117866, 46.063722166659481 ], [ 7.689182650952253, 46.063891008805925 ], [ 7.689441718975742, 46.064025367410821 ], [ 7.689564054071877, 46.064061945787572 ], [ 7.689829944414996, 46.064141447397922 ], [ 7.690050273225539, 46.064275881697156 ], [ 7.690061017418865, 46.064327928157049 ], [ 7.690156073166575, 46.064788392243216 ], [ 7.690054175353978, 46.065103462922139 ], [ 7.690030169734215, 46.065490324658626 ], [ 7.689645515865667, 46.066138858564088 ], [ 7.689543478515128, 46.066435947026278 ], [ 7.689544797224278, 46.066723810497507 ], [ 7.689675266007441, 46.066993405149844 ], [ 7.690169971857365, 46.067783931382039 ], [ 7.690325673095185, 46.067918518002465 ], [ 7.690650415320373, 46.068277616325993 ], [ 7.690650458220199, 46.068277752340137 ], [ 7.690755322960107, 46.068610226594224 ], [ 7.690756565335482, 46.068880108197384 ], [ 7.690696669247261, 46.069914756612576 ], [ 7.690853426458038, 46.070274228874887 ], [ 7.691477265110042, 46.071019456810227 ], [ 7.691892586534577, 46.071396340190077 ], [ 7.692255645852075, 46.071647392640763 ], [ 7.693420816743872, 46.07206756344435 ], [ 7.694327569614265, 46.072497293596129 ], [ 7.695323813666509, 46.072719924649675 ], [ 7.695844710456434, 46.073546313432786 ], [ 7.696662741204052, 46.074336057879307 ], [ 7.697142324320904, 46.074622810934571 ], [ 7.697596202843929, 46.07493661650922 ], [ 7.6975967651401, 46.074937328376862 ], [ 7.697830260183026, 46.075232933386523 ], [ 7.698116758674564, 46.0756820448658 ], [ 7.698223159203437, 46.076311489435234 ], [ 7.69841877390057, 46.07667086230304 ], [ 7.698704302076757, 46.076913076818968 ], [ 7.699028297382967, 46.077092242128501 ], [ 7.699741364859792, 46.07754037525568 ], [ 7.70010392984503, 46.077674470624139 ], [ 7.700104194315587, 46.077675076739759 ], [ 7.700299978708984, 46.078123776888241 ], [ 7.700716646676614, 46.07875250074882 ], [ 7.701669386384284, 46.080639337460177 ], [ 7.701762175972005, 46.081115886224438 ], [ 7.702193412630744, 46.082077397744634 ], [ 7.702193805046605, 46.082077699120219 ], [ 7.702543737407992, 46.082346447358766 ], [ 7.702971218775677, 46.082525359903407 ], [ 7.703230757066993, 46.082731650703529 ], [ 7.703233378567135, 46.083271360325107 ], [ 7.703454544534132, 46.083558700500902 ], [ 7.703817725118408, 46.08380972498567 ], [ 7.705074856441949, 46.08445444089444 ], [ 7.705116191276262, 46.084976086217644 ], [ 7.705247437751987, 46.085380577210941 ], [ 7.705275365193072, 46.08580329392359 ], [ 7.705211966240509, 46.086055319263153 ], [ 7.705251932449519, 46.086298105297445 ], [ 7.705539440349562, 46.086927116566095 ], [ 7.705607747368637, 46.087673578339647 ], [ 7.705583645864285, 46.088033457936341 ], [ 7.705481855579164, 46.088366534219197 ], [ 7.705588729639247, 46.089067918234136 ], [ 7.705877134402817, 46.089876838095584 ], [ 7.706072835198905, 46.090236189138558 ], [ 7.706204101422777, 46.090640679202686 ], [ 7.706464904870425, 46.091089840215531 ], [ 7.707023508888974, 46.091628240870797 ], [ 7.707438886685329, 46.09196009025554 ], [ 7.70825534148157, 46.0923449558708 ], [ 7.708540760655612, 46.09254216848948 ], [ 7.708931019646796, 46.093018001556686 ], [ 7.709618829362888, 46.093529084881396 ], [ 7.709491550410179, 46.093934190649783 ], [ 7.709492796936921, 46.094186063723441 ], [ 7.709779045389118, 46.094545200611492 ], [ 7.711440249525843, 46.095773589582379 ], [ 7.712415352365127, 46.09683270175772 ], [ 7.713090673383491, 46.097415768106977 ], [ 7.713350727232515, 46.097702995074123 ], [ 7.713869996437151, 46.098106533299266 ], [ 7.714065236061954, 46.098357916095068 ], [ 7.714065272732669, 46.098357939255472 ], [ 7.71451926049466, 46.09864466775884 ], [ 7.714519898102393, 46.098645470483156 ], [ 7.715039845388588, 46.099300064694134 ], [ 7.715041526607862, 46.099632897040749 ], [ 7.714914273687125, 46.100038009142239 ], [ 7.714914936669021, 46.100038832478162 ], [ 7.715044402202394, 46.100199611566332 ], [ 7.715433713206058, 46.100468526650538 ], [ 7.715434297361156, 46.100469309897321 ], [ 7.715668093936978, 46.100782789000178 ], [ 7.716059008446294, 46.101366543383335 ], [ 7.715957381090888, 46.101726615946653 ], [ 7.715739459545812, 46.102104955640996 ], [ 7.715225328537947, 46.102735860154084 ], [ 7.71473853419157, 46.103663522827354 ], [ 7.712656722206659, 46.106322148635556 ], [ 7.712205971834349, 46.106701045442016 ], [ 7.711717212111827, 46.107241934752452 ], [ 7.711886358413533, 46.107448415643674 ], [ 7.711913347232305, 46.107673231050981 ], [ 7.711785564373676, 46.107988376218728 ], [ 7.711763713857531, 46.108797995670109 ], [ 7.711443153233431, 46.109356486669178 ], [ 7.711251951891645, 46.109923642627493 ], [ 7.711078263637118, 46.110489172869521 ], [ 7.710821725771273, 46.110749556080748 ], [ 7.709877289380844, 46.111093837136508 ], [ 7.709385903233686, 46.111798766190397 ], [ 7.709466365236852, 46.112216733407962 ], [ 7.708964444092516, 46.112591017086814 ], [ 7.707784392780187, 46.113229891160806 ], [ 7.707207492949609, 46.113466586960918 ], [ 7.706069501904399, 46.11381392212666 ], [ 7.705679841203827, 46.113994844395329 ], [ 7.704795697847922, 46.114313105069265 ], [ 7.704150101610785, 46.114496090222815 ], [ 7.703342249391154, 46.115045562839896 ], [ 7.702703423835548, 46.115371904495177 ], [ 7.702209271824191, 46.115597047019882 ], [ 7.701848264691012, 46.11568971450577 ], [ 7.701264408909414, 46.11577612472734 ], [ 7.70059150052389, 46.115923323434814 ], [ 7.700002376549085, 46.116126340094446 ], [ 7.699767111474648, 46.11619622136309 ], [ 7.698739426383416, 46.116341303778654 ], [ 7.698473906284937, 46.116354552723074 ], [ 7.697962425622485, 46.116433340217675 ], [ 7.697335469083725, 46.11654440478803 ], [ 7.697153341986307, 46.116662015585192 ], [ 7.69636086396829, 46.116938135001789 ], [ 7.69411797061485, 46.11763536922173 ], [ 7.693358297508217, 46.117995745001444 ], [ 7.692585545851924, 46.118137939106973 ], [ 7.692316232358354, 46.118222427069021 ], [ 7.691889695215192, 46.118440149177331 ], [ 7.691329653892044, 46.118525105214282 ], [ 7.690637972775821, 46.11866228323079 ], [ 7.690213773058187, 46.11887853649197 ], [ 7.690002302952423, 46.119135290663948 ], [ 7.689622636179376, 46.119391293195434 ], [ 7.689302143662998, 46.119784849790086 ], [ 7.68911141219605, 46.119899686984652 ], [ 7.688607765010317, 46.120454658845247 ], [ 7.687752218121692, 46.121492791935843 ], [ 7.686981640687524, 46.122401780387797 ], [ 7.686407987825535, 46.123025415410751 ], [ 7.685843765000811, 46.123729069639552 ], [ 7.685287197838556, 46.124354919531534 ], [ 7.6849739903773, 46.124736366886232 ], [ 7.684630063783066, 46.12510011386388 ], [ 7.684118327322156, 46.125856845275031 ], [ 7.683859234937517, 46.126140525054772 ], [ 7.683584109985482, 46.126377884679712 ], [ 7.682647346703355, 46.127445228557782 ], [ 7.682523715854257, 46.127637217978631 ], [ 7.681238974546887, 46.129324555700379 ], [ 7.680686960779742, 46.130077417838116 ], [ 7.678822738690681, 46.130483455702347 ], [ 7.677862934747777, 46.131000017821947 ], [ 7.677477206778008, 46.131449649203283 ], [ 7.67702762420694, 46.131695402811445 ], [ 7.676645351489463, 46.131871243342786 ], [ 7.676187879504266, 46.132179016770785 ], [ 7.675192869417182, 46.132911928898714 ], [ 7.674311989780202, 46.133469405613518 ], [ 7.673861244428069, 46.133873246453575 ], [ 7.673635872628063, 46.13419948073048 ], [ 7.67349425387849, 46.134501396688258 ], [ 7.673274668068252, 46.134904665463715 ], [ 7.672890085842107, 46.13554653249814 ], [ 7.672736412368916, 46.135833269912716 ], [ 7.672484529766699, 46.136209041453633 ], [ 7.672260978332962, 46.136614259512719 ], [ 7.672110244416757, 46.137015198025288 ], [ 7.672001648715025, 46.137232836318219 ], [ 7.671954668261185, 46.137567766992788 ], [ 7.671414006900141, 46.138331705878336 ], [ 7.67098742949848, 46.138788577530711 ], [ 7.670773427320562, 46.139091960978327 ], [ 7.670695769693944, 46.139363067355639 ], [ 7.670781298254957, 46.140032119036704 ], [ 7.67087871421772, 46.14019334516157 ], [ 7.670828928662704, 46.14054342075211 ], [ 7.67083043406349, 46.140892059815471 ], [ 7.670785236243451, 46.141210371554386 ], [ 7.67094136022115, 46.141592346043971 ], [ 7.670973160738707, 46.141995643167185 ], [ 7.671094223318295, 46.142162721724837 ], [ 7.671000716080526, 46.142410913143685 ], [ 7.670863912951523, 46.14258748042058 ], [ 7.670572421415073, 46.142776319618285 ], [ 7.670366934373434, 46.142976928241751 ], [ 7.670311661228418, 46.143120458079387 ], [ 7.670368465637049, 46.143338466992702 ], [ 7.670245256086694, 46.143682332735551 ], [ 7.670061007782551, 46.14382015309878 ], [ 7.669790863576031, 46.14397907227896 ], [ 7.669606814583022, 46.144167680612753 ], [ 7.669495883381502, 46.144365108216881 ], [ 7.669513624948046, 46.144493556111399 ], [ 7.669630606395232, 46.144711433714939 ], [ 7.669549498927562, 46.14484606526662 ], [ 7.669330807902004, 46.144974977059697 ], [ 7.66927985192816, 46.145124488672629 ], [ 7.66902291644564, 46.145358060528849 ], [ 7.668787199164965, 46.145522880331491 ], [ 7.668495219471321, 46.145607132367068 ], [ 7.668289188189991, 46.145676276699575 ], [ 7.667980370344602, 46.145847225096858 ], [ 7.667589861897239, 46.146009351228507 ], [ 7.667212142042163, 46.146144571359855 ], [ 7.666928999921293, 46.146285572688654 ], [ 7.666641373297333, 46.146378779747373 ], [ 7.666602826401645, 46.146411736240559 ], [ 7.666659158576545, 46.14651917415712 ], [ 7.666663990873989, 46.146647657492849 ], [ 7.666651996503109, 46.146865788817507 ], [ 7.666508540699292, 46.147514470993535 ], [ 7.666498349542319, 46.147597071056083 ], [ 7.666568581929164, 46.147679401343716 ], [ 7.666587246428071, 46.147785358871594 ], [ 7.666374276424361, 46.147887788364898 ], [ 7.666298135880887, 46.147978104289763 ], [ 7.666301934325662, 46.148076031694934 ], [ 7.666160636825356, 46.148215315569068 ], [ 7.666292653990676, 46.148321639086106 ], [ 7.666292701382854, 46.148321918236135 ], [ 7.666311308608816, 46.148431518762962 ], [ 7.666252767887819, 46.148614831722419 ], [ 7.666055522683313, 46.14887683785399 ], [ 7.66597769714246, 46.149007520184178 ], [ 7.665828433112193, 46.149105457887629 ], [ 7.665651462979437, 46.149198386409289 ], [ 7.665509968651595, 46.149291306565829 ], [ 7.66527830913459, 46.149411276847985 ], [ 7.665253010301737, 46.149524869873424 ], [ 7.665107501281875, 46.149689501447575 ], [ 7.665103612382549, 46.149788109945149 ], [ 7.665018250907019, 46.149937679441223 ], [ 7.665010040016974, 46.150030314504129 ], [ 7.664907403158902, 46.150159012679019 ], [ 7.664791552184741, 46.15021600626617 ], [ 7.664662920847735, 46.150299922069642 ], [ 7.664517433898114, 46.150464561834958 ], [ 7.664423351562642, 46.150587242446612 ], [ 7.664320491033804, 46.150659169328364 ], [ 7.664226271796677, 46.150751975674865 ], [ 7.664200636329986, 46.150790878707319 ], [ 7.664136227500593, 46.150808926181725 ], [ 7.663998777955844, 46.15083907411465 ], [ 7.663904473039564, 46.150904992526492 ], [ 7.663784359893917, 46.150967984620046 ], [ 7.663621199996601, 46.151019097954567 ], [ 7.663530969743406, 46.151034218826318 ], [ 7.663436651652408, 46.151097150334472 ], [ 7.663393899807835, 46.151156992916192 ], [ 7.663312374694015, 46.15119600663246 ], [ 7.66321789662924, 46.151220095292231 ], [ 7.6631664772435, 46.151259040212381 ], [ 7.663068756697059, 46.151401454245175 ], [ 7.663043675221282, 46.151424226813205 ], [ 7.662991916914251, 46.151453196209395 ], [ 7.662909395136489, 46.151489225070023 ], [ 7.662816007793611, 46.151511170280877 ], [ 7.662775040862789, 46.151668890173219 ], [ 7.662776654352725, 46.151825779168469 ], [ 7.662911924471772, 46.152036790983054 ], [ 7.662912155236485, 46.152037001363738 ], [ 7.662950588948213, 46.152072040128189 ], [ 7.662969112195453, 46.152160682032175 ], [ 7.662969570326546, 46.152161089352177 ], [ 7.663319336477617, 46.152472063112064 ], [ 7.663832587302593, 46.152748000314055 ], [ 7.666426859930208, 46.153868279069243 ], [ 7.666825812023378, 46.153813853285932 ], [ 7.667116879499521, 46.153853350914787 ], [ 7.667519011321363, 46.154011509250324 ], [ 7.667824384845699, 46.154165643048373 ], [ 7.6681385181587, 46.154386442653426 ], [ 7.668148711446715, 46.154866148321467 ], [ 7.668297175478823, 46.155065117917978 ], [ 7.668676606449164, 46.155448927839757 ], [ 7.668676779131607, 46.155449210579846 ], [ 7.668766959034247, 46.155596865855415 ], [ 7.668767121947893, 46.155596961085763 ], [ 7.669010628510402, 46.155739301614268 ], [ 7.669175752933615, 46.155881878753412 ], [ 7.669176072198145, 46.155882350583624 ], [ 7.669228441479562, 46.155959745367362 ], [ 7.669441767623328, 46.156006070005894 ], [ 7.669453448955181, 46.156117789554585 ], [ 7.669524950488669, 46.156224196717766 ], [ 7.669525177628583, 46.156224423262685 ], [ 7.669592546710193, 46.156291615870046 ], [ 7.669914883435733, 46.156470258476716 ], [ 7.669922837857805, 46.156581994587825 ], [ 7.670192928603889, 46.156784122648318 ], [ 7.670771064727164, 46.157318258531099 ], [ 7.671093026789972, 46.157403353305611 ], [ 7.671306826398844, 46.15755623536905 ], [ 7.671584721039669, 46.157828527790969 ], [ 7.671638535720398, 46.158184696939337 ], [ 7.67183864648431, 46.158474771124247 ], [ 7.671839018073401, 46.158475225051248 ], [ 7.672074570579433, 46.158762972040329 ], [ 7.672074577753706, 46.15876299183369 ], [ 7.672211368372865, 46.159140388425534 ], [ 7.672623538058957, 46.160073938089411 ], [ 7.672716197581093, 46.160321035801921 ], [ 7.672686083161575, 46.160529031427295 ], [ 7.672862544313347, 46.160943229110444 ], [ 7.672862982708412, 46.160943741902855 ], [ 7.67320509599152, 46.161343913140989 ], [ 7.673205075852271, 46.16134393444959 ], [ 7.673062562402351, 46.161494722682555 ], [ 7.672943703490331, 46.161687267660852 ], [ 7.672944482804053, 46.161869175179007 ], [ 7.672818267832588, 46.162082524087189 ], [ 7.67251226121734, 46.162239068142341 ], [ 7.672446610404939, 46.162299204359279 ], [ 7.672379555331809, 46.162345832036266 ], [ 7.67217034278126, 46.162738714832166 ], [ 7.672082061723111, 46.163087107699575 ], [ 7.671963275323828, 46.163295240885589 ], [ 7.671993814666505, 46.163440699893485 ], [ 7.672121533338058, 46.163614474705199 ], [ 7.672121597695295, 46.163614518222744 ], [ 7.672301644604723, 46.163736263653959 ], [ 7.672200177756086, 46.163919650439098 ], [ 7.67207702551265, 46.164336706717677 ], [ 7.672292165723563, 46.164672114137389 ], [ 7.67233862457022, 46.16504329398154 ], [ 7.672596925372916, 46.165394956813238 ], [ 7.672597136440547, 46.165395198986118 ], [ 7.673014009061346, 46.165873506542397 ], [ 7.672471731712555, 46.166470127435275 ], [ 7.672306734806721, 46.16679417484287 ], [ 7.67200879916108, 46.167164733373291 ], [ 7.671921717128432, 46.167550284583207 ], [ 7.671545657882512, 46.167813100420204 ], [ 7.671446412807589, 46.167952034685058 ], [ 7.671247101563664, 46.168037218708839 ], [ 7.671174779843421, 46.168168649087235 ], [ 7.670682778677572, 46.168369792187605 ], [ 7.670428932799314, 46.168678609323635 ], [ 7.670296767554266, 46.168902384537866 ], [ 7.670076041993634, 46.169172604960686 ], [ 7.669733198611442, 46.169419928410022 ], [ 7.66934848683383, 46.16965986073108 ], [ 7.669045071459793, 46.169792389787858 ], [ 7.66874585115603, 46.169900648350648 ], [ 7.668481708587135, 46.169908030175193 ], [ 7.668116324640009, 46.170078338042174 ], [ 7.667905613405017, 46.170094174101621 ], [ 7.666359501400461, 46.170436462549006 ], [ 7.666237234440636, 46.170489386499717 ], [ 7.665755279452669, 46.170565529893686 ], [ 7.665456711777328, 46.170761935365753 ], [ 7.665269020203499, 46.170978115567117 ], [ 7.664992345420364, 46.171140517596498 ], [ 7.664815396559281, 46.171271900971924 ], [ 7.664660340115883, 46.171333866273514 ], [ 7.664579682241805, 46.171373634798201 ], [ 7.664563178965308, 46.171534842011795 ], [ 7.664307284353517, 46.171804716428603 ], [ 7.663933017632123, 46.171930913946184 ], [ 7.663442848110257, 46.172022239360786 ], [ 7.662994090890085, 46.172190600001969 ], [ 7.662756177853645, 46.172301060102782 ], [ 7.662500956667232, 46.17228615512424 ], [ 7.66232272285622, 46.17226086961626 ], [ 7.662180550197895, 46.172492157378741 ], [ 7.662025365658629, 46.172641637571139 ], [ 7.661882028076723, 46.172857724677669 ], [ 7.661583265689649, 46.173050980791544 ], [ 7.661471603132354, 46.173163573555414 ], [ 7.661438508105941, 46.173237042789175 ], [ 7.66126199865985, 46.173375175415963 ], [ 7.661121490872902, 46.173406396254947 ], [ 7.660945158822809, 46.173524791672982 ], [ 7.660814408839793, 46.173640866545931 ], [ 7.660805120163098, 46.173690765402363 ], [ 7.660698986535607, 46.173794467895675 ], [ 7.660610666088278, 46.173954645807669 ], [ 7.660385673396209, 46.17413783206613 ], [ 7.660212514345486, 46.174263731460563 ], [ 7.660156611076594, 46.174358843366328 ], [ 7.660189640511013, 46.174418824481798 ], [ 7.660268030876199, 46.174526978322028 ], [ 7.660262402406173, 46.174633488334834 ], [ 7.660396128657736, 46.174797081738767 ], [ 7.660419180308011, 46.174982912884715 ], [ 7.660419580383115, 46.174983029575493 ], [ 7.660501192633018, 46.175006833598324 ], [ 7.660503199721368, 46.175112168244745 ], [ 7.660551169015959, 46.175228567453161 ], [ 7.660649327623629, 46.175376496890195 ], [ 7.660650138774118, 46.175480619472644 ], [ 7.660685367871992, 46.175587724135092 ], [ 7.660806589169284, 46.175757773430618 ], [ 7.660989230248312, 46.175956712947048 ], [ 7.661250636266644, 46.176217612160869 ], [ 7.661541270335696, 46.176357507321782 ], [ 7.661808394115343, 46.176565077033352 ], [ 7.66199814623433, 46.176842163790361 ], [ 7.662021128436762, 46.17703480445828 ], [ 7.661966049540257, 46.177135106118911 ], [ 7.662012032630377, 46.177528087678034 ], [ 7.661835100200546, 46.177667166584783 ], [ 7.661570188678132, 46.178006813526814 ], [ 7.661449237753704, 46.178276811754387 ], [ 7.661106172505468, 46.178493290408049 ], [ 7.66078504994454, 46.178648060097309 ], [ 7.660397587781022, 46.178864623606806 ], [ 7.660065162839399, 46.178973175919474 ], [ 7.659654827096198, 46.1790202232987 ], [ 7.659344409164639, 46.179082484133708 ], [ 7.659191642101501, 46.179141181024214 ], [ 7.658909519038566, 46.179187454370073 ], [ 7.658812453855881, 46.179237667562788 ], [ 7.658768925160667, 46.17944585656258 ], [ 7.658679853030985, 46.179609578718591 ], [ 7.658654701844461, 46.17968630612841 ], [ 7.65867048156018, 46.179800573721565 ], [ 7.658460238601022, 46.179939711986975 ], [ 7.658283033749836, 46.180024839163565 ], [ 7.658194521405087, 46.180086666572571 ], [ 7.658117150995096, 46.180156181574937 ], [ 7.658006305119633, 46.180187224124296 ], [ 7.657863086242424, 46.180441852114086 ], [ 7.657730488202303, 46.180580829815064 ], [ 7.657653270829599, 46.180688881398893 ], [ 7.657299926791484, 46.181121173014319 ], [ 7.657252506943631, 46.181216294116929 ], [ 7.6571719227139, 46.181285985585546 ], [ 7.657124541202543, 46.181400519088797 ], [ 7.657144036986115, 46.181476386471218 ], [ 7.657158034883143, 46.181631551764788 ], [ 7.656956131602197, 46.181695440849246 ], [ 7.656743658111924, 46.181684128613796 ], [ 7.656674918081462, 46.18175275344457 ], [ 7.656654902718633, 46.181799803006811 ], [ 7.656712122704998, 46.181924273149349 ], [ 7.656689339262467, 46.18210859207197 ], [ 7.656784943821292, 46.182193668516746 ], [ 7.656785164779137, 46.182194033418483 ], [ 7.656906979686514, 46.182395205143955 ], [ 7.656946370567951, 46.182569068424826 ], [ 7.657179186620662, 46.182714834453741 ], [ 7.657268578608606, 46.182874918887293 ], [ 7.657268968855687, 46.182875409341605 ], [ 7.657424383815173, 46.183070731589709 ], [ 7.657424430719104, 46.183070812900539 ], [ 7.65754720779912, 46.183283654466877 ], [ 7.657858948460651, 46.183418876723991 ], [ 7.658108746243189, 46.183547723245859 ], [ 7.658108627768647, 46.183548008680546 ], [ 7.658030385858843, 46.183736512933038 ], [ 7.658084225672572, 46.184063030402243 ], [ 7.658204709759096, 46.184285492465023 ], [ 7.658255792573178, 46.184444327987968 ], [ 7.65807138712008, 46.184804374703631 ], [ 7.658117245527725, 46.184932896196528 ], [ 7.658223491008528, 46.185021360183903 ], [ 7.658223855954945, 46.18502185471236 ], [ 7.658329687586993, 46.185165264130966 ], [ 7.658511823398189, 46.185297371383299 ], [ 7.658629782985315, 46.185531856053309 ], [ 7.658766841340475, 46.185851770842113 ], [ 7.658709257509195, 46.186076755005907 ], [ 7.658722311188932, 46.18617934262813 ], [ 7.65872099037883, 46.186295253676825 ], [ 7.658677219127283, 46.18640925011195 ], [ 7.658740200379602, 46.186620902580742 ], [ 7.658914240749939, 46.186661386603845 ], [ 7.658914235253751, 46.186661870262114 ], [ 7.65891028202961, 46.187009749456593 ], [ 7.658818110993329, 46.187095179964395 ], [ 7.658804379355614, 46.187232839535312 ], [ 7.658580263543707, 46.187443097312496 ], [ 7.658506746575606, 46.18752964280867 ], [ 7.658497130626313, 46.187583014448876 ], [ 7.65844388902648, 46.187690336429355 ], [ 7.658524633231129, 46.187835620928077 ], [ 7.65855703954013, 46.18800637578876 ], [ 7.658664389407495, 46.188403036007252 ], [ 7.65865466712501, 46.188552301125398 ], [ 7.658540869887607, 46.188649143837893 ], [ 7.658464727975002, 46.188740417099204 ], [ 7.658413681204992, 46.188897840389799 ], [ 7.658651635435916, 46.189282795939683 ], [ 7.658651937451997, 46.189283127373997 ], [ 7.658745384473804, 46.189385676713705 ], [ 7.658936545011995, 46.189561475514772 ], [ 7.659058014337492, 46.189706365657813 ], [ 7.659113558989635, 46.189746000271519 ], [ 7.659150106304021, 46.189831567445971 ], [ 7.65917829186004, 46.190069419667381 ], [ 7.659230576138783, 46.190235062161378 ], [ 7.65923096290516, 46.190235410947466 ], [ 7.659475287443408, 46.190455742924854 ], [ 7.659582926734854, 46.190565378651364 ], [ 7.659582930581961, 46.190565498614902 ], [ 7.659585446163339, 46.190643941453757 ], [ 7.659512777711931, 46.19075844433717 ], [ 7.659498836790029, 46.190888979901985 ], [ 7.659343649837159, 46.191203490033168 ], [ 7.659292453814984, 46.191455466960193 ], [ 7.659412003846461, 46.191614555566858 ], [ 7.659442795337214, 46.19174664120721 ], [ 7.659443165306358, 46.191746821106541 ], [ 7.659586038770684, 46.191816294037011 ], [ 7.659585914191095, 46.191816599511661 ], [ 7.659514752199434, 46.191991091853239 ], [ 7.659154955945525, 46.192074614950926 ], [ 7.659115592771975, 46.19222266041664 ], [ 7.658976334378681, 46.192364144363097 ], [ 7.658908679969891, 46.192447674202157 ], [ 7.658863697660961, 46.192525834554544 ], [ 7.658807158304922, 46.192699829652291 ], [ 7.658653552975141, 46.192836681332878 ], [ 7.658618667859491, 46.19300358174619 ], [ 7.658607559440176, 46.193124072606551 ], [ 7.658549673464417, 46.193256690351461 ], [ 7.658444968321882, 46.193410511566981 ], [ 7.658513830693953, 46.19358178952055 ], [ 7.658514152746256, 46.193582027043199 ], [ 7.658783479456758, 46.193780663081235 ], [ 7.660087130543163, 46.194200162473891 ], [ 7.66033008449147, 46.19437193572999 ], [ 7.660625371981485, 46.194610533406042 ], [ 7.660954393164706, 46.194915937600456 ], [ 7.661170352188607, 46.195213727655677 ], [ 7.661306525331351, 46.195468854898429 ], [ 7.661400543784194, 46.195573604093184 ], [ 7.661412984815894, 46.195810146446036 ], [ 7.661400784061095, 46.195912333671572 ], [ 7.661401241324864, 46.19591280339619 ], [ 7.661508402897172, 46.196022885217438 ], [ 7.661712867279837, 46.19616857193779 ], [ 7.66185315332594, 46.196297167057118 ], [ 7.661995451512333, 46.196404447416398 ], [ 7.661995847606249, 46.196404977951893 ], [ 7.662090927645955, 46.196532329910212 ], [ 7.661895854301453, 46.196716953535699 ], [ 7.66167409671085, 46.19696257464993 ], [ 7.661636709124538, 46.197076478775394 ], [ 7.661516490114821, 46.197313893705378 ], [ 7.661423813766812, 46.197602844270065 ], [ 7.661378879294839, 46.197686546853312 ], [ 7.661346561265185, 46.197833598781557 ], [ 7.6612526223419, 46.198032442559537 ], [ 7.661134057966555, 46.198174428294905 ], [ 7.661130240211312, 46.198226295539705 ], [ 7.661162251843356, 46.198315658177258 ], [ 7.661127915032948, 46.198402992082727 ], [ 7.661090254974882, 46.198568252565046 ], [ 7.661060205676389, 46.198636435356896 ], [ 7.660901203997612, 46.198857085916053 ], [ 7.66113068763329, 46.199077865101515 ], [ 7.661130613744284, 46.199077933116207 ], [ 7.660955483206976, 46.199239140455028 ], [ 7.660746869682794, 46.199576363373303 ], [ 7.660800216108189, 46.200054133238744 ], [ 7.660813648530828, 46.200423431150135 ], [ 7.660867097711744, 46.200604264330764 ], [ 7.661247408619311, 46.200897324260296 ], [ 7.661247550302129, 46.200897669171979 ], [ 7.661302116586861, 46.20103050496224 ], [ 7.661302383481484, 46.201030629606265 ], [ 7.661563038604277, 46.201152359682645 ], [ 7.661563374398654, 46.201152881502317 ], [ 7.661651344093874, 46.201289585153951 ], [ 7.661545550359112, 46.201416370598835 ], [ 7.661481850755867, 46.20155974210536 ], [ 7.661318804704356, 46.201717899638282 ], [ 7.661331547865037, 46.201796199493074 ], [ 7.661356478038376, 46.201863968520968 ], [ 7.66136344298836, 46.201945401204163 ], [ 7.661394874674389, 46.202088927580554 ], [ 7.661332206981519, 46.20213289534928 ], [ 7.661211604217534, 46.20223458479424 ], [ 7.660987176009516, 46.202365020876194 ], [ 7.660929011555163, 46.202500240179496 ], [ 7.661015691558191, 46.202709083497332 ], [ 7.661117516184524, 46.202809409826209 ], [ 7.661185956286733, 46.20285607074176 ], [ 7.661211775928018, 46.202909939822931 ], [ 7.661196700391452, 46.202997038048899 ], [ 7.661197200915157, 46.202997418311455 ], [ 7.661285878024781, 46.203064788915697 ], [ 7.661285839513487, 46.203064997988847 ], [ 7.661257269607617, 46.203220100546034 ], [ 7.661266686230532, 46.203292730708007 ], [ 7.661485629081625, 46.203385900058741 ], [ 7.661522089634007, 46.203427963890555 ], [ 7.661611253345416, 46.203698475879612 ], [ 7.66159081787299, 46.203773692488987 ], [ 7.661593496924293, 46.203865118736751 ], [ 7.661581909532968, 46.203940165020384 ], [ 7.661502013832052, 46.203988610595218 ], [ 7.661432440703795, 46.204074430637036 ], [ 7.661476378516232, 46.204145409718386 ], [ 7.661606444675471, 46.204225215069854 ], [ 7.661747286555784, 46.204278641892174 ], [ 7.661807846766513, 46.204320892097456 ], [ 7.661808064169151, 46.204321303741722 ], [ 7.661844001381303, 46.20438934959121 ], [ 7.661583215854533, 46.20460033327344 ], [ 7.661528205607905, 46.204692736523754 ], [ 7.661503927153393, 46.204886864829881 ], [ 7.661554574870495, 46.204979564123676 ], [ 7.661587921162476, 46.205099590139426 ], [ 7.661605177892429, 46.205245483218732 ], [ 7.661549500048638, 46.205403079081577 ], [ 7.66155946679453, 46.205524635346912 ], [ 7.661454857335725, 46.205794628726345 ], [ 7.661445550712656, 46.205933503470078 ], [ 7.661459057405039, 46.206052614977075 ], [ 7.661339753946625, 46.206643816905242 ], [ 7.661288336845764, 46.206788747434025 ], [ 7.661207204308432, 46.206929094528235 ], [ 7.661226341696829, 46.207081937604585 ], [ 7.661225122856798, 46.207383968099755 ], [ 7.661246715429423, 46.207487420376196 ], [ 7.66117806405457, 46.207603526726452 ], [ 7.66128301238115, 46.20767954064074 ], [ 7.661283203964741, 46.207679908658804 ], [ 7.66131238198632, 46.207735957504021 ], [ 7.661318627326529, 46.207853670985067 ], [ 7.661370648294952, 46.207974344077719 ], [ 7.661317850192538, 46.208028655411603 ], [ 7.661277026299842, 46.20809940520504 ], [ 7.661249299155212, 46.208198159641576 ], [ 7.661372037559341, 46.208312082099127 ], [ 7.661372056503027, 46.208312247648017 ], [ 7.661385701372655, 46.208431490177119 ], [ 7.661382320517736, 46.208533453236797 ], [ 7.661431035180995, 46.208761450614539 ], [ 7.661413518853634, 46.208844487665708 ], [ 7.661358081968512, 46.208947785384694 ], [ 7.661279433110444, 46.209024258719786 ], [ 7.661269992301111, 46.209098626101465 ], [ 7.661287997357765, 46.209157754980332 ], [ 7.661300342688637, 46.209239761850711 ], [ 7.661300735044755, 46.209240077662443 ], [ 7.66138239729986, 46.209305808505384 ], [ 7.661382420263226, 46.209306026293447 ], [ 7.661389230704738, 46.20937061756176 ], [ 7.661314516804246, 46.209484406043593 ], [ 7.661295105803961, 46.209582730367437 ], [ 7.661313779684412, 46.209646958450691 ], [ 7.661255734769453, 46.209759157916935 ], [ 7.661265625474437, 46.209852468118839 ], [ 7.661422121587554, 46.210030004296186 ], [ 7.661361034639337, 46.21011117488451 ], [ 7.661366220384942, 46.210216791341573 ], [ 7.661422686675865, 46.210337113864185 ], [ 7.661420794346838, 46.210365588738995 ], [ 7.661282243524388, 46.210394880742683 ], [ 7.661209866984843, 46.210433937901414 ], [ 7.661090591350643, 46.210455590531488 ], [ 7.660987397014071, 46.210531689017103 ], [ 7.660962341515527, 46.210583687883648 ], [ 7.660876788110997, 46.210632638863267 ], [ 7.6607178929683, 46.210703358917605 ], [ 7.660716200465744, 46.210784295881183 ], [ 7.660742924162872, 46.210858943223897 ], [ 7.660742574393481, 46.210954621390151 ], [ 7.660686845916048, 46.211022071783823 ], [ 7.660660708552919, 46.211088573651708 ], [ 7.660675819292586, 46.211130580628044 ], [ 7.660602947382059, 46.21117882290082 ], [ 7.660533390885234, 46.211207520138629 ], [ 7.660457569473564, 46.211260202932458 ], [ 7.660327058931841, 46.211317355478464 ], [ 7.660274615268344, 46.211386634354369 ], [ 7.660252747321457, 46.211448477044527 ], [ 7.660266414150765, 46.211591408830458 ], [ 7.660309793554276, 46.211689718206216 ], [ 7.660265152606812, 46.211769209853252 ], [ 7.660253225745151, 46.211937163517995 ], [ 7.660264037040866, 46.211967034857025 ], [ 7.660249816270044, 46.212051819441903 ], [ 7.660206395232466, 46.212099904949795 ], [ 7.660226152176916, 46.212130946237174 ], [ 7.660280205487439, 46.212189995846956 ], [ 7.660280287675969, 46.212190162662587 ], [ 7.660307538289247, 46.212245472426993 ], [ 7.660307876940648, 46.212245828209419 ], [ 7.66042107959521, 46.21236475733464 ], [ 7.660421066062953, 46.212364842133702 ], [ 7.660413497659438, 46.212412269071976 ], [ 7.660420127721699, 46.212481441472164 ], [ 7.660489702047879, 46.21260037150418 ], [ 7.66051013771497, 46.212731487765851 ], [ 7.660510555734562, 46.212731987891821 ], [ 7.660617068154246, 46.212859421217892 ], [ 7.66061710171503, 46.212859493686203 ], [ 7.660669241200736, 46.212972079268546 ], [ 7.66069994462747, 46.213069198912081 ], [ 7.660729182198241, 46.213264751572616 ], [ 7.660707636321169, 46.213412295067286 ], [ 7.660740039926906, 46.213465350790209 ], [ 7.660740211487451, 46.213465475697319 ], [ 7.660844077825621, 46.213541097069957 ], [ 7.660912317557314, 46.213624442764697 ], [ 7.660928373757765, 46.213796731535624 ], [ 7.661002707664665, 46.214033773522964 ], [ 7.66105364213726, 46.214089977274753 ], [ 7.661084899330917, 46.214265519619168 ], [ 7.661017742508951, 46.214388063831123 ], [ 7.660989325339298, 46.214486927527751 ], [ 7.660991822773944, 46.214591163968045 ], [ 7.66091907897976, 46.214767557909802 ], [ 7.660887729436746, 46.214824165868684 ], [ 7.660780617123808, 46.214933141867526 ], [ 7.660773786166698, 46.215248317079329 ], [ 7.660762083811836, 46.215311894113476 ], [ 7.660929252783579, 46.215421016382713 ], [ 7.660943600956235, 46.21546953766449 ], [ 7.660885017775249, 46.215578553560896 ], [ 7.660685244245599, 46.215692622630918 ], [ 7.660542908741861, 46.215737933335738 ], [ 7.660504390327583, 46.215899444242446 ], [ 7.660487821840221, 46.216022159034395 ], [ 7.660490941250711, 46.216132988070719 ], [ 7.660523991079201, 46.216194849321624 ], [ 7.66053528495723, 46.216285880977281 ], [ 7.660410872868047, 46.21636387354517 ], [ 7.660397722653095, 46.216521097868657 ], [ 7.660404155963991, 46.21665663142192 ], [ 7.660394503469709, 46.216720969040963 ], [ 7.660294612658212, 46.216790403666458 ], [ 7.660300861140137, 46.216909178731747 ], [ 7.660371971014085, 46.21700599461559 ], [ 7.660371237430521, 46.217064737506107 ], [ 7.660317781450779, 46.217166942391273 ], [ 7.660299570384455, 46.217271480205959 ], [ 7.660252475464093, 46.217437226746767 ], [ 7.660120987081941, 46.21749662985976 ], [ 7.660121414475136, 46.217497285203869 ], [ 7.660170409274532, 46.217572411465767 ], [ 7.660197682267564, 46.217612496687515 ], [ 7.660219998095508, 46.217692451220159 ], [ 7.660260349471415, 46.217784280720565 ], [ 7.660296144136271, 46.21780060980177 ], [ 7.660296533552031, 46.217801132178373 ], [ 7.660320705833088, 46.217833557763953 ], [ 7.660290045075691, 46.218044601176445 ], [ 7.660304858428434, 46.21811831839414 ], [ 7.660305248428213, 46.218118721503664 ], [ 7.660388901757617, 46.218205186818444 ], [ 7.660511443532121, 46.218294291751057 ], [ 7.660598908302934, 46.218342768976669 ], [ 7.660598946869771, 46.218343091873642 ], [ 7.660611720137281, 46.218450034775699 ], [ 7.660749417841553, 46.218642532543356 ], [ 7.660804576070617, 46.21873574517241 ], [ 7.660804765564354, 46.218735877603159 ], [ 7.660888727351248, 46.218794555650021 ], [ 7.660992678107052, 46.218836775291344 ], [ 7.661089871193014, 46.218896630530764 ], [ 7.661167173423762, 46.21901100225061 ], [ 7.661183804966627, 46.219101222772913 ], [ 7.661513322832181, 46.219233953922398 ], [ 7.661587978236677, 46.219283705952634 ], [ 7.661620613336548, 46.21938925049384 ], [ 7.66175413562372, 46.219541607767518 ], [ 7.661754165887735, 46.219541698901779 ], [ 7.661799993327701, 46.219679699424333 ], [ 7.661750165828654, 46.219753255773433 ], [ 7.661693582874501, 46.219803769585667 ], [ 7.66170073367652, 46.219936396093466 ], [ 7.661719693176727, 46.220034681045242 ], [ 7.661720108214325, 46.220035172851979 ], [ 7.661793011118669, 46.220121560542523 ], [ 7.661787759905712, 46.220200282642423 ], [ 7.661720516752076, 46.220255468182842 ], [ 7.661691906223391, 46.220291524967202 ], [ 7.661739759477763, 46.220416739982134 ], [ 7.661727728944317, 46.220638011184938 ], [ 7.661740710637083, 46.2207766802862 ], [ 7.661711449841717, 46.220815419052911 ], [ 7.661618238274356, 46.220903363717902 ], [ 7.66159331253445, 46.220985012086267 ], [ 7.661593987728748, 46.221080616324585 ], [ 7.661541248203021, 46.221120579625804 ], [ 7.661448027328309, 46.221225507919506 ], [ 7.661360844601254, 46.221371561299733 ], [ 7.661335744372562, 46.221461422965611 ], [ 7.661268853480423, 46.221492229384609 ], [ 7.661203827304686, 46.221599045186906 ], [ 7.661141881928622, 46.221838693392421 ], [ 7.66110031483821, 46.221910946876271 ], [ 7.661104818716603, 46.222074946389966 ], [ 7.661124973391122, 46.222167642819421 ], [ 7.661135600481549, 46.222196219084985 ], [ 7.661207520132979, 46.222263869058168 ], [ 7.661222138531994, 46.222333682453382 ], [ 7.661253905341016, 46.222381701758955 ], [ 7.661301141871588, 46.222778379355695 ], [ 7.661340232511896, 46.222871137528209 ], [ 7.6613688998081, 46.222994879120726 ], [ 7.661361084259258, 46.223090167202912 ], [ 7.661396580333412, 46.223165840715858 ], [ 7.661407167231221, 46.223289383921539 ], [ 7.661400699138688, 46.223409992065051 ], [ 7.661336398437952, 46.2235108694072 ], [ 7.661314923596008, 46.223568303699849 ], [ 7.661316395366272, 46.223643225428567 ], [ 7.661271169499059, 46.223775244144839 ], [ 7.66126325385502, 46.223842852859946 ], [ 7.661231687105563, 46.223952328684241 ], [ 7.661232115401448, 46.223952859002466 ], [ 7.661261869169149, 46.223989700274664 ], [ 7.66126187084353, 46.223989717414206 ], [ 7.661264587635148, 46.224017527424671 ], [ 7.661201692631511, 46.2241551041108 ], [ 7.66118740025769, 46.224232278694821 ], [ 7.661188908325601, 46.224328879829457 ], [ 7.661177470841856, 46.224387841651698 ], [ 7.661152549103799, 46.224420103902794 ], [ 7.661118243001093, 46.224579510829805 ], [ 7.66105620430039, 46.224663426810494 ], [ 7.660978887638201, 46.224827721692968 ], [ 7.660967078882048, 46.224935674435883 ], [ 7.661024238362319, 46.225012600980897 ], [ 7.661034193391406, 46.225133869574805 ], [ 7.661027173893234, 46.225243450140582 ], [ 7.660949190954272, 46.225556399139286 ], [ 7.660894353932974, 46.225642693755638 ], [ 7.66083241767097, 46.225812742595998 ], [ 7.6608400700938, 46.225982987945549 ], [ 7.660892232970177, 46.226153667839689 ], [ 7.660884748004291, 46.226231764597955 ], [ 7.660841080055541, 46.226342892239153 ], [ 7.660830905704472, 46.226390750944738 ], [ 7.660719412418941, 46.226562740892703 ], [ 7.660669850017326, 46.22665560088209 ], [ 7.660676617313117, 46.226719762481181 ], [ 7.660763643386314, 46.226781302143053 ], [ 7.660787833250117, 46.22685562167031 ], [ 7.660842022435279, 46.226947522868144 ], [ 7.660858205001384, 46.227003372040215 ], [ 7.660821398559409, 46.227099940295453 ], [ 7.660686124021418, 46.227320868056921 ], [ 7.660698525475656, 46.227438218802867 ], [ 7.660740461886717, 46.227503480980808 ], [ 7.660769075226546, 46.227581803906439 ], [ 7.660715456111494, 46.227757845488298 ], [ 7.660626239082654, 46.227798653391815 ], [ 7.660540480587326, 46.22785490895739 ], [ 7.660453001308306, 46.227892816730353 ], [ 7.660299057940136, 46.227982597211266 ], [ 7.660131878841239, 46.228017673892865 ], [ 7.659897358117368, 46.228137737503552 ], [ 7.6597564336196, 46.228200414992941 ], [ 7.659696453432328, 46.228266056084315 ], [ 7.65970063436836, 46.228315910732064 ], [ 7.659569262340315, 46.228417151642603 ], [ 7.659574881358678, 46.228524566551883 ], [ 7.659500678448086, 46.228615090173278 ], [ 7.659437749052556, 46.228730536695103 ], [ 7.659403505141642, 46.228823843081464 ], [ 7.659389101937072, 46.228932268492606 ], [ 7.659255653739094, 46.229145814564959 ], [ 7.659137092471333, 46.229245635733328 ], [ 7.659054933673446, 46.229375818281724 ], [ 7.659016512443952, 46.229494212493833 ], [ 7.658902662918821, 46.229644183914615 ], [ 7.658852929071422, 46.229969337687102 ], [ 7.658674059525588, 46.230090181272445 ], [ 7.658529008666602, 46.230227448024884 ], [ 7.658345034429292, 46.230362172248817 ], [ 7.658300428539139, 46.230412993999707 ], [ 7.658139092379885, 46.230504351080157 ], [ 7.657831239532349, 46.230795001510764 ], [ 7.657609028744246, 46.23107674207747 ], [ 7.657261020397689, 46.231307863377708 ], [ 7.657186512641539, 46.231437508073256 ], [ 7.657157179093999, 46.231596427467487 ], [ 7.657101263300564, 46.231701235333617 ], [ 7.657049053105313, 46.231731093413572 ], [ 7.657027183380531, 46.231795454294861 ], [ 7.657059946003617, 46.231852171664649 ], [ 7.657135136059263, 46.231922102869689 ], [ 7.657135094018495, 46.231922215144927 ], [ 7.65710436748689, 46.232004274268057 ], [ 7.65694876546338, 46.232186078694014 ], [ 7.656934864930783, 46.232434744762884 ], [ 7.656903903285107, 46.232663428370259 ], [ 7.65686609507749, 46.232709873593386 ], [ 7.656866853493328, 46.23276020270719 ], [ 7.656879204722521, 46.232811562011214 ], [ 7.656952158272684, 46.232860025066344 ], [ 7.656801034190358, 46.232953114724637 ], [ 7.656791135352395, 46.233080916741855 ], [ 7.656795440571553, 46.233198184546865 ], [ 7.656999387772596, 46.233438911189431 ], [ 7.657034253565456, 46.233687519398984 ], [ 7.657046315904002, 46.233893514201412 ], [ 7.656912767177997, 46.234145648975883 ], [ 7.656665495531864, 46.234363009165619 ], [ 7.656459373864908, 46.234744667052318 ], [ 7.65613427227443, 46.234846302696553 ], [ 7.655952570526015, 46.235026536563808 ], [ 7.655859355021658, 46.235268679643013 ], [ 7.655391065318265, 46.235558937779089 ], [ 7.655270126393369, 46.23611391154936 ], [ 7.655279741149278, 46.236309017508567 ], [ 7.655430692062208, 46.236463319183855 ], [ 7.655705645189669, 46.236585997732945 ], [ 7.65575860880063, 46.236838970603571 ], [ 7.655743290072448, 46.237052124507073 ], [ 7.655703823438563, 46.237122662826607 ], [ 7.653844050900147, 46.238955305797468 ], [ 7.653705032851505, 46.239063274103053 ], [ 7.653130344955836, 46.23904771990459 ], [ 7.652520873085443, 46.239021901360395 ], [ 7.652028398839647, 46.239067815667696 ], [ 7.650578386986422, 46.239592324790074 ], [ 7.649995921595878, 46.239836320206486 ], [ 7.648792968346333, 46.240558240926212 ], [ 7.647343598690941, 46.241262619927483 ], [ 7.646592623114576, 46.241533849423462 ], [ 7.645402148413184, 46.242138758834962 ], [ 7.644975326563977, 46.24240941357241 ], [ 7.644886622319966, 46.242949348814967 ], [ 7.644758354909807, 46.243309416175812 ], [ 7.644564725102146, 46.243534658484151 ], [ 7.644241610328706, 46.243805122243202 ], [ 7.643853403293403, 46.244012751326629 ], [ 7.643231728417278, 46.244193795222252 ], [ 7.643226246482483, 46.244222508972918 ], [ 7.643170162085273, 46.244516272663653 ], [ 7.643168160405247, 46.244526757235853 ], [ 7.643274563635903, 46.245228242931979 ], [ 7.643087769404445, 46.247252642308375 ], [ 7.64281502112332, 46.247747605273226 ], [ 7.639796790714689, 46.247501160748527 ], [ 7.63307666818938, 46.249620778836054 ], [ 7.630579281971228, 46.250612748079178 ], [ 7.629168348552852, 46.250584035155683 ], [ 7.628513415371574, 46.250595998786551 ], [ 7.62710155980617, 46.251043985100992 ], [ 7.625566411485924, 46.251396164348826 ], [ 7.62403252642161, 46.251816957317459 ], [ 7.623111573082433, 46.252230375728715 ], [ 7.621710357696274, 46.25346519709047 ], [ 7.62098980925231, 46.254479605952625 ], [ 7.620397775009967, 46.255158870327783 ], [ 7.619235686001185, 46.255658820766527 ], [ 7.617914536156567, 46.256768869141069 ], [ 7.617666707494589, 46.257817709745154 ], [ 7.616916138708373, 46.258977140461774 ], [ 7.616208943100146, 46.260399188853299 ], [ 7.615910712635936, 46.261878554405236 ], [ 7.616018492708751, 46.262586675306359 ], [ 7.616200897087441, 46.262952989432755 ], [ 7.595326608587904, 46.27807912971717 ], [ 7.594107494921539, 46.278173169693247 ], [ 7.592394966632063, 46.278170333877441 ], [ 7.5884099015171, 46.277432565970827 ], [ 7.580602648932061, 46.27590710116862 ], [ 7.577934289738764, 46.274160514812017 ], [ 7.576350156010213, 46.273629298627384 ], [ 7.575795711741754, 46.273504362120228 ], [ 7.576117070980486, 46.272334498079893 ], [ 7.576245182941835, 46.271704613481262 ], [ 7.576244052206953, 46.271254824566768 ], [ 7.57639832997994, 46.27071488242089 ], [ 7.57652743525403, 46.270471826208265 ], [ 7.57464148296769, 46.268467971955211 ], [ 7.574224775085547, 46.267820748144672 ], [ 7.573767908163655, 46.26666980656983 ], [ 7.573273555742107, 46.266085649829684 ], [ 7.572792515025947, 46.265636409613826 ], [ 7.570844684836977, 46.264721089909372 ], [ 7.570528954350542, 46.26310805527595 ], [ 7.567837028235598, 46.262463754095442 ], [ 7.566845435249703, 46.2610558548648 ], [ 7.566703372121483, 46.258999615903569 ], [ 7.564551517438313, 46.257021900089065 ], [ 7.564762722563174, 46.256982625352371 ], [ 7.565036350495419, 46.256867204991224 ], [ 7.565549206419693, 46.256623320997519 ], [ 7.565718745209598, 46.25624446130724 ], [ 7.565948253571388, 46.255902065532396 ], [ 7.565999249252518, 46.255825968530601 ], [ 7.566111009905232, 46.255530886104616 ], [ 7.566296654040638, 46.255394052637619 ], [ 7.566356800766606, 46.255278618964091 ], [ 7.566356816190027, 46.255278589363442 ], [ 7.566199715002528, 46.255136787640964 ], [ 7.566258591392649, 46.254847962295941 ], [ 7.566197923336794, 46.254595409910195 ], [ 7.566197896552041, 46.254595298409122 ], [ 7.564638951209816, 46.253886812288478 ], [ 7.563682716890584, 46.253452208682688 ], [ 7.56382114079153, 46.253205693597501 ], [ 7.563885160376541, 46.253091648718019 ], [ 7.564063644221268, 46.252773763011682 ], [ 7.564277253852351, 46.252393318727798 ], [ 7.565192874198235, 46.250762451695742 ], [ 7.565253213263786, 46.25065539856849 ], [ 7.565700375937709, 46.249862045834277 ], [ 7.565678226783885, 46.24983326658775 ], [ 7.565484049578331, 46.249570109437435 ], [ 7.565233916506275, 46.249231109181757 ], [ 7.565106119608772, 46.249057905688325 ], [ 7.564438554640065, 46.248275810785479 ], [ 7.564343067754979, 46.248163943158708 ], [ 7.564143061400607, 46.247929625784302 ], [ 7.564142728390472, 46.247929228235883 ], [ 7.563506434474919, 46.247169618795184 ], [ 7.56350627784319, 46.247169431807791 ], [ 7.5633112915, 46.245892088195923 ], [ 7.563194019881697, 46.245123856098921 ], [ 7.563179370924802, 46.245027843935908 ], [ 7.563078505120989, 46.244791000740378 ], [ 7.563115865227955, 46.24450265044787 ], [ 7.563270691745301, 46.243307809487057 ], [ 7.563302927974941, 46.243059090436923 ], [ 7.563381440198691, 46.242453212797038 ], [ 7.563437895674745, 46.242017367402269 ], [ 7.563494796614759, 46.241578274080837 ], [ 7.563564857471408, 46.241037533855149 ], [ 7.563599180303332, 46.240772629341734 ], [ 7.563623157494384, 46.240587491287251 ], [ 7.563712262286497, 46.23989980472907 ], [ 7.563747093322268, 46.23963098653126 ], [ 7.563767222340937, 46.239475655148631 ], [ 7.563729823020639, 46.2393632331001 ], [ 7.563649881538529, 46.239122868188225 ], [ 7.563519266577099, 46.238730074195274 ], [ 7.563163172620783, 46.237659356722176 ], [ 7.56308998449928, 46.237439278149523 ], [ 7.563017449647365, 46.237221177852938 ], [ 7.563002726034481, 46.237176890550636 ], [ 7.562945006673609, 46.237003320293631 ], [ 7.562924524525718, 46.236952094657518 ], [ 7.562888587678291, 46.236906170784273 ], [ 7.562841263887067, 46.236845695479801 ], [ 7.562764887657532, 46.236682220574039 ], [ 7.562715033382154, 46.236311682711609 ], [ 7.562721272523233, 46.236215953608273 ], [ 7.562783824594256, 46.236097107352109 ], [ 7.562853734183252, 46.236050217925204 ], [ 7.562893919814843, 46.236015388037231 ], [ 7.5628918306526, 46.23598589370755 ], [ 7.562817355219275, 46.235831188523541 ], [ 7.562817250844644, 46.235830971709809 ], [ 7.562744677553439, 46.235789131307207 ], [ 7.562668946017732, 46.235720730259068 ], [ 7.562635233547988, 46.235597023357272 ], [ 7.562473760179961, 46.235309438525832 ], [ 7.562427802992271, 46.235193634035973 ], [ 7.562402720261353, 46.235079345084017 ], [ 7.562406919458654, 46.234969863932058 ], [ 7.562440772433145, 46.234679790630395 ], [ 7.562437991978439, 46.234619586030576 ], [ 7.562425613041857, 46.234568306519527 ], [ 7.562166687132036, 46.234194262438216 ], [ 7.562136494327846, 46.234078917568937 ], [ 7.562136482538661, 46.234078872530986 ], [ 7.56193496388906, 46.233856130820961 ], [ 7.561934821110774, 46.233855973005895 ], [ 7.561823700270107, 46.23367034294867 ], [ 7.561689189138125, 46.233305312592044 ], [ 7.561689129140006, 46.233305149771802 ], [ 7.561591874160679, 46.233232309455438 ], [ 7.561493410214968, 46.233169392518633 ], [ 7.561367516693618, 46.233129389904214 ], [ 7.561252150612787, 46.233095843654837 ], [ 7.561130298662777, 46.233071830618023 ], [ 7.561081324400058, 46.233054018023033 ], [ 7.561021349365147, 46.233026645904772 ], [ 7.56092234061203, 46.23296891052896 ], [ 7.560849665814619, 46.232919872541011 ], [ 7.560754318966425, 46.232853209442304 ], [ 7.560653801485101, 46.232787109533447 ], [ 7.560540827029109, 46.23272680705243 ], [ 7.560471585511784, 46.23268954938942 ], [ 7.560380637100081, 46.232640611621939 ], [ 7.560207671780461, 46.23251587442509 ], [ 7.559856615997926, 46.232268959451829 ], [ 7.559667998570522, 46.232157902428725 ], [ 7.559631814794488, 46.232120267277317 ], [ 7.559521470718485, 46.23200544759306 ], [ 7.559353674676489, 46.231889420352921 ], [ 7.558765229260996, 46.231498895682869 ], [ 7.558635609503201, 46.231400143642567 ], [ 7.558521464071132, 46.231270286337285 ], [ 7.558325999035658, 46.231131033061374 ], [ 7.558052817046702, 46.230856656988372 ], [ 7.557903963428797, 46.230644327740578 ], [ 7.557652596190499, 46.230439275002276 ], [ 7.557623439283062, 46.230405885502329 ], [ 7.557623267748248, 46.230405689066487 ], [ 7.55760155552023, 46.230363567328965 ], [ 7.557623942746626, 46.230292631554967 ], [ 7.55751562818167, 46.230249322894132 ], [ 7.556198116451791, 46.229454957307716 ], [ 7.555719789213915, 46.22916643025615 ], [ 7.555136082425448, 46.228814338135706 ], [ 7.554328771018273, 46.228506521881407 ], [ 7.552621860746976, 46.227409195804469 ], [ 7.55122407953418, 46.226805136805829 ], [ 7.549882587727157, 46.225424576920183 ], [ 7.548772838272829, 46.224620341719614 ], [ 7.547672316456297, 46.224295246698702 ], [ 7.546884531266042, 46.224001508807696 ], [ 7.543282348603593, 46.221974539126279 ], [ 7.538737453740539, 46.21913073945376 ], [ 7.537586086673324, 46.218628341719864 ], [ 7.534942273215256, 46.217862956681465 ], [ 7.532985927769031, 46.217239982329858 ], [ 7.530751371760175, 46.216182091002146 ], [ 7.531079684429913, 46.216029122278677 ], [ 7.53181035355786, 46.215688686060147 ], [ 7.531718709629682, 46.215122047184821 ], [ 7.531523294505697, 46.214492532604098 ], [ 7.531205743053404, 46.214299009467481 ], [ 7.531199003175934, 46.214294902031604 ], [ 7.531234548392296, 46.214220593643923 ], [ 7.531328143925235, 46.214024929251956 ], [ 7.5308088351095, 46.213440645168802 ], [ 7.530639928564022, 46.213170922587139 ], [ 7.530639670577411, 46.213009002049233 ], [ 7.530772768045639, 46.212823679666272 ], [ 7.530833600592284, 46.212738977585488 ], [ 7.531028617269493, 46.212249458120645 ], [ 7.531156237737276, 46.211929112681553 ], [ 7.531155569511275, 46.211524311382519 ], [ 7.5312846865419, 46.211236347510585 ], [ 7.531646945572353, 46.210894220060005 ], [ 7.531737468054368, 46.210737805009018 ], [ 7.531969909429838, 46.210336166335551 ], [ 7.532025414801991, 46.21019948651297 ], [ 7.532189200750918, 46.209796169976713 ], [ 7.532464792116926, 46.209377272566861 ], [ 7.532580056308837, 46.209202071608502 ], [ 7.532857904931445, 46.208779743180621 ], [ 7.532899879237762, 46.208715942458376 ], [ 7.53289937505136, 46.208442331695281 ], [ 7.532899329163468, 46.208417429354746 ], [ 7.532899133205493, 46.208311087314186 ], [ 7.532500276716406, 46.207256980247891 ], [ 7.532378486194176, 46.206935109465782 ], [ 7.532213146939732, 46.206651286149992 ], [ 7.532053793978783, 46.206377738976272 ], [ 7.531988548297623, 46.206036004798946 ], [ 7.531702986630127, 46.205658486188035 ], [ 7.531624159767612, 46.205614807249731 ], [ 7.531597323807784, 46.205599937112879 ], [ 7.530630408350815, 46.205064157313451 ], [ 7.530600866253306, 46.205047787672278 ], [ 7.530056560910794, 46.204806163763898 ], [ 7.52958967805915, 46.204598908661737 ], [ 7.529013918926762, 46.204389049255226 ], [ 7.528850323487216, 46.20396990314751 ], [ 7.528719678193476, 46.203385355832147 ], [ 7.528716984387281, 46.201946171183963 ], [ 7.528845301835644, 46.201271445409638 ], [ 7.529323153143411, 46.200461463346109 ], [ 7.529516688579362, 46.200038462579435 ], [ 7.529813870283198, 46.199606383099365 ], [ 7.530266398502325, 46.199111200026842 ], [ 7.530654556775595, 46.198823010654174 ], [ 7.531068289502873, 46.198345873836303 ], [ 7.531624495566664, 46.197850628248986 ], [ 7.532102910711112, 46.197292411613141 ], [ 7.532425979056018, 46.196815290139547 ], [ 7.532909005936602, 46.19670079916839 ], [ 7.533073448187919, 46.196661821724668 ], [ 7.533706057048262, 46.196067571740521 ], [ 7.53388829512935, 46.195896383849252 ], [ 7.534107357525244, 46.195194409715995 ], [ 7.534362738693245, 46.194955173769308 ], [ 7.534153888228083, 46.194889186384849 ], [ 7.533973623958943, 46.194828913899428 ], [ 7.533722324415518, 46.194702465871671 ], [ 7.533418846526801, 46.194499481227993 ], [ 7.533151535767572, 46.194273068271606 ], [ 7.532990631084011, 46.194135062016713 ], [ 7.532961278549017, 46.194109886656136 ], [ 7.532960877206649, 46.194109542429011 ], [ 7.532950094584506, 46.193962950243588 ], [ 7.532880702787665, 46.193596087288455 ], [ 7.532880695846721, 46.193596050592831 ], [ 7.532648225304798, 46.19331023677691 ], [ 7.532304622239386, 46.193087482951007 ], [ 7.532020493142627, 46.192881771010043 ], [ 7.531708004886062, 46.192664351261833 ], [ 7.531316541035756, 46.192460488247846 ], [ 7.530965361046559, 46.19225480115179 ], [ 7.530696988462216, 46.192077805044342 ], [ 7.530472610555971, 46.191864808526383 ], [ 7.530351739016126, 46.191580654242593 ], [ 7.530236457173194, 46.191385147030232 ], [ 7.53023617077237, 46.191384661321251 ], [ 7.530076776725346, 46.191324518798709 ], [ 7.529791636248182, 46.191193510439888 ], [ 7.529509224279053, 46.191090295551362 ], [ 7.529130757451052, 46.190956589204639 ], [ 7.528770476004522, 46.190845329201927 ], [ 7.528399956608321, 46.190745779365734 ], [ 7.528156136273921, 46.190563369565808 ], [ 7.52793170849799, 46.190357555540622 ], [ 7.52781034365522, 46.190244920248773 ], [ 7.527725426302117, 46.190166110845396 ], [ 7.527515269885019, 46.189972887668816 ], [ 7.527262364704891, 46.189783277564928 ], [ 7.526908618518314, 46.189628926700401 ], [ 7.526573124800549, 46.189543777064131 ], [ 7.526573001639497, 46.189543745805366 ], [ 7.526443387545312, 46.189319443478247 ], [ 7.526443105978279, 46.189318956215338 ], [ 7.526183864607447, 46.189204929489705 ], [ 7.525824988347005, 46.189078366537998 ], [ 7.525436253657611, 46.188989615616578 ], [ 7.52511495690985, 46.188946698749156 ], [ 7.524841473699745, 46.188758915943573 ], [ 7.524602839721378, 46.188566680404392 ], [ 7.524359312419476, 46.188300162503253 ], [ 7.524198244175078, 46.18808076839008 ], [ 7.524197924226447, 46.188080332581976 ], [ 7.524005887678642, 46.187865490926221 ], [ 7.523737505731554, 46.187695683820934 ], [ 7.523285248351333, 46.187484641911219 ], [ 7.523222704582816, 46.18733356247084 ], [ 7.523136820002104, 46.187079950625673 ], [ 7.523111834257451, 46.186842485713555 ], [ 7.522902920155568, 46.186587174567848 ], [ 7.522725036574342, 46.186321045484732 ], [ 7.522696141411308, 46.186066491764592 ], [ 7.522529974316166, 46.185821043595467 ], [ 7.522459713049571, 46.185608817449378 ], [ 7.522360963403428, 46.185416384452878 ], [ 7.522268663467898, 46.185197859457716 ], [ 7.522141378019073, 46.184967665732273 ], [ 7.521941892239096, 46.184702953513948 ], [ 7.521941513608953, 46.184702451082018 ], [ 7.521769174127223, 46.184513922645188 ], [ 7.521768951085922, 46.184513678652181 ], [ 7.521576807227118, 46.184221462001162 ], [ 7.52166326648089, 46.184013601206701 ], [ 7.521783344771736, 46.183770633095939 ], [ 7.521860715736761, 46.183557381425004 ], [ 7.521919860022536, 46.183358535933657 ], [ 7.521938918873653, 46.183115551368878 ], [ 7.521908746912436, 46.182878099029978 ], [ 7.521891552498399, 46.182649623807436 ], [ 7.521879551457523, 46.182421144798177 ], [ 7.5219761880019, 46.182188988291529 ], [ 7.522040164394541, 46.182021637688599 ], [ 7.522058745062746, 46.181973034041249 ], [ 7.522142580843868, 46.181755279681077 ], [ 7.52223028401018, 46.181517732151121 ], [ 7.52231789654758, 46.181306271805774 ], [ 7.522496353568863, 46.181136115357852 ], [ 7.522492072365798, 46.180873694306527 ], [ 7.522492068487024, 46.180873456552774 ], [ 7.522259956539006, 46.180700929699604 ], [ 7.521966990809026, 46.180518533686424 ], [ 7.521661280746338, 46.180384731823835 ], [ 7.521661279583885, 46.180384731315058 ], [ 7.521556148407337, 46.180246275802908 ], [ 7.521371867284905, 46.179996341395949 ], [ 7.521236744119872, 46.179710388814158 ], [ 7.521202702347789, 46.179471131026183 ], [ 7.521204609777418, 46.179390626306045 ], [ 7.521208670251343, 46.179219250485886 ], [ 7.521211008935009, 46.17904332636413 ], [ 7.521212138237861, 46.178958376178173 ], [ 7.521201413453564, 46.178723599320371 ], [ 7.52104942603447, 46.178415178783979 ], [ 7.520910903161447, 46.178217871788959 ], [ 7.520910555241536, 46.17821737622436 ], [ 7.520649951176618, 46.178023268246662 ], [ 7.52042697987892, 46.177872311491633 ], [ 7.52014451571381, 46.17769261093845 ], [ 7.519981040308165, 46.177482231001719 ], [ 7.519824034913135, 46.177285357589327 ], [ 7.519643557649546, 46.176976937459855 ], [ 7.519557684928442, 46.17670893013559 ], [ 7.519550751826465, 46.176484954159214 ], [ 7.519558142734653, 46.176244766998607 ], [ 7.519599212777639, 46.175994660827271 ], [ 7.519628584882553, 46.175723873115977 ], [ 7.519646297269563, 46.175449495444425 ], [ 7.519740367356461, 46.175226338343997 ], [ 7.519756762935135, 46.174937568675261 ], [ 7.519756372089749, 46.174672109481705 ], [ 7.519814219750581, 46.174403109616271 ], [ 7.51989271834458, 46.17415927364673 ], [ 7.519955789054785, 46.173911850386041 ], [ 7.519901044055747, 46.173676205271519 ], [ 7.520046983264784, 46.173418827812036 ], [ 7.520217405723119, 46.173169519694945 ], [ 7.520347872393665, 46.172967025921572 ], [ 7.520464111811093, 46.172767240871615 ], [ 7.520296672130001, 46.172493904272564 ], [ 7.520179724147527, 46.172241212201747 ], [ 7.520057601274806, 46.171973240223153 ], [ 7.520000308004624, 46.171764583728759 ], [ 7.520000492885421, 46.171719757880439 ], [ 7.520001261443426, 46.171533414760368 ], [ 7.519999473174183, 46.171286937280932 ], [ 7.519997258026644, 46.171124502646045 ], [ 7.519996540064546, 46.171071855177168 ], [ 7.519919762356204, 46.170820033781638 ], [ 7.519840398433743, 46.170570013292981 ], [ 7.519775472615019, 46.170366597158107 ], [ 7.519759736484803, 46.170317295002981 ], [ 7.519752969922133, 46.170118506615545 ], [ 7.51975388654117, 46.169879223691744 ], [ 7.519750923857243, 46.169634546183715 ], [ 7.51971934804363, 46.169381792990492 ], [ 7.519712505264648, 46.169139825912808 ], [ 7.519710821672072, 46.168884352818388 ], [ 7.519633976689396, 46.168574959644054 ], [ 7.519462656086778, 46.168318716233287 ], [ 7.519529436194059, 46.16808729470786 ], [ 7.519529641568341, 46.168086582998463 ], [ 7.519264272423482, 46.168129967478443 ], [ 7.518853831277729, 46.168042100004833 ], [ 7.518474339489244, 46.167974908214653 ], [ 7.518129877282544, 46.16793004476412 ], [ 7.517756886048933, 46.167781229205417 ], [ 7.517492840636395, 46.167582901467512 ], [ 7.517492452555454, 46.16758260997517 ], [ 7.517433836582523, 46.167344267769302 ], [ 7.517316919477283, 46.167087084017588 ], [ 7.517121157742266, 46.166903709063291 ], [ 7.51682567070643, 46.166723109764497 ], [ 7.516545770711437, 46.166558691092035 ], [ 7.516150729072843, 46.166361974872345 ], [ 7.515855680709026, 46.166222113689606 ], [ 7.518206171598722, 46.164896100044835 ], [ 7.519745084436456, 46.163169459632371 ], [ 7.518926851117804, 46.161446190104591 ], [ 7.519178537750282, 46.160973871353008 ], [ 7.51949611646524, 46.160230657813941 ], [ 7.520614500152984, 46.158722836633089 ], [ 7.520615437893991, 46.158721572357003 ], [ 7.520677993467918, 46.158664045722446 ], [ 7.520724900667913, 46.158608077548791 ], [ 7.5207449491707, 46.158553684917997 ], [ 7.520740362340766, 46.158489990603393 ], [ 7.520706688560021, 46.15840922563337 ], [ 7.520621444445636, 46.158243048819848 ], [ 7.52046662596242, 46.157975002077237 ], [ 7.520363436755019, 46.157779314489453 ], [ 7.520170619893968, 46.157479603174814 ], [ 7.520092065640162, 46.157361705727311 ], [ 7.520089911383542, 46.157358472530582 ], [ 7.520015573860761, 46.157273643394845 ], [ 7.519943909345929, 46.157219316273519 ], [ 7.519852093084614, 46.157149468105715 ], [ 7.519751268277848, 46.157036132701748 ], [ 7.519701949078441, 46.156956934793179 ], [ 7.519663787518637, 46.156868400539921 ], [ 7.519661442287299, 46.156787622017113 ], [ 7.519692263076354, 46.156505733051787 ], [ 7.519705533455169, 46.156401635927651 ], [ 7.519734437664032, 46.156286652054554 ], [ 7.519899701164742, 46.15598891618837 ], [ 7.519950994744696, 46.155880123257859 ], [ 7.519986602512045, 46.155755806144903 ], [ 7.520006522259301, 46.155614417629074 ], [ 7.52001077160316, 46.155459052181342 ], [ 7.519994861318151, 46.155291269237438 ], [ 7.519965384163311, 46.155148836471064 ], [ 7.519907009664048, 46.154993515645018 ], [ 7.519853134080004, 46.154869271267451 ], [ 7.519797064356883, 46.154766761711748 ], [ 7.519633452334594, 46.154547817945733 ], [ 7.519380853022967, 46.15425045063526 ], [ 7.519022397931469, 46.15391553792206 ], [ 7.518722771592746, 46.153657045115693 ], [ 7.518521982195759, 46.153502399147598 ], [ 7.518161765842376, 46.153168753330945 ], [ 7.517956298001334, 46.152977042907644 ], [ 7.517918692501308, 46.15294195534215 ], [ 7.517762466918334, 46.152774008615303 ], [ 7.51753605544713, 46.152511045088893 ], [ 7.51739292089221, 46.152332483560343 ], [ 7.517392552925187, 46.152332024518472 ], [ 7.517331909630616, 46.152230353502659 ], [ 7.517293549290772, 46.152115407643208 ], [ 7.51726468112561, 46.151967270600849 ], [ 7.517267660247912, 46.151823537437942 ], [ 7.517312010223682, 46.151664294407063 ], [ 7.517375525513905, 46.151538825477523 ], [ 7.517467692382249, 46.151428188405205 ], [ 7.517591667484353, 46.151304278797184 ], [ 7.517671106596821, 46.151209140722038 ], [ 7.51771239771556, 46.151138353027044 ], [ 7.517750466624303, 46.151041039635572 ], [ 7.517791598297472, 46.150877381832302 ], [ 7.517823302005394, 46.150782276744437 ], [ 7.51788679149227, 46.150658399765398 ], [ 7.518055420245394, 46.150329602694534 ], [ 7.518179299002083, 46.150141572145472 ], [ 7.518255589884888, 46.15006411213821 ], [ 7.518335492521375, 46.150010864169857 ], [ 7.518554517806014, 46.149864903386366 ], [ 7.51900563110803, 46.149557421244708 ], [ 7.519168283603221, 46.149446556108735 ], [ 7.520129913181807, 46.148807575314791 ], [ 7.52116123036555, 46.148109075284069 ], [ 7.521843676850001, 46.147636663412328 ], [ 7.521764731274057, 46.147381471920774 ], [ 7.521761261968542, 46.147123571714197 ], [ 7.52176388888617, 46.146823028111719 ], [ 7.521787999616486, 46.14653952443976 ], [ 7.521806114304168, 46.146364980279778 ], [ 7.521806139607487, 46.146364736469522 ], [ 7.521766210167357, 46.146337050253535 ], [ 7.521677213834677, 46.146324332383529 ], [ 7.521158710094798, 46.146348151075237 ], [ 7.520701539148991, 46.146354876695256 ], [ 7.520308810398618, 46.146355158507269 ], [ 7.519965123591549, 46.146331961576067 ], [ 7.519509007978354, 46.146281721723057 ], [ 7.519076282827677, 46.146215955195125 ], [ 7.518889058457309, 46.146177720952039 ], [ 7.518677243549294, 46.146103251541625 ], [ 7.518434983582273, 46.146015673289249 ], [ 7.518324206290801, 46.145975626715689 ], [ 7.518146170313987, 46.145918188300406 ], [ 7.517774810800867, 46.145854505963754 ], [ 7.517550796802869, 46.145826954742816 ], [ 7.517369703267812, 46.145784458841788 ], [ 7.517071958914383, 46.145692999075877 ], [ 7.51680176637803, 46.145563171592855 ], [ 7.516430246426243, 46.145373736020417 ], [ 7.51620126190037, 46.14524246671192 ], [ 7.515927964646779, 46.145082800982898 ], [ 7.515752980469987, 46.145010442094453 ], [ 7.515620965430214, 46.144948713707095 ], [ 7.515476612542624, 46.144846504459693 ], [ 7.515335235522048, 46.144678220651031 ], [ 7.515252211997266, 46.144546131636083 ], [ 7.51515815759084, 46.144399973263752 ], [ 7.51515075033217, 46.144388462555092 ], [ 7.515116794594874, 46.144241416920075 ], [ 7.515121399628394, 46.143995634896321 ], [ 7.515121698921565, 46.143979660879857 ], [ 7.516129888239622, 46.143124420990745 ], [ 7.516220034854267, 46.142809497250745 ], [ 7.516866690323613, 46.142539207176156 ], [ 7.519980058507955, 46.141737661368666 ], [ 7.521070777566276, 46.141456852535086 ], [ 7.521196521598394, 46.141408170942242 ], [ 7.521303566994523, 46.141366728495214 ], [ 7.521756338338442, 46.141276461871655 ], [ 7.522324717973739, 46.141004213626395 ], [ 7.52279081736308, 46.140780956611216 ], [ 7.522945666547881, 46.140492984414479 ], [ 7.523720710305184, 46.139610844205521 ], [ 7.524147148220818, 46.139232711832051 ], [ 7.524625413983488, 46.138917507667287 ], [ 7.525440089480187, 46.138557059047912 ], [ 7.525594534104894, 46.138464818082063 ], [ 7.52589259731569, 46.13828680192578 ], [ 7.526236325205054, 46.137789564138579 ], [ 7.526409054564505, 46.137539693333402 ], [ 7.526668893380964, 46.137112951034496 ], [ 7.527396064620399, 46.135918692491273 ], [ 7.527790123054233, 46.13527151666031 ], [ 7.527789420825185, 46.134821703525297 ], [ 7.527853826285173, 46.13464172405277 ], [ 7.528112169600978, 46.134344632244741 ], [ 7.528282881917661, 46.13426991154796 ], [ 7.528668174039382, 46.134101269376401 ], [ 7.529249901927896, 46.133758923228889 ], [ 7.529813821441297, 46.133384068912733 ], [ 7.530090070758138, 46.133200437656335 ], [ 7.530309672216233, 46.132975345342757 ], [ 7.530606405157895, 46.132435319023685 ], [ 7.530696538567109, 46.132165352653438 ], [ 7.53089033132614, 46.131985266832594 ], [ 7.531213111803145, 46.131553173470365 ], [ 7.531536180044479, 46.131309994547053 ], [ 7.531794507281633, 46.131039881014487 ], [ 7.532117567566011, 46.13078771388016 ], [ 7.532762797501539, 46.129752586071049 ], [ 7.533511790612302, 46.128897288233574 ], [ 7.533666562267679, 46.128609265572869 ], [ 7.534248122021916, 46.12822191609056 ], [ 7.536597647590844, 46.127174510259501 ], [ 7.536613984525457, 46.127167227342134 ], [ 7.536638501599226, 46.126375534887821 ], [ 7.536934072251162, 46.125232755332775 ], [ 7.537256800258517, 46.124827631501851 ], [ 7.537669379202063, 46.124017601954996 ], [ 7.537966614122378, 46.123837395990741 ], [ 7.538590908756463, 46.123608188778263 ], [ 7.538703558204188, 46.123566829995902 ], [ 7.539065352172121, 46.123314599968083 ], [ 7.538831522551305, 46.12277504624182 ], [ 7.538869758568643, 46.12246015042453 ], [ 7.53903058929121, 46.122247914821855 ], [ 7.539347306194918, 46.121829968537313 ], [ 7.539579759866196, 46.121604846911744 ], [ 7.539902860671599, 46.121424621905113 ], [ 7.540122138189179, 46.121064559702347 ], [ 7.540483829442536, 46.120776343056079 ], [ 7.54096208365441, 46.120550980305353 ], [ 7.54167278036625, 46.120118489694612 ], [ 7.542034757509269, 46.119983192101358 ], [ 7.542071393598734, 46.119948352670306 ], [ 7.542744991527315, 46.119307788436139 ], [ 7.543094024994063, 46.119172517279267 ], [ 7.543290038540272, 46.119012618272876 ], [ 7.543661685174278, 46.118709445718451 ], [ 7.543778587866139, 46.118614081777366 ], [ 7.544131062967098, 46.1182863283857 ], [ 7.544359688102411, 46.118073738437317 ], [ 7.544747290120355, 46.117821457234413 ], [ 7.544681997526025, 46.117488673983068 ], [ 7.544583143685506, 46.117310039028055 ], [ 7.544383461627632, 46.116949201297956 ], [ 7.544437366819767, 46.116617308507273 ], [ 7.544485756742154, 46.116319373081275 ], [ 7.54474296809579, 46.115527453603363 ], [ 7.544785722958892, 46.115269640681333 ], [ 7.544832495431388, 46.114987601471526 ], [ 7.544881630009791, 46.114946279160506 ], [ 7.545191301596557, 46.114685844533057 ], [ 7.545666166142008, 46.114286482188326 ], [ 7.545710681642626, 46.114249044534006 ], [ 7.545904198613483, 46.113978977885502 ], [ 7.54596763770862, 46.113788110678733 ], [ 7.54603280058778, 46.113592057177286 ], [ 7.546252081280367, 46.113277005886772 ], [ 7.546347272501114, 46.113027377140199 ], [ 7.546355026865075, 46.113007042154045 ], [ 7.546257351472521, 46.112191577498955 ], [ 7.546223589783122, 46.111909710554976 ], [ 7.546751416256161, 46.111383772371298 ], [ 7.546765767180843, 46.111369472786784 ], [ 7.54706281448169, 46.111144301381358 ], [ 7.547280379465599, 46.110894327716323 ], [ 7.547282216705764, 46.110892216799165 ], [ 7.547669005194957, 46.110262158700927 ], [ 7.548030531285564, 46.109946967499617 ], [ 7.548637935093212, 46.10956760516256 ], [ 7.548896030839815, 46.109406407941897 ], [ 7.549018494186533, 46.109311505999742 ], [ 7.549128482547698, 46.109226271442886 ], [ 7.54934709392288, 46.108596370986419 ], [ 7.54948192659745, 46.1083803376508 ], [ 7.549558791609065, 46.108273035844178 ], [ 7.549687190185416, 46.108195548837948 ], [ 7.549849746547599, 46.108125404611023 ], [ 7.550078666971843, 46.108064100684089 ], [ 7.550487412658784, 46.107966997134952 ], [ 7.550669231416784, 46.107893864239941 ], [ 7.550917424865361, 46.107771549856672 ], [ 7.551208393484428, 46.107696868920883 ], [ 7.551370446054576, 46.107634998894575 ], [ 7.551562899100065, 46.107514267609091 ], [ 7.551663422188036, 46.107468020565776 ], [ 7.551937449371816, 46.107386239614961 ], [ 7.552033593002943, 46.107357546412118 ], [ 7.55220898118473, 46.107303757857153 ], [ 7.552435767788002, 46.107214205282013 ], [ 7.552743839198572, 46.107094795425851 ], [ 7.552778108858269, 46.107081310795401 ], [ 7.553414243466709, 46.106831000748905 ], [ 7.554173822814484, 46.106541474157396 ], [ 7.554588739168962, 46.106374364164211 ], [ 7.554887784255407, 46.106271959224671 ], [ 7.554990466119829, 46.106209335124852 ], [ 7.555234096879209, 46.106017120575487 ], [ 7.555323839036351, 46.105951540923485 ], [ 7.555785785888574, 46.105706926627548 ], [ 7.55599749476275, 46.105587607199986 ], [ 7.556162144692586, 46.105475802363827 ], [ 7.556260508162461, 46.105390872641195 ], [ 7.556367210318041, 46.105274629720142 ], [ 7.556553778512739, 46.105072216531305 ], [ 7.556647759500462, 46.104994667361851 ], [ 7.556788908049254, 46.104900787143265 ], [ 7.557103352406838, 46.10474861498421 ], [ 7.557285045534269, 46.104626355911471 ], [ 7.557456007440519, 46.10450563701292 ], [ 7.557883591302795, 46.104228306307036 ], [ 7.55804797774646, 46.104117938282307 ], [ 7.558138566807219, 46.104028517328317 ], [ 7.558182813258242, 46.103977645984273 ], [ 7.558196016061645, 46.103923748820471 ], [ 7.558186824878994, 46.103800519636472 ], [ 7.558157725128485, 46.103680369885957 ], [ 7.558164245520171, 46.103586449619314 ], [ 7.558172854956433, 46.103501702602138 ], [ 7.558245409413708, 46.103207382217519 ], [ 7.558335855201563, 46.102993642945833 ], [ 7.558377219054651, 46.102688560709211 ], [ 7.55838345358528, 46.102463665732166 ], [ 7.558333983264045, 46.102134121438901 ], [ 7.558349243556539, 46.102015814060302 ], [ 7.558397733789227, 46.101895582585136 ], [ 7.558536771430728, 46.10166901826549 ], [ 7.558709055322304, 46.101448625554383 ], [ 7.558954323593996, 46.101134061990628 ], [ 7.559334720851024, 46.100701422907882 ], [ 7.559571270034402, 46.100482489814041 ], [ 7.559785971758782, 46.100267267702939 ], [ 7.560084361924032, 46.100005088983295 ], [ 7.560484765997252, 46.09962199003742 ], [ 7.560831741587468, 46.099288962349689 ], [ 7.56107579699165, 46.099078293924087 ], [ 7.561318878678557, 46.098837760850913 ], [ 7.561655048624864, 46.098476586292229 ], [ 7.561318033685875, 46.097416647400642 ], [ 7.563403324674188, 46.097323039786716 ], [ 7.563483560808216, 46.097319438028926 ], [ 7.564000266887405, 46.097093998319657 ], [ 7.564710395293621, 46.09664344428591 ], [ 7.565324275794678, 46.096137543199269 ], [ 7.565542306597315, 46.095957863245623 ], [ 7.565781545734277, 46.095760705428837 ], [ 7.566104276683696, 46.095535455179871 ], [ 7.566582306756171, 46.095382011315074 ], [ 7.567073437147895, 46.095291501333442 ], [ 7.567541901453922, 46.094981503715033 ], [ 7.567932274051949, 46.094723181844785 ], [ 7.568067486814174, 46.094633707292019 ], [ 7.568648571590952, 46.094318208519752 ], [ 7.56922939302479, 46.093894760674083 ], [ 7.570300200730513, 46.092922024003606 ], [ 7.570234894138415, 46.09265224282003 ], [ 7.570234127628392, 46.092332285579403 ], [ 7.57023409678069, 46.092319409106146 ], [ 7.570255087426417, 46.092286400425067 ], [ 7.570491698032574, 46.091914320207003 ], [ 7.570873985663124, 46.091580713594745 ], [ 7.570904565877803, 46.091554027505509 ], [ 7.571808147186329, 46.090968279189241 ], [ 7.5723247586464, 46.090742783438643 ], [ 7.572305682132019, 46.090517331150032 ], [ 7.572301764589223, 46.090471032388557 ], [ 7.572298121759703, 46.090427980275578 ], [ 7.572644992899461, 46.089528027190184 ], [ 7.572876982741876, 46.089230909489451 ], [ 7.57293493655274, 46.088998124628837 ], [ 7.572966589741823, 46.088870982287396 ], [ 7.572835520975413, 46.088151513127144 ], [ 7.572938243575209, 46.087863534686733 ], [ 7.573518786257354, 46.087368100952851 ], [ 7.573740213053029, 46.087213501618393 ], [ 7.57390595224178, 46.087097783156246 ], [ 7.573985958107913, 46.087073811714333 ], [ 7.574448530071324, 46.086935215415224 ], [ 7.574900506664173, 46.086736780811215 ], [ 7.575197402570493, 46.086556513248738 ], [ 7.575481118691718, 46.086286323525108 ], [ 7.575674744804801, 46.086169147927315 ], [ 7.576191858081555, 46.086168522031926 ], [ 7.576256046424884, 46.08598853363511 ], [ 7.576357944479401, 46.085385718668952 ], [ 7.576448018799534, 46.085223698788923 ], [ 7.576446845063096, 46.084755932853675 ], [ 7.576732019366963, 46.084328754609459 ], [ 7.576763262160614, 46.084281954313795 ], [ 7.576807444201581, 46.084215771609287 ], [ 7.576548264355003, 46.083964212321916 ], [ 7.576478814972124, 46.083837482935444 ], [ 7.576119678321891, 46.083182139929399 ], [ 7.575833066643901, 46.082300934579415 ], [ 7.575265671958003, 46.081210157177345 ], [ 7.575248532980862, 46.081177208668265 ], [ 7.575224327335396, 46.081147849667644 ], [ 7.57511893104485, 46.081020014623398 ], [ 7.574989218472314, 46.080862686387611 ], [ 7.574889025911875, 46.08078824069068 ], [ 7.574626606277912, 46.080593256028607 ], [ 7.574576785333777, 46.08053111017869 ], [ 7.574432082339285, 46.080350609974722 ], [ 7.574358523378963, 46.080063428681378 ], [ 7.574275454535313, 46.079739119884024 ], [ 7.574236107555198, 46.079514278891388 ], [ 7.574106068575098, 46.079199591028484 ], [ 7.573950400480933, 46.07897489780666 ], [ 7.573550084344149, 46.078697267128305 ], [ 7.573302978611402, 46.078525892242546 ], [ 7.573267732681344, 46.078493929679638 ], [ 7.573134565939885, 46.078373168208905 ], [ 7.573134209248534, 46.078227472791802 ], [ 7.573133508869532, 46.077941393494996 ], [ 7.573197640629522, 46.077743416000054 ], [ 7.573494382809525, 46.07751817560068 ], [ 7.574059213057539, 46.077210786771637 ], [ 7.574488307481128, 46.076977267350749 ], [ 7.574914104767137, 46.07667992240291 ], [ 7.575327163871069, 46.076454546357859 ], [ 7.575818096442715, 46.076363998423233 ], [ 7.576258815135892, 46.076232855123763 ], [ 7.576425144069638, 46.076183361136998 ], [ 7.576715563999605, 46.076017398905179 ], [ 7.577560933982353, 46.075534307097179 ], [ 7.578231812671839, 46.075056738732989 ], [ 7.579715780338926, 46.074139828676827 ], [ 7.579909401635834, 46.074020194456921 ], [ 7.580206104089709, 46.073850616131217 ], [ 7.581045079219001, 46.073371105443414 ], [ 7.582040641038887, 46.073504801344278 ], [ 7.582622258359051, 46.073504064171615 ], [ 7.58314516179919, 46.073466998472313 ], [ 7.583268381348722, 46.073458264127844 ], [ 7.583526627465179, 46.073367988180507 ], [ 7.58363378489677, 46.073315577135119 ], [ 7.584061138632872, 46.073106557044504 ], [ 7.584172032863846, 46.073052318318481 ], [ 7.585050709136685, 46.072979231691029 ], [ 7.585438161665235, 46.072870784367552 ], [ 7.585760783671373, 46.072690464722996 ], [ 7.586083102425164, 46.072393193817923 ], [ 7.58633789863955, 46.072208715689868 ], [ 7.586792544164114, 46.071879542214894 ], [ 7.587562392692267, 46.071106570337399 ], [ 7.587913887761361, 46.070753649219085 ], [ 7.58833939160237, 46.070393276304756 ], [ 7.589073869968026, 46.069600716277364 ], [ 7.589266988159851, 46.069330603269755 ], [ 7.589425283998154, 46.069219995669876 ], [ 7.589524957577162, 46.069150349774795 ], [ 7.589692422444511, 46.068952225328914 ], [ 7.589975120310551, 46.068367148626962 ], [ 7.5904263146302, 46.067961755975965 ], [ 7.59035993116786, 46.067332176809472 ], [ 7.590682143392117, 46.067016901926976 ], [ 7.5907461737443, 46.066809928156509 ], [ 7.590615571825702, 46.066315350108482 ], [ 7.590420667619445, 46.065937808756402 ], [ 7.590716900757639, 46.065577591031584 ], [ 7.590845419103142, 46.06532555309569 ], [ 7.590842974423093, 46.06445300962141 ], [ 7.591035977787239, 46.064155898295041 ], [ 7.591293754771159, 46.063912681463087 ], [ 7.591834230195129, 46.063102364925712 ], [ 7.591898326888244, 46.062922368012963 ], [ 7.591742055035395, 46.062490803742755 ], [ 7.592025966869159, 46.062355487075067 ], [ 7.593097696790387, 46.062063680947652 ], [ 7.593420471960666, 46.061975797078219 ], [ 7.594840993714725, 46.061659013511992 ], [ 7.59596519653166, 46.061657466824819 ], [ 7.596201869901387, 46.061644778930848 ], [ 7.596481999703638, 46.06162976136789 ], [ 7.596998568827483, 46.061521103257952 ], [ 7.597514654317839, 46.061250515254237 ], [ 7.59794019049839, 46.060953083723511 ], [ 7.598609964239474, 46.060214516882134 ], [ 7.59890504882492, 46.059494467898446 ], [ 7.598863650272556, 46.059102283682797 ], [ 7.598838590741002, 46.058864885219194 ], [ 7.598943293158756, 46.058553910750589 ], [ 7.599120389055471, 46.05802792191907 ], [ 7.599127872013275, 46.057985537542663 ], [ 7.599183929616052, 46.057668020512772 ], [ 7.599441165306613, 46.057262857705993 ], [ 7.599763067901772, 46.056884597861639 ], [ 7.600446456711691, 46.056406870630632 ], [ 7.60098859719206, 46.05622620258341 ], [ 7.605121542103382, 46.055680489409028 ], [ 7.606310142875434, 46.0555816929893 ], [ 7.606994547177441, 46.055524805347737 ], [ 7.607485251891165, 46.055434137546925 ], [ 7.608259068434902, 46.054983214474895 ], [ 7.608819098167071, 46.054610422361272 ], [ 7.608836507787649, 46.054598833388617 ], [ 7.608840478116274, 46.05459535933101 ], [ 7.609211295906558, 46.054270891890823 ], [ 7.609283486677085, 46.054207724601845 ], [ 7.609870083192623, 46.053694449686759 ], [ 7.610136102400414, 46.05353842492331 ], [ 7.610669651963756, 46.053225489082706 ], [ 7.610991694277167, 46.052928156486963 ], [ 7.611199745876558, 46.052475701584534 ], [ 7.611248326082988, 46.052370053021271 ], [ 7.611544773260523, 46.052144712939374 ], [ 7.611505645601346, 46.052027831107942 ], [ 7.611220776186261, 46.051830373614024 ], [ 7.611169793254292, 46.051736346286496 ], [ 7.611093988298477, 46.051596539940853 ], [ 7.611025837663672, 46.0514708503853 ], [ 7.610894780553743, 46.050886359994898 ], [ 7.610661512358496, 46.050661827076325 ], [ 7.610208335802288, 46.050347681134923 ], [ 7.609664785685904, 46.050051660967263 ], [ 7.609431679003807, 46.049872102810106 ], [ 7.609210908087581, 46.049512624503599 ], [ 7.60910670385825, 46.04924291635129 ], [ 7.608688155104538, 46.048873665817624 ], [ 7.608394194278044, 46.048614328784375 ], [ 7.607849619340045, 46.047985467892062 ], [ 7.607801438489017, 46.047965436360393 ], [ 7.607590911492058, 46.04787790826331 ], [ 7.607460936370774, 46.047626237105746 ], [ 7.607266673237751, 46.047473603107655 ], [ 7.607204908671717, 46.047446085016091 ], [ 7.606955934167275, 46.047335158903422 ], [ 7.606904454449681, 46.047312223041104 ], [ 7.606267349358845, 46.046924888327922 ], [ 7.60606316739424, 46.046800753763883 ], [ 7.606229613520637, 46.046323745954311 ], [ 7.606299562210362, 46.045973295318916 ], [ 7.606382271764738, 46.045558911346916 ], [ 7.606422185281427, 46.044977900369204 ], [ 7.606444074137801, 46.044659269817501 ], [ 7.606675345928105, 46.044254129312726 ], [ 7.606739178750726, 46.044011165076199 ], [ 7.606801304167779, 46.043219468971124 ], [ 7.607275638949806, 46.042049366666461 ], [ 7.607313757145872, 46.041851408943984 ], [ 7.607442294202214, 46.041644320912752 ], [ 7.607725907241822, 46.041463987681276 ], [ 7.608241985152743, 46.041265296669636 ], [ 7.608564122249938, 46.041012939625624 ], [ 7.609037054493106, 46.040442225291223 ], [ 7.609310480037485, 46.040112267078761 ], [ 7.609849248202294, 46.038924066003531 ], [ 7.610209116803426, 46.038356804892977 ], [ 7.610291430605415, 46.037973431101946 ], [ 7.61037415850882, 46.037588128647357 ], [ 7.610425505585692, 46.037348981347108 ], [ 7.610543796378519, 46.036974346824813 ], [ 7.610681254709791, 46.036539007479789 ], [ 7.610615252358351, 46.036089333175362 ], [ 7.610730184717735, 46.035990718321258 ], [ 7.611202687741231, 46.035585298846932 ], [ 7.611297920525738, 46.035503586723379 ], [ 7.611321186395165, 46.035473179416378 ], [ 7.611446804536915, 46.035309002899673 ], [ 7.611490864773459, 46.035251418413381 ], [ 7.611515112355203, 46.034756629345019 ], [ 7.611638372008, 46.034577324725902 ], [ 7.611682250141099, 46.034513495632076 ], [ 7.611939839046229, 46.034288214172676 ] ] ] } },
{ "type": "Feature", "properties": { "geo_point_2d": { "lon": 7.470952120986386, "lat": 46.165424661411855 }, "year": "2023", "kan_code": [ "23" ], "kan_name": [ "Valais" ], "bez_code": [ "2305", "2311" ], "bez_name": [ "Hérens", "Sierre" ], "gem_code": [ "6083", "6084", "6087", "6089", "6090", "6252" ], "gem_name": [ "Anniviers", "Evolène", "Hérémence", "Mont-Noble", "Saint-Martin (VS)", "Vex" ], "plz_code": [ "1969" ], "plz_area_code": "CHE", "plz_type": "PLZ4/NPA4" }, "geometry": { "type": "Polygon", "coordinates": [ [ [ 7.465558848931791, 46.145979950140145 ], [ 7.466141350442945, 46.146204730299544 ], [ 7.468600448964613, 46.146635973841811 ], [ 7.46905339995642, 46.146635856352312 ], [ 7.47077479928698, 46.146923296033627 ], [ 7.471357241095798, 46.14705809372898 ], [ 7.471616037052255, 46.146995051602538 ], [ 7.471059388857302, 46.146725314699957 ], [ 7.470256855947851, 46.146428664548765 ], [ 7.469376718676203, 46.146203984682423 ], [ 7.468962414782635, 46.145889239956723 ], [ 7.468918335358342, 46.145690557596581 ], [ 7.468858640144584, 46.145421489065193 ], [ 7.468961908545724, 46.144926706660129 ], [ 7.469351735362665, 46.14378159384114 ], [ 7.469375368647978, 46.143712171275041 ], [ 7.469463529221444, 46.143517413641931 ], [ 7.469672660439529, 46.143055416862154 ], [ 7.469693629351426, 46.142672615262057 ], [ 7.469698284509189, 46.142587632223865 ], [ 7.469742668004916, 46.142492572882141 ], [ 7.469866307577687, 46.142227765070004 ], [ 7.470060273826584, 46.14195784619664 ], [ 7.470230816768416, 46.141461236430949 ], [ 7.470608920239266, 46.14099232971266 ], [ 7.470991189121283, 46.140518257240991 ], [ 7.471055773295951, 46.140311332528171 ], [ 7.47118507585635, 46.140131367318475 ], [ 7.471546569025927, 46.138646927396422 ], [ 7.471960380564043, 46.138179013657087 ], [ 7.472024877931281, 46.1378371551843 ], [ 7.472024665863213, 46.137459315130499 ], [ 7.472128035522319, 46.137207400925789 ], [ 7.472580664989726, 46.136784469481796 ], [ 7.473615021823366, 46.135452766620702 ], [ 7.473872968255474, 46.135030795265699 ], [ 7.473873533566891, 46.135029870479791 ], [ 7.474132395002596, 46.135164733670102 ], [ 7.474456028687874, 46.13543453647484 ], [ 7.474805498234273, 46.1356323389045 ], [ 7.475258639376618, 46.136082018867846 ], [ 7.47568573056969, 46.136243820784998 ], [ 7.475944644288837, 46.136441657659645 ], [ 7.476351828356672, 46.136944419391234 ], [ 7.476527370446669, 46.137161166194723 ], [ 7.476915714947699, 46.13743093176609 ], [ 7.479012407549877, 46.138176938634096 ], [ 7.479361135300695, 46.13821355973198 ], [ 7.479439453693601, 46.138221784215197 ], [ 7.480345397501803, 46.138464376168628 ], [ 7.481406779023929, 46.138913809985233 ], [ 7.481795159175408, 46.139165576678643 ], [ 7.482183649553343, 46.139570266390152 ], [ 7.482183738608327, 46.13957043457642 ], [ 7.48274086089448, 46.140622597119183 ], [ 7.483025889169487, 46.141054301199659 ], [ 7.483026190455726, 46.141432123330453 ], [ 7.485290840027318, 46.141548224160168 ], [ 7.489431847500332, 46.141654505993948 ], [ 7.490790673597024, 46.141743888579697 ], [ 7.49128240696, 46.141743664181547 ], [ 7.492019946407928, 46.141680372701671 ], [ 7.4924080331623, 46.141545258231922 ], [ 7.493546226808099, 46.140978026300687 ], [ 7.494606943228453, 46.140599709372616 ], [ 7.495939423303253, 46.140257247169771 ], [ 7.497492064633137, 46.140103562995684 ], [ 7.498294310135238, 46.140058188331984 ], [ 7.499459070357065, 46.14021052722083 ], [ 7.499782660579183, 46.140300328451815 ], [ 7.501270864026414, 46.140389506602652 ], [ 7.503859248047687, 46.140702968178609 ], [ 7.505153348373736, 46.140774214479691 ], [ 7.506421702871335, 46.140953407861836 ], [ 7.50732784571356, 46.141222769737034 ], [ 7.508842140073554, 46.1414467656654 ], [ 7.509359788594538, 46.14146445562794 ], [ 7.511301823257366, 46.142227913418317 ], [ 7.511793991124234, 46.14254245279789 ], [ 7.512273113508743, 46.142794047541543 ], [ 7.512726069511751, 46.142811754752614 ], [ 7.513282762198041, 46.142991312423696 ], [ 7.51483684841558, 46.143871895640721 ], [ 7.515121698921565, 46.143979660879857 ], [ 7.515121399628394, 46.143995634896321 ], [ 7.515116794594874, 46.144241416920075 ], [ 7.51515075033217, 46.144388462555092 ], [ 7.51515815759084, 46.144399973263752 ], [ 7.515252211997266, 46.144546131636083 ], [ 7.515335235522048, 46.144678220651031 ], [ 7.515476612542624, 46.144846504459693 ], [ 7.515620965430214, 46.144948713707095 ], [ 7.515752980469987, 46.145010442094453 ], [ 7.515927964646779, 46.145082800982898 ], [ 7.51620126190037, 46.14524246671192 ], [ 7.516430246426243, 46.145373736020417 ], [ 7.51680176637803, 46.145563171592855 ], [ 7.517071958914383, 46.145692999075877 ], [ 7.517369703267812, 46.145784458841788 ], [ 7.517550796802869, 46.145826954742816 ], [ 7.517774810800867, 46.145854505963754 ], [ 7.518146170313987, 46.145918188300406 ], [ 7.518324206290801, 46.145975626715689 ], [ 7.518434983582273, 46.146015673289249 ], [ 7.518677243549294, 46.146103251541625 ], [ 7.518889058457309, 46.146177720952039 ], [ 7.519076282827677, 46.146215955195125 ], [ 7.519509007978354, 46.146281721723057 ], [ 7.519965123591549, 46.146331961576067 ], [ 7.520308810398618, 46.146355158507269 ], [ 7.520701539148991, 46.146354876695256 ], [ 7.521158710094798, 46.146348151075237 ], [ 7.521677213834677, 46.146324332383529 ], [ 7.521766210167357, 46.146337050253535 ], [ 7.521806139607487, 46.146364736469522 ], [ 7.521806114304168, 46.146364980279778 ], [ 7.521787999616486, 46.14653952443976 ], [ 7.52176388888617, 46.146823028111719 ], [ 7.521761261968542, 46.147123571714197 ], [ 7.521764731274057, 46.147381471920774 ], [ 7.521843676850001, 46.147636663412328 ], [ 7.52116123036555, 46.148109075284069 ], [ 7.520129913181807, 46.148807575314791 ], [ 7.519168283603221, 46.149446556108735 ], [ 7.51900563110803, 46.149557421244708 ], [ 7.518554517806014, 46.149864903386366 ], [ 7.518335492521375, 46.150010864169857 ], [ 7.518255589884888, 46.15006411213821 ], [ 7.518179299002083, 46.150141572145472 ], [ 7.518055420245394, 46.150329602694534 ], [ 7.51788679149227, 46.150658399765398 ], [ 7.517823302005394, 46.150782276744437 ], [ 7.517791598297472, 46.150877381832302 ], [ 7.517750466624303, 46.151041039635572 ], [ 7.51771239771556, 46.151138353027044 ], [ 7.517671106596821, 46.151209140722038 ], [ 7.517591667484353, 46.151304278797184 ], [ 7.517467692382249, 46.151428188405205 ], [ 7.517375525513905, 46.151538825477523 ], [ 7.517312010223682, 46.151664294407063 ], [ 7.517267660247912, 46.151823537437942 ], [ 7.51726468112561, 46.151967270600849 ], [ 7.517293549290772, 46.152115407643208 ], [ 7.517331909630616, 46.152230353502659 ], [ 7.517392552925187, 46.152332024518472 ], [ 7.51739292089221, 46.152332483560343 ], [ 7.51753605544713, 46.152511045088893 ], [ 7.517762466918334, 46.152774008615303 ], [ 7.517918692501308, 46.15294195534215 ], [ 7.517956298001334, 46.152977042907644 ], [ 7.518161765842376, 46.153168753330945 ], [ 7.518521982195759, 46.153502399147598 ], [ 7.518722771592746, 46.153657045115693 ], [ 7.519022397931469, 46.15391553792206 ], [ 7.519380853022967, 46.15425045063526 ], [ 7.519633452334594, 46.154547817945733 ], [ 7.519797064356883, 46.154766761711748 ], [ 7.519853134080004, 46.154869271267451 ], [ 7.519907009664048, 46.154993515645018 ], [ 7.519965384163311, 46.155148836471064 ], [ 7.519994861318151, 46.155291269237438 ], [ 7.52001077160316, 46.155459052181342 ], [ 7.520006522259301, 46.155614417629074 ], [ 7.519986602512045, 46.155755806144903 ], [ 7.519950994744696, 46.155880123257859 ], [ 7.519899701164742, 46.15598891618837 ], [ 7.519734437664032, 46.156286652054554 ], [ 7.519705533455169, 46.156401635927651 ], [ 7.519692263076354, 46.156505733051787 ], [ 7.519661442287299, 46.156787622017113 ], [ 7.519663787518637, 46.156868400539921 ], [ 7.519701949078441, 46.156956934793179 ], [ 7.519751268277848, 46.157036132701748 ], [ 7.519852093084614, 46.157149468105715 ], [ 7.519943909345929, 46.157219316273519 ], [ 7.520015573860761, 46.157273643394845 ], [ 7.520089911383542, 46.157358472530582 ], [ 7.520092065640162, 46.157361705727311 ], [ 7.520170619893968, 46.157479603174814 ], [ 7.520363436755019, 46.157779314489453 ], [ 7.52046662596242, 46.157975002077237 ], [ 7.520621444445636, 46.158243048819848 ], [ 7.520706688560021, 46.15840922563337 ], [ 7.520740362340766, 46.158489990603393 ], [ 7.5207449491707, 46.158553684917997 ], [ 7.520724900667913, 46.158608077548791 ], [ 7.520677993467918, 46.158664045722446 ], [ 7.520615437893991, 46.158721572357003 ], [ 7.520614500152984, 46.158722836633089 ], [ 7.51949611646524, 46.160230657813941 ], [ 7.519178537750282, 46.160973871353008 ], [ 7.518926851117804, 46.161446190104591 ], [ 7.519745084436456, 46.163169459632371 ], [ 7.518206171598722, 46.164896100044835 ], [ 7.515855680709026, 46.166222113689606 ], [ 7.515124722587665, 46.165712286365114 ], [ 7.51508726671169, 46.165686161709708 ], [ 7.515078562651372, 46.165573386789788 ], [ 7.515060886613184, 46.16534436565275 ], [ 7.514866089689088, 46.164921703987112 ], [ 7.514742551900921, 46.164738250907774 ], [ 7.514411982192305, 46.164247356324992 ], [ 7.51395866050358, 46.164130722698545 ], [ 7.513493050001206, 46.164054529967885 ], [ 7.512953160911012, 46.163966182252736 ], [ 7.51275431952149, 46.163933643750369 ], [ 7.512550125781922, 46.163824217795366 ], [ 7.51132920609449, 46.163169935724497 ], [ 7.511273552047083, 46.163145920127015 ], [ 7.510746340392029, 46.162918419999272 ], [ 7.509904687789247, 46.162765996161319 ], [ 7.508583916055529, 46.162496917747106 ], [ 7.507936566505829, 46.162425329329814 ], [ 7.507624090514164, 46.162381435569536 ], [ 7.506214536407647, 46.162183434341607 ], [ 7.505541205963854, 46.162021891848823 ], [ 7.504505643468984, 46.162067461464737 ], [ 7.503592730506037, 46.162186391874492 ], [ 7.502622247035821, 46.162312822324552 ], [ 7.502564133416444, 46.162320393119188 ], [ 7.502558436290694, 46.162324027784514 ], [ 7.501679644269096, 46.16288468152996 ], [ 7.501011816751549, 46.163310743658222 ], [ 7.50013226709016, 46.163985877847544 ], [ 7.499718514434331, 46.164453868754435 ], [ 7.499162401793072, 46.164975906847936 ], [ 7.498748662602981, 46.16547088092014 ], [ 7.498257606720893, 46.166298729808403 ], [ 7.49810444433893, 46.166507121389664 ], [ 7.497973203354399, 46.166685686882978 ], [ 7.497585162061891, 46.167018723161107 ], [ 7.497352462333409, 46.167333687525407 ], [ 7.496355586476511, 46.167334175627921 ], [ 7.496168908502204, 46.16738832369073 ], [ 7.495734323527043, 46.167514379989655 ], [ 7.495125937818272, 46.167604627883357 ], [ 7.494569398603513, 46.167766811799325 ], [ 7.494459734364399, 46.167856990328417 ], [ 7.493857923369554, 46.168351868428566 ], [ 7.493687452301795, 46.168660446300827 ], [ 7.493534818811916, 46.168936735516127 ], [ 7.493309224670933, 46.169238796016955 ], [ 7.492698150094974, 46.170056997640692 ], [ 7.492522179516665, 46.170292614402655 ], [ 7.492345243930083, 46.170529523267682 ], [ 7.492077741287674, 46.171062196987812 ], [ 7.491722194440917, 46.171770191719517 ], [ 7.491699094422884, 46.171816190414816 ], [ 7.491919848989466, 46.172490783150316 ], [ 7.491925439397136, 46.172517841370102 ], [ 7.491984893685369, 46.172805607002417 ], [ 7.491959360277516, 46.173183432926976 ], [ 7.491532373003319, 46.173498475409346 ], [ 7.490989182621238, 46.174173392227544 ], [ 7.490626926041215, 46.174488401784046 ], [ 7.490238721851513, 46.174740443822174 ], [ 7.490083543951402, 46.174965402736213 ], [ 7.490019007641234, 46.175190329951114 ], [ 7.490083977816351, 46.175433181390687 ], [ 7.489954018436375, 46.176061063850199 ], [ 7.489916388747791, 46.176242866975315 ], [ 7.489486193429693, 46.177017827672778 ], [ 7.48881751959451, 46.178222387369019 ], [ 7.488791904773368, 46.178537261684596 ], [ 7.488662674610482, 46.178834171976099 ], [ 7.486931930191664, 46.178763620374006 ], [ 7.48691448622631, 46.178762909292871 ], [ 7.485839864922461, 46.178970235229727 ], [ 7.485062963571687, 46.179033502104858 ], [ 7.483807166160808, 46.179375806211432 ], [ 7.482771376832266, 46.179574101120394 ], [ 7.481891486211645, 46.180455991958617 ], [ 7.481373805750354, 46.180833999099399 ], [ 7.480791292463294, 46.181149049536323 ], [ 7.48020890622827, 46.181626026302276 ], [ 7.479147506498755, 46.182319044916298 ], [ 7.478694652902591, 46.182903906329436 ], [ 7.478267473981173, 46.183200907653735 ], [ 7.477684872962947, 46.183470955231442 ], [ 7.476713735707714, 46.183741119336887 ], [ 7.476325217391084, 46.183759228681815 ], [ 7.474874907297738, 46.184074491882804 ], [ 7.473929636303778, 46.184326632784959 ], [ 7.473061991917792, 46.184461800251299 ], [ 7.471339730700424, 46.184885045329686 ], [ 7.471016026422082, 46.185020051655506 ], [ 7.469824753979649, 46.185515116056855 ], [ 7.467584502322232, 46.186190290704829 ], [ 7.464450605934998, 46.187045514997209 ], [ 7.46218434516853, 46.18781056200487 ], [ 7.458040131288078, 46.189052598161467 ], [ 7.453986428665769, 46.190465377727854 ], [ 7.452716218568061, 46.191008414179684 ], [ 7.452605930130506, 46.19105556436525 ], [ 7.452302743921289, 46.191185181633756 ], [ 7.451810311219997, 46.191616871046406 ], [ 7.451426869645965, 46.192046271044447 ], [ 7.450015167183175, 46.192208960626019 ], [ 7.449890293445255, 46.192242903441574 ], [ 7.449827795297516, 46.192244312447869 ], [ 7.449721042000574, 46.192274637204825 ], [ 7.44952664493969, 46.192287005448541 ], [ 7.449476068838194, 46.192317549895279 ], [ 7.4493348120948, 46.192297142231652 ], [ 7.448939135912072, 46.192301169797723 ], [ 7.448739102260797, 46.192303210225674 ], [ 7.448532881477187, 46.192253544190542 ], [ 7.448003656027486, 46.192233956604568 ], [ 7.447423112390771, 46.192133877659614 ], [ 7.447308020557294, 46.192103525520217 ], [ 7.447093074029364, 46.192072037522259 ], [ 7.4469955306108, 46.192113189766793 ], [ 7.446793527852654, 46.192108687089366 ], [ 7.446603699847348, 46.192095619499618 ], [ 7.446371226055391, 46.19204572625911 ], [ 7.446128726931293, 46.191994573741482 ], [ 7.445930359694786, 46.19194916640194 ], [ 7.445690757478903, 46.191965227760853 ], [ 7.445635541023285, 46.19196294537155 ], [ 7.445522316258993, 46.191958265190827 ], [ 7.445358058762223, 46.191950087751685 ], [ 7.44511022751658, 46.191929590259214 ], [ 7.44480037271589, 46.191857325544937 ], [ 7.444624458144282, 46.191850901715995 ], [ 7.444171466376983, 46.191834890958923 ], [ 7.443828844788301, 46.191792373294476 ], [ 7.443725233447894, 46.191781366563639 ], [ 7.443402957807296, 46.191685233195003 ], [ 7.44314653740558, 46.191614104554723 ], [ 7.442922876948697, 46.191566704706247 ], [ 7.442753465608335, 46.191555600066593 ], [ 7.442380447740383, 46.191536926143783 ], [ 7.442219405057473, 46.191544351390199 ], [ 7.441909190092544, 46.191691912750649 ], [ 7.441828091259714, 46.191729711425985 ], [ 7.441781956087, 46.191751214181998 ], [ 7.441671805979021, 46.191791129676993 ], [ 7.441514543117468, 46.191754097687415 ], [ 7.441305493503133, 46.191678835068082 ], [ 7.44096512581237, 46.191514166683298 ], [ 7.440699421123508, 46.191390633342422 ], [ 7.44053322137846, 46.191282777869915 ], [ 7.440362877841901, 46.191205273271066 ], [ 7.440108237418235, 46.191054544823096 ], [ 7.439897871645561, 46.191044497563965 ], [ 7.438914746059085, 46.190930459152682 ], [ 7.438670822010363, 46.190827763925064 ], [ 7.43841598080726, 46.190676410966248 ], [ 7.438138370185116, 46.190529312055965 ], [ 7.437877351611168, 46.190437733434692 ], [ 7.437610102789908, 46.190371989408163 ], [ 7.437425335626898, 46.190331730825655 ], [ 7.437285006440337, 46.19035291266141 ], [ 7.4371468534468, 46.19036811230874 ], [ 7.436960556760666, 46.190358590829661 ], [ 7.43670549634381, 46.190320659276466 ], [ 7.436436084399474, 46.190290238058559 ], [ 7.436260019534642, 46.190298823809719 ], [ 7.436055832105507, 46.190345522686535 ], [ 7.43586763288565, 46.190317945215256 ], [ 7.435671655722135, 46.190201535809351 ], [ 7.43549517024615, 46.190121208040537 ], [ 7.435393137080029, 46.190031329470813 ], [ 7.435315608079816, 46.189970678374792 ], [ 7.435224398884701, 46.189941898039145 ], [ 7.435131664360039, 46.18987673044942 ], [ 7.434954024923234, 46.189832267167191 ], [ 7.434694011303946, 46.189752753297455 ], [ 7.434528874039922, 46.189683345143358 ], [ 7.434353585105812, 46.189586796615266 ], [ 7.434121036949583, 46.189463816052175 ], [ 7.433865068809411, 46.189371256879383 ], [ 7.433613347277643, 46.189302706552596 ], [ 7.433351909045458, 46.189261222828506 ], [ 7.433128851133688, 46.189201155828862 ], [ 7.432887860290376, 46.189201690547172 ], [ 7.432476922060244, 46.189202610002951 ], [ 7.432250327563775, 46.189156016423063 ], [ 7.432189315965836, 46.189106536762388 ], [ 7.43185804732326, 46.188837924601998 ], [ 7.431796108334964, 46.188757239001639 ], [ 7.431630838666089, 46.188586371208089 ], [ 7.431630798304195, 46.18858632947903 ], [ 7.431524352593907, 46.188443436161165 ], [ 7.431301327695046, 46.18837189619159 ], [ 7.431078903340496, 46.188273674939317 ], [ 7.430904737716271, 46.188184812367048 ], [ 7.430697865809872, 46.188113857157759 ], [ 7.430438074089839, 46.188032876225016 ], [ 7.430333619417025, 46.188012195884319 ], [ 7.430045381550128, 46.187957235926277 ], [ 7.429735803816353, 46.187877598501949 ], [ 7.429505779543091, 46.187859991867271 ], [ 7.429319851280361, 46.187872505975299 ], [ 7.429249082140407, 46.187937744459312 ], [ 7.429146262034998, 46.188042011760601 ], [ 7.428972913347904, 46.188101303469203 ], [ 7.428919316122831, 46.188109619334462 ], [ 7.428782719545073, 46.188130808940855 ], [ 7.428498417515456, 46.188088250311587 ], [ 7.428385229717634, 46.188087411557916 ], [ 7.428081754824984, 46.188065611773858 ], [ 7.427831349823305, 46.188080041902616 ], [ 7.427632528671546, 46.188112899889632 ], [ 7.427431161939984, 46.188175964407108 ], [ 7.427180924715411, 46.188303872341443 ], [ 7.426980573922485, 46.188393095311611 ], [ 7.426827721143967, 46.188413489127171 ], [ 7.426545228477938, 46.18844172099017 ], [ 7.426289963478873, 46.188406365603797 ], [ 7.426040930076451, 46.188365792951522 ], [ 7.425771447951059, 46.188316212676902 ], [ 7.425481179357253, 46.188312236752424 ], [ 7.425232992023646, 46.188308886129803 ], [ 7.424999544147385, 46.188354175961884 ], [ 7.424717093163459, 46.188464649835822 ], [ 7.424525571734377, 46.188551629712158 ], [ 7.424305631619276, 46.188642131691324 ], [ 7.424078026204303, 46.188721612605882 ], [ 7.423805242005026, 46.188759041422344 ], [ 7.423575689930789, 46.188803303359173 ], [ 7.423352885667954, 46.188847322918463 ], [ 7.423129534285366, 46.188943390381468 ], [ 7.422848272050635, 46.188998698862875 ], [ 7.422708833393536, 46.188981091760517 ], [ 7.422470342467361, 46.188942734711887 ], [ 7.422172134327908, 46.188887942041994 ], [ 7.421925594560818, 46.188868995062172 ], [ 7.421751083870106, 46.188884907813375 ], [ 7.421513919336604, 46.188873031939572 ], [ 7.4211946311426, 46.188842323474958 ], [ 7.421034414514168, 46.188835100813826 ], [ 7.420514413947052, 46.188967402164636 ], [ 7.420062213313138, 46.188926736859059 ], [ 7.419793299329023, 46.188960639378365 ], [ 7.419514322865905, 46.188989744825612 ], [ 7.419226653676122, 46.18905740307153 ], [ 7.418806542792775, 46.189066933849205 ], [ 7.418588607960933, 46.189133388873088 ], [ 7.418351834708129, 46.189279711689757 ], [ 7.418174774905608, 46.189448048534402 ], [ 7.418106500795294, 46.189552051462904 ], [ 7.418166504536581, 46.189662906393842 ], [ 7.418205076745419, 46.189795220692986 ], [ 7.418211395291623, 46.189933025180657 ], [ 7.418167875078389, 46.190031482557622 ], [ 7.41800669433224, 46.190096058137655 ], [ 7.417802082528835, 46.190162622139127 ], [ 7.417679567629303, 46.190251258884686 ], [ 7.417528502079012, 46.190282705021694 ], [ 7.417343645123396, 46.190340852185862 ], [ 7.417131045860979, 46.19036136502298 ], [ 7.416937160999616, 46.190355389229474 ], [ 7.416698628648446, 46.19034931410917 ], [ 7.416432955207707, 46.190356114595751 ], [ 7.416185359260518, 46.190402984519039 ], [ 7.415927546798847, 46.190471567091315 ], [ 7.415639357591208, 46.190456681642921 ], [ 7.415446719342765, 46.190413938616281 ], [ 7.415132784191505, 46.19039149907718 ], [ 7.414871463740954, 46.190395391258619 ], [ 7.414633078002874, 46.190380406180886 ], [ 7.414460329068553, 46.190352661495886 ], [ 7.41432636092429, 46.190323665844979 ], [ 7.414214741644087, 46.190282800891417 ], [ 7.414068565032546, 46.190242062959079 ], [ 7.413976503371896, 46.190220020889861 ], [ 7.413976353159342, 46.19021998492488 ], [ 7.414062453539978, 46.190154606545264 ], [ 7.414127312936055, 46.189947722835747 ], [ 7.414321696268232, 46.189740868138713 ], [ 7.414580893767673, 46.189417084937105 ], [ 7.414558226861765, 46.189251228496317 ], [ 7.414555075832188, 46.189228172038909 ], [ 7.414425710494319, 46.188886311260681 ], [ 7.414470418791405, 46.188760650958379 ], [ 7.414472891876798, 46.188753699929634 ], [ 7.414488188195981, 46.188739829814843 ], [ 7.414669251092009, 46.188575648934311 ], [ 7.414769948319239, 46.188389498590524 ], [ 7.414909612598647, 46.188014359557535 ], [ 7.414927765757077, 46.187826400893961 ], [ 7.414886463107855, 46.187680816411408 ], [ 7.414819477646111, 46.18750536995902 ], [ 7.414827235152166, 46.187449886928462 ], [ 7.414884009037021, 46.187408726595002 ], [ 7.415069761731816, 46.187387285626606 ], [ 7.415552157620638, 46.187439302795738 ], [ 7.415688867232972, 46.187433961443574 ], [ 7.415779178790519, 46.187408918833 ], [ 7.41586691985449, 46.187367764528652 ], [ 7.416040859616262, 46.187227128060641 ], [ 7.416089972673896, 46.187017694227272 ], [ 7.415981727430769, 46.186794878159347 ], [ 7.416033391601641, 46.186615885926685 ], [ 7.416105671062049, 46.18650491352868 ], [ 7.41612342059877, 46.186401351122647 ], [ 7.416453414388033, 46.185977331648992 ], [ 7.417360999184384, 46.185330021179645 ], [ 7.417380576572305, 46.18496123332968 ], [ 7.417497070241247, 46.18474583907642 ], [ 7.417468046652045, 46.184553975719808 ], [ 7.41736630892312, 46.184251029682805 ], [ 7.41731672820357, 46.184181707018503 ], [ 7.417249776617166, 46.184088096792784 ], [ 7.416963740128036, 46.183741368310415 ], [ 7.416925002229243, 46.18362019012222 ], [ 7.416978415774574, 46.183455275919549 ], [ 7.417158309935872, 46.183316105234908 ], [ 7.41734749317655, 46.183198336571252 ], [ 7.417657934653094, 46.183144549749784 ], [ 7.417741668104274, 46.18309716828243 ], [ 7.417926654703899, 46.182975745634039 ], [ 7.417994305757116, 46.182855379781927 ], [ 7.417980375692226, 46.182712113566566 ], [ 7.417819793419005, 46.182369621140374 ], [ 7.417749178660163, 46.182130037323056 ], [ 7.417751835405784, 46.181899139389238 ], [ 7.41795239708083, 46.181517621636154 ], [ 7.418494053698249, 46.18094249300993 ], [ 7.418558362497832, 46.180714422185844 ], [ 7.41892999140216, 46.180251335582305 ], [ 7.419162002614418, 46.180124693093163 ], [ 7.420183640910029, 46.179759751829515 ], [ 7.420507525964195, 46.179489939761233 ], [ 7.421284771842299, 46.179067276371747 ], [ 7.421841768655941, 46.178842475889631 ], [ 7.42219153821143, 46.178617631944007 ], [ 7.422450699084555, 46.178257857589294 ], [ 7.422683992548671, 46.177826105194136 ], [ 7.423655513646452, 46.177241525111107 ], [ 7.424328992938552, 46.176998746598343 ], [ 7.425080211641639, 46.176522089180274 ], [ 7.425339285807255, 46.176234263816809 ], [ 7.425922055959611, 46.175757534471771 ], [ 7.426271775564508, 46.175109877025484 ], [ 7.427217125281793, 46.174435262603232 ], [ 7.427931813921127, 46.173804497133453 ], [ 7.427995377053476, 46.173569323452888 ], [ 7.428174139878488, 46.173348176533601 ], [ 7.428297933808738, 46.17313230425642 ], [ 7.428647059422354, 46.172897149389847 ], [ 7.429033669584208, 46.172517824940371 ], [ 7.429198511267161, 46.17246943504707 ], [ 7.429258570364438, 46.172444540812101 ], [ 7.429355443196802, 46.172341532348305 ], [ 7.429689019313845, 46.172117185537189 ], [ 7.430196215783511, 46.171663114430849 ], [ 7.430251165059178, 46.171375935404647 ], [ 7.43036979996777, 46.171195224138494 ], [ 7.430660482122845, 46.171044229838898 ], [ 7.431527561788401, 46.17075363912209 ], [ 7.431829564937158, 46.170713755898582 ], [ 7.43204778999495, 46.170613982804888 ], [ 7.432547615194693, 46.170532146343803 ], [ 7.432766865412656, 46.170294128012202 ], [ 7.432969808815902, 46.169872697643065 ], [ 7.433282108355707, 46.169419311811517 ], [ 7.433282224102417, 46.169419346317653 ], [ 7.436494848573887, 46.170377086453492 ], [ 7.441287571414171, 46.165941436609181 ], [ 7.443068882448417, 46.164558345072102 ], [ 7.443111628393953, 46.164508328390639 ], [ 7.444948658458963, 46.163140480005751 ], [ 7.445130382991673, 46.163012302382029 ], [ 7.445582082864923, 46.161937471116879 ], [ 7.447400052512347, 46.159500479298302 ], [ 7.447445203364507, 46.159485309636175 ], [ 7.448173967084151, 46.159308196744966 ], [ 7.450057306294982, 46.159001144774635 ], [ 7.452287969336643, 46.158263935896294 ], [ 7.455020165961002, 46.157925118787546 ], [ 7.45558733502648, 46.157271844919684 ], [ 7.455926134720567, 46.156918315697673 ], [ 7.455928425065624, 46.156915463772457 ], [ 7.456592138643553, 46.156138086076197 ], [ 7.457500631522667, 46.155506492914014 ], [ 7.45815001961232, 46.154514321391453 ], [ 7.458297516900243, 46.154098971974193 ], [ 7.458608752448996, 46.153611054663322 ], [ 7.459776497752368, 46.150616274853512 ], [ 7.459971446158433, 46.150336477902684 ], [ 7.465558663161688, 46.145980094986086 ], [ 7.465558848931791, 46.145979950140145 ] ] ] } },
{ "type": "Feature", "properties": { "geo_point_2d": { "lon": 7.77739194423758, "lat": 46.25338888318312 }, "year": "2023", "kan_code": [ "23" ], "kan_name": [ "Valais" ], "bez_code": [ "2306", "2309", "2313" ], "bez_name": [ "Leuk", "Raron", "Visp" ], "gem_code": [ "6104", "6193", "6194", "6198", "6201", "6283", "6296" ], "gem_name": [ "Bürchen", "Eischoll", "Embd", "Ergisch", "Niedergesteln", "Törbel", "Unterbäch" ], "plz_code": [ "3944" ], "plz_area_code": "CHE", "plz_type": "PLZ4/NPA4" }, "geometry": { "type": "Polygon", "coordinates": [ [ [ 7.762453583708895, 46.222056608300768 ], [ 7.762771021112318, 46.221784202010454 ], [ 7.763457121892323, 46.221647301542625 ], [ 7.76378042338066, 46.221529430233375 ], [ 7.764491056382139, 46.221167552230824 ], [ 7.764943830001179, 46.2210312957029 ], [ 7.765617199594725, 46.220939388120662 ], [ 7.766523167624962, 46.220738846352319 ], [ 7.767337828284579, 46.220439609899707 ], [ 7.767687087600645, 46.22033063871352 ], [ 7.767881318979156, 46.220303087256504 ], [ 7.768335611716721, 46.220418709547005 ], [ 7.768917978502169, 46.22028206873739 ], [ 7.769409885053665, 46.220190667506884 ], [ 7.769603296594778, 46.220028162364976 ], [ 7.76966698998429, 46.219848062731515 ], [ 7.769822121795539, 46.219784639499267 ], [ 7.770249620637596, 46.219756392635077 ], [ 7.770637748083699, 46.219647298490671 ], [ 7.771543934433963, 46.219482689409126 ], [ 7.771997691541432, 46.219508341784504 ], [ 7.772348145826595, 46.21959726649326 ], [ 7.773190632235798, 46.219612754375873 ], [ 7.774588892665189, 46.219383687490065 ], [ 7.775262682474327, 46.219363686471937 ], [ 7.775912152515913, 46.219604637508894 ], [ 7.776366469445961, 46.219720227454758 ], [ 7.777014832933137, 46.219781252918132 ], [ 7.777508032189565, 46.219896722107428 ], [ 7.777768172659024, 46.220048869978989 ], [ 7.778183997299016, 46.220227519656802 ], [ 7.778806898363701, 46.220360585625812 ], [ 7.779677354748363, 46.220699803622693 ], [ 7.780197262730603, 46.22094111121659 ], [ 7.780974465532474, 46.220875785843525 ], [ 7.78181742686351, 46.220963182455002 ], [ 7.782401182397714, 46.221051350871207 ], [ 7.7828297061163, 46.221184984558256 ], [ 7.783675633268642, 46.221740142797088 ], [ 7.784780823173471, 46.222303498346207 ], [ 7.785132287613342, 46.2225453250431 ], [ 7.785392233269426, 46.222661455347051 ], [ 7.785756949103149, 46.222948217967193 ], [ 7.786302909389919, 46.223198422458651 ], [ 7.786563262326994, 46.223377536622635 ], [ 7.786758929930344, 46.223574840412063 ], [ 7.786758930706567, 46.223574961336325 ], [ 7.786763260706691, 46.224249512474294 ], [ 7.786676605731317, 46.224879485766401 ], [ 7.78670483567633, 46.225239235427154 ], [ 7.786968684689529, 46.225958097107295 ], [ 7.787343353467687, 46.227783086540143 ], [ 7.787632398183971, 46.228384916312457 ], [ 7.787610126353177, 46.228951731232982 ], [ 7.787481960830102, 46.229177018230132 ], [ 7.787448994356175, 46.230094697894401 ], [ 7.787553738344509, 46.230256297665242 ], [ 7.787621566486549, 46.230723864484787 ], [ 7.787584592119321, 46.231020845105903 ], [ 7.78798478075478, 46.232773797851529 ], [ 7.7878959118088, 46.233061942950329 ], [ 7.787926368777799, 46.233763521806239 ], [ 7.788057149202606, 46.233943032253947 ], [ 7.789030832709797, 46.234164907788056 ], [ 7.789485112562096, 46.234253458549439 ], [ 7.789874881794846, 46.234387185994287 ], [ 7.790889212390566, 46.23487879026333 ], [ 7.79127880212456, 46.234985526376057 ], [ 7.792342241839741, 46.235054167249849 ], [ 7.79325085446506, 46.235231222250505 ], [ 7.793575518376905, 46.235320153323713 ], [ 7.794035139307917, 46.235366299395423 ], [ 7.793901954131162, 46.235678966701698 ], [ 7.793517296560589, 46.236327880374127 ], [ 7.793194289925533, 46.236490823335096 ], [ 7.792975502206567, 46.236734400649169 ], [ 7.792785748191229, 46.237454658517279 ], [ 7.792725361610051, 46.23812954229885 ], [ 7.792177498774607, 46.239597578525938 ], [ 7.791924093821231, 46.240497965463888 ], [ 7.791906794983417, 46.241820404470744 ], [ 7.791974241074654, 46.242225000392871 ], [ 7.792105638203124, 46.242494461348386 ], [ 7.792107387226125, 46.24276432674079 ], [ 7.792102979277656, 46.242773883063265 ], [ 7.791956873162563, 46.243090637481245 ], [ 7.791941173936497, 46.243124673012282 ], [ 7.791981038559185, 46.243346724252888 ], [ 7.791981526032348, 46.243349439543124 ], [ 7.792307416043171, 46.243618293516413 ], [ 7.792307625462785, 46.243618653970543 ], [ 7.792792584857382, 46.244453368607303 ], [ 7.792992630641225, 46.245307334227221 ], [ 7.793033982473265, 46.245685024134197 ], [ 7.793232444349482, 46.246296110534914 ], [ 7.793234783998995, 46.246655931089258 ], [ 7.793527948960841, 46.24786943230378 ], [ 7.793402969050647, 46.248589479521449 ], [ 7.793274592771007, 46.248787786766684 ], [ 7.793275177776631, 46.248877741913148 ], [ 7.793148600261973, 46.249354910015953 ], [ 7.793214615548189, 46.249534608405689 ], [ 7.793282197935503, 46.249957194698744 ], [ 7.79351811502015, 46.250343271053836 ], [ 7.793518312168931, 46.250343446396457 ], [ 7.793739851413389, 46.250540481705471 ], [ 7.794000092544238, 46.250674601280068 ], [ 7.794327666410785, 46.251195323966002 ], [ 7.794327772615894, 46.251195384797704 ], [ 7.794952457096262, 46.25155318887186 ], [ 7.795952549099088, 46.251792923346578 ], [ 7.796448558057731, 46.252286121596974 ], [ 7.796645441604342, 46.252645327715001 ], [ 7.797106110719493, 46.253678376872394 ], [ 7.797629872412189, 46.254441353314476 ], [ 7.797762110279952, 46.254827749464596 ], [ 7.797791423383086, 46.255340411582452 ], [ 7.797963859874288, 46.25592457655965 ], [ 7.797902872289109, 46.25650949061248 ], [ 7.797999875263044, 46.257453731827816 ], [ 7.798044308321747, 46.258290191308099 ], [ 7.798245364499118, 46.259279080843541 ], [ 7.79814410482795, 46.259657221694411 ], [ 7.79831388827064, 46.259836597011969 ], [ 7.798313936668928, 46.259836696198853 ], [ 7.798511108366864, 46.260240777556575 ], [ 7.798539006227752, 46.260537547199533 ], [ 7.798670301912612, 46.260780014158492 ], [ 7.79900226258192, 46.261948400637642 ], [ 7.799112442520015, 46.262919586382061 ], [ 7.79930891901777, 46.263206823824888 ], [ 7.799894838623625, 46.263546794398813 ], [ 7.799986343373851, 46.263654451141107 ], [ 7.799986368701493, 46.263654501673315 ], [ 7.800314960948725, 46.264310089414629 ], [ 7.800838378946243, 46.265001087185951 ], [ 7.800838447785655, 46.265001141577116 ], [ 7.801099185294619, 46.265207154611247 ], [ 7.801298826436656, 46.26597115104677 ], [ 7.801535122433056, 46.266393192907856 ], [ 7.801535229645843, 46.266393289634344 ], [ 7.802409459076283, 46.267182012159466 ], [ 7.802409501691833, 46.267182139470989 ], [ 7.802475633784374, 46.267379705320685 ], [ 7.802475852080238, 46.267379913547586 ], [ 7.802710610265335, 46.26760384343801 ], [ 7.802710610599483, 46.267603893467047 ], [ 7.802711811901483, 46.267783753751836 ], [ 7.802936852065737, 46.268457708778328 ], [ 7.803133222531464, 46.268726948678754 ], [ 7.803238977138677, 46.269023466921986 ], [ 7.803245716367354, 46.270030964706962 ], [ 7.80337844045101, 46.270480323145932 ], [ 7.803862921111675, 46.271153441246177 ], [ 7.803862967347158, 46.271153473011253 ], [ 7.80422783115591, 46.271404144671038 ], [ 7.804515155176841, 46.271691080258215 ], [ 7.804712330564954, 46.272077259151217 ], [ 7.804957908247484, 46.272359399349973 ], [ 7.805274505900768, 46.272723133236141 ], [ 7.805538986459278, 46.273468921465692 ], [ 7.805567474515867, 46.273846649144673 ], [ 7.806025157706386, 46.274384909296714 ], [ 7.80635129022985, 46.274653723104322 ], [ 7.806807373190598, 46.274949101091892 ], [ 7.807562063240544, 46.275279488582285 ], [ 7.808280272138459, 46.275520168230827 ], [ 7.808758350913725, 46.27568037765171 ], [ 7.809084211970213, 46.275904205970768 ], [ 7.809319436096231, 46.276155316955752 ], [ 7.809063633822246, 46.276695896102872 ], [ 7.808421352801765, 46.277642561291493 ], [ 7.808038836603122, 46.278633337122521 ], [ 7.807716314248978, 46.278904268150342 ], [ 7.806943442479966, 46.279734387683966 ], [ 7.80675065916848, 46.280004885320977 ], [ 7.806718907288714, 46.281066491716174 ], [ 7.806659530450471, 46.281876307805469 ], [ 7.806701612624591, 46.282343948345009 ], [ 7.806664195338057, 46.282568962696004 ], [ 7.806382413553132, 46.283109656009927 ], [ 7.806382640380162, 46.28310982758321 ], [ 7.806874195422891, 46.283481642677451 ], [ 7.806155346193298, 46.284055032388437 ], [ 7.805936316969029, 46.284280671097505 ], [ 7.805792475597391, 46.284714073810186 ], [ 7.805792677474373, 46.284714279633455 ], [ 7.805996394442915, 46.284921978859792 ], [ 7.805835508166435, 46.28506166379627 ], [ 7.805789621886165, 46.285090704699101 ], [ 7.805683824744788, 46.285157662501838 ], [ 7.805862049856423, 46.285297625387045 ], [ 7.805751851737377, 46.285361420071212 ], [ 7.805894896405944, 46.285566104051128 ], [ 7.805765596592035, 46.285608514840789 ], [ 7.805702840751035, 46.285626790439977 ], [ 7.805807454433642, 46.285789391062586 ], [ 7.80590862150366, 46.28596840330065 ], [ 7.805909123120041, 46.285969290896496 ], [ 7.805717926063568, 46.286045923928448 ], [ 7.805668412247831, 46.286059532832439 ], [ 7.805560801625666, 46.286099336372509 ], [ 7.805812484240463, 46.286459108166447 ], [ 7.805817404071314, 46.286466108809137 ], [ 7.80598105696598, 46.286403919712207 ], [ 7.805925746793772, 46.286729977700695 ], [ 7.805691579994663, 46.28691574196845 ], [ 7.805592364541936, 46.287115696060411 ], [ 7.805572471477975, 46.288015376969334 ], [ 7.804836840438874, 46.288505715695436 ], [ 7.804758666732213, 46.288557822789485 ], [ 7.804622795033886, 46.288896291639382 ], [ 7.804541701881921, 46.289098302111164 ], [ 7.804633923571353, 46.289304914893201 ], [ 7.804807621361326, 46.289495604912084 ], [ 7.80489536620729, 46.289591933520157 ], [ 7.804978975538271, 46.289734914350241 ], [ 7.805000384836133, 46.289771526521918 ], [ 7.804832312556718, 46.289862035644909 ], [ 7.804380562305013, 46.290223367414995 ], [ 7.804492374499461, 46.290359025020329 ], [ 7.804550643044963, 46.290429720094224 ], [ 7.80481137817345, 46.290608792634288 ], [ 7.804747524054147, 46.290761935002671 ], [ 7.804515036663249, 46.290924635341256 ], [ 7.804258237748817, 46.291330297917774 ], [ 7.804038843673388, 46.291510946475718 ], [ 7.803327072779184, 46.291801145938351 ], [ 7.803133532592705, 46.291963709140539 ], [ 7.803030742094141, 46.292116984681101 ], [ 7.803032246193801, 46.292341881721136 ], [ 7.802644939882852, 46.292640029344199 ], [ 7.801931827130859, 46.292732309550892 ], [ 7.80147901781966, 46.292958616330878 ], [ 7.801259363020768, 46.293112210173938 ], [ 7.800938372201767, 46.293652916147728 ], [ 7.801004753266663, 46.293877596888272 ], [ 7.801462000134704, 46.294325965429657 ], [ 7.801463339001699, 46.294532862585129 ], [ 7.801232324645299, 46.294938345732994 ], [ 7.801207840434254, 46.295163307896743 ], [ 7.801273745525058, 46.29531603329584 ], [ 7.801690001916294, 46.295449682028369 ], [ 7.801989449502861, 46.295583694597667 ], [ 7.802185626314582, 46.295807985679744 ], [ 7.802185621787431, 46.295807994830852 ], [ 7.802083120733777, 46.296015188741421 ], [ 7.802021574474078, 46.296528123779673 ], [ 7.80182981528678, 46.296978478919527 ], [ 7.801896358080151, 46.2972301458083 ], [ 7.80180578632635, 46.297275396499025 ], [ 7.801677260667943, 46.297473695795915 ], [ 7.801291016549163, 46.297951668621792 ], [ 7.801126051375448, 46.298509984394563 ], [ 7.800971714726805, 46.29871740607458 ], [ 7.800609066048898, 46.298826530791857 ], [ 7.800583899452413, 46.298943573409105 ], [ 7.800417430402502, 46.299276973059492 ], [ 7.799801237448042, 46.299229451755352 ], [ 7.799202850531987, 46.298991440204091 ], [ 7.797984925126786, 46.298920848536774 ], [ 7.796959204322357, 46.299039913950025 ], [ 7.796002502095182, 46.298761654826357 ], [ 7.79459317818882, 46.298625448195253 ], [ 7.7936435469077, 46.298903531744635 ], [ 7.793537432399002, 46.29893318989209 ], [ 7.793514980685464, 46.298877594688314 ], [ 7.793407756669851, 46.298356178907532 ], [ 7.793212205472363, 46.298221854816852 ], [ 7.792752497916782, 46.298246058527674 ], [ 7.79266729760358, 46.298250544344185 ], [ 7.792212594312907, 46.298179997227408 ], [ 7.792560550432447, 46.297801091994707 ], [ 7.792545291308151, 46.297699928196593 ], [ 7.792533425692792, 46.297621262429573 ], [ 7.79223405532645, 46.297487260599702 ], [ 7.7921681146994, 46.297325543394372 ], [ 7.792289361964949, 46.296788418295165 ], [ 7.792301271809901, 46.296773743184318 ], [ 7.792585861106476, 46.296423077034646 ], [ 7.792584971458519, 46.296288126162999 ], [ 7.792348614829152, 46.295866038253337 ], [ 7.792348127095912, 46.295792540555709 ], [ 7.792347420817649, 46.295686109781769 ], [ 7.79245561820003, 46.295510834369161 ], [ 7.792514350320118, 46.295415690694192 ], [ 7.792739929071129, 46.295339515285967 ], [ 7.792863943551428, 46.295297636990163 ], [ 7.793188250218249, 46.29527861407982 ], [ 7.793270174506151, 46.295232762738344 ], [ 7.793317556449361, 46.2952062440378 ], [ 7.793381434906467, 46.295053090159158 ], [ 7.793558873816027, 46.294861079231353 ], [ 7.793680646041343, 46.294628536734407 ], [ 7.794133816035232, 46.294448444165084 ], [ 7.794212924091109, 46.294400257992997 ], [ 7.794244622452867, 46.29432978514658 ], [ 7.79423918930354, 46.294177351872193 ], [ 7.794185009182889, 46.294050196472305 ], [ 7.794130283601228, 46.293966698941951 ], [ 7.794118782740041, 46.293864813593373 ], [ 7.794215445379254, 46.293672991845341 ], [ 7.79422094402593, 46.293600829002777 ], [ 7.794176579573338, 46.293518072637326 ], [ 7.794137286403132, 46.293414970050407 ], [ 7.794147698920137, 46.29329436789638 ], [ 7.794115261503671, 46.293191810538673 ], [ 7.794087319989385, 46.293060281887136 ], [ 7.794090657790329, 46.292909503315855 ], [ 7.794146691654242, 46.292789927588188 ], [ 7.794145679351268, 46.292732170747264 ], [ 7.794145678695351, 46.292732133323959 ], [ 7.794084582556398, 46.292669375620164 ], [ 7.794084457656997, 46.292669247324014 ], [ 7.794037091538718, 46.292585735682522 ], [ 7.79403676075979, 46.292531042799972 ], [ 7.794148451011872, 46.292431065189859 ], [ 7.79418294604808, 46.292367735182282 ], [ 7.794186022950892, 46.292292368468203 ], [ 7.794177751353568, 46.292221957991408 ], [ 7.79418884228734, 46.292121845937181 ], [ 7.794223972041006, 46.292032525319222 ], [ 7.794282814072791, 46.291901992937198 ], [ 7.794311779566987, 46.291826598993453 ], [ 7.794327616678718, 46.291722046148614 ], [ 7.794349137040546, 46.291579639515454 ], [ 7.794327033524262, 46.291410058751801 ], [ 7.794244342505218, 46.291234649881396 ], [ 7.794158734132765, 46.291114948997631 ], [ 7.794158588303162, 46.291114745093132 ], [ 7.793807676919367, 46.290886652090975 ], [ 7.79369159179792, 46.290811093219112 ], [ 7.79369156219948, 46.290811073953726 ], [ 7.793617342370657, 46.290708521351476 ], [ 7.793528667371938, 46.290612023078985 ], [ 7.793523603946756, 46.290608394587188 ], [ 7.793367785371676, 46.290496733725099 ], [ 7.793206722154205, 46.290375833314826 ], [ 7.793201456552572, 46.290371880746342 ], [ 7.79309406535561, 46.290254615594023 ], [ 7.793003625730386, 46.290102016193494 ], [ 7.792929670966815, 46.290013841615249 ], [ 7.792929539564629, 46.290013684947418 ], [ 7.792758526929518, 46.289640951205541 ], [ 7.792697618543483, 46.289589452066998 ], [ 7.792636454688954, 46.289522580026997 ], [ 7.792591618074515, 46.28952207230757 ], [ 7.792456070323978, 46.289520579268313 ], [ 7.792000656581126, 46.289564357799058 ], [ 7.792000533792322, 46.289564369602637 ], [ 7.791669361664788, 46.28824206051506 ], [ 7.791561102183533, 46.287865342428276 ], [ 7.791550236260752, 46.287824490755987 ], [ 7.791275651405085, 46.287525599088113 ], [ 7.791164290895782, 46.287401693908222 ], [ 7.790945688824878, 46.287158466492237 ], [ 7.790844773208225, 46.287051614148616 ], [ 7.789878232741019, 46.286588328921226 ], [ 7.789638090542653, 46.286473225865372 ], [ 7.789351092709345, 46.286335670029146 ], [ 7.789033444344736, 46.286183410257493 ], [ 7.788960751770828, 46.286148551624613 ], [ 7.788612519002005, 46.285981632213115 ], [ 7.788390825155061, 46.285875366335468 ], [ 7.788088553400716, 46.285730468956729 ], [ 7.787990703274445, 46.28568356102641 ], [ 7.787483624321708, 46.285440493064264 ], [ 7.787263249459826, 46.2853348596283 ], [ 7.787057569515921, 46.285236251234608 ], [ 7.786547018548253, 46.284092296936414 ], [ 7.786088592378986, 46.283071952603635 ], [ 7.785706919856714, 46.282219438295996 ], [ 7.785129631923643, 46.281905823626147 ], [ 7.78430769167355, 46.281459294044687 ], [ 7.784064109717962, 46.281215668159227 ], [ 7.783994453796973, 46.281136358346899 ], [ 7.78378725128153, 46.280900402337899 ], [ 7.783735411380314, 46.280830498285397 ], [ 7.783735247438631, 46.280830277216531 ], [ 7.783491009704425, 46.28058468205473 ], [ 7.783435547171227, 46.28052966210636 ], [ 7.783384521380468, 46.280478658715012 ], [ 7.783104074129968, 46.280234819040402 ], [ 7.782986792337345, 46.280132831211702 ], [ 7.782764127729099, 46.279939200117965 ], [ 7.78252959052955, 46.279736436628902 ], [ 7.782529457295368, 46.279736321444496 ], [ 7.78239342837906, 46.279522951122885 ], [ 7.782301788144348, 46.279478925110439 ], [ 7.782231076805329, 46.279439297467547 ], [ 7.782095798150454, 46.279229387866685 ], [ 7.782074022611284, 46.2791955940124 ], [ 7.782029052761119, 46.279125855088289 ], [ 7.782028952109489, 46.279125698998456 ], [ 7.781748688076314, 46.278836751012953 ], [ 7.781722466586158, 46.278809726318592 ], [ 7.78159769254554, 46.278681078494529 ], [ 7.781385168298709, 46.278462208098681 ], [ 7.781321186901872, 46.278396957784693 ], [ 7.781019444949112, 46.278087175926146 ], [ 7.780887208519258, 46.277951389289321 ], [ 7.780832560733524, 46.277843443921654 ], [ 7.780616307141168, 46.277601932189263 ], [ 7.780454825810754, 46.277417782426973 ], [ 7.78014850041982, 46.277068458012863 ], [ 7.779987427297323, 46.276884765146498 ], [ 7.779867822966009, 46.276761983068539 ], [ 7.779771434910004, 46.276663050575586 ], [ 7.779519298461843, 46.27641117844734 ], [ 7.779370247977763, 46.276262284216003 ], [ 7.778928615241342, 46.275813456901943 ], [ 7.778610455014665, 46.275306622253225 ], [ 7.77857240532678, 46.275289977363599 ], [ 7.778470159169621, 46.275245260427162 ], [ 7.778000765563934, 46.275039963332581 ], [ 7.776426132704672, 46.274351243906032 ], [ 7.776071845364992, 46.274196284245448 ], [ 7.775851912203737, 46.274291591356985 ], [ 7.775169878815662, 46.273727410854107 ], [ 7.774854644866331, 46.273716831674768 ], [ 7.773891640649844, 46.273088409043289 ], [ 7.77389158810023, 46.273088374751261 ], [ 7.773869226055533, 46.273055012873506 ], [ 7.771731440290948, 46.271100045836754 ], [ 7.770648736285448, 46.270113695581514 ], [ 7.769930729214305, 46.26936915361464 ], [ 7.768663227067639, 46.267798945581092 ], [ 7.768662945189606, 46.267798596384715 ], [ 7.767878119339676, 46.266721386564377 ], [ 7.765919482126979, 46.264568074675338 ], [ 7.764941741922232, 46.263743289953901 ], [ 7.76389643310577, 46.262459901724625 ], [ 7.762813215145407, 46.261338534802945 ], [ 7.761488739659005, 46.261072453192 ], [ 7.759435881609175, 46.26044858334641 ], [ 7.758566418795328, 46.26036108370652 ], [ 7.757397617015656, 46.260094505834182 ], [ 7.756812433215944, 46.259826279328372 ], [ 7.756383027083879, 46.259584600323315 ], [ 7.755900898858942, 46.259199136346503 ], [ 7.754690348622902, 46.258437884933763 ], [ 7.754533988254344, 46.258240933759332 ], [ 7.754533577931963, 46.25824041691817 ], [ 7.753973676312109, 46.257855161515529 ], [ 7.753622486030472, 46.257676224279493 ], [ 7.752843221590641, 46.257480481939012 ], [ 7.751545354683757, 46.257304158297501 ], [ 7.750052032892794, 46.256966443652466 ], [ 7.749273163059248, 46.256833645433446 ], [ 7.748104214513327, 46.256521993843037 ], [ 7.747778631694311, 46.256279998880728 ], [ 7.747543242409734, 46.255938804798106 ], [ 7.747256671534402, 46.255714693395078 ], [ 7.746802027148354, 46.255580995067255 ], [ 7.746421710253551, 46.255508450357127 ], [ 7.746421350120303, 46.255508381662409 ], [ 7.746387170139055, 46.255283870396241 ], [ 7.746386542106237, 46.255193240656546 ], [ 7.746440238038764, 46.25510730310102 ], [ 7.746441413554258, 46.25498468883368 ], [ 7.746411278874387, 46.254888714816552 ], [ 7.746429895422954, 46.254694672501451 ], [ 7.746516709384008, 46.254534916416624 ], [ 7.746663227900343, 46.254356907741538 ], [ 7.746652860898137, 46.254261752655644 ], [ 7.746688435648301, 46.254143012007248 ], [ 7.746709436400976, 46.253974115080702 ], [ 7.746913515982571, 46.253754650478811 ], [ 7.74695239164162, 46.253575377857821 ], [ 7.746976051681938, 46.253399942788185 ], [ 7.747047161211486, 46.253236144972419 ], [ 7.747166402133287, 46.25306475870304 ], [ 7.7472714434983, 46.252792650396493 ], [ 7.747391697584482, 46.252626442638608 ], [ 7.747532994630519, 46.252537648176656 ], [ 7.747587115475527, 46.252250475631186 ], [ 7.747654437380938, 46.252121402069697 ], [ 7.747783953758901, 46.252036381607525 ], [ 7.747834490539194, 46.251993424347155 ], [ 7.747930238548431, 46.251821354704632 ], [ 7.747932396300389, 46.251705628435026 ], [ 7.74796946652237, 46.251643304184057 ], [ 7.748231295547107, 46.251331428909573 ], [ 7.7482854117969, 46.251247621298184 ], [ 7.748416303207938, 46.251099293773933 ], [ 7.748537873278406, 46.250992533615985 ], [ 7.748573514347051, 46.250941340724431 ], [ 7.748653196676178, 46.250856806341844 ], [ 7.748692363328332, 46.25078942054779 ], [ 7.748675557629802, 46.250691251721307 ], [ 7.748703403886033, 46.250619300096425 ], [ 7.748791797355975, 46.250568619502992 ], [ 7.748949875328305, 46.250511082290551 ], [ 7.748965077177302, 46.250473123895027 ], [ 7.748971542513355, 46.250321771928455 ], [ 7.749149064583833, 46.250026362498737 ], [ 7.749219741233548, 46.249943327674877 ], [ 7.749218840013038, 46.249857916196682 ], [ 7.749272359302506, 46.249697124746156 ], [ 7.749406882753658, 46.249502359425442 ], [ 7.749517560066415, 46.249464705868924 ], [ 7.749634146265199, 46.249392267701488 ], [ 7.74975981429064, 46.249202554837623 ], [ 7.749863732981654, 46.249103164172936 ], [ 7.750102170154761, 46.248722639781079 ], [ 7.750291293571633, 46.248467155456822 ], [ 7.75039560937475, 46.248285650672763 ], [ 7.750469352841972, 46.248109249495784 ], [ 7.750563879190556, 46.247996030680696 ], [ 7.750615971668178, 46.247806690238981 ], [ 7.750588978817368, 46.247743749822867 ], [ 7.750499009965149, 46.247608486544749 ], [ 7.75053816695784, 46.247494862357144 ], [ 7.750546898201739, 46.247418617964826 ], [ 7.750598967989901, 46.247322895597996 ], [ 7.750631981355079, 46.247196154600658 ], [ 7.751009698718677, 46.246586691647295 ], [ 7.75101368717293, 46.246522397553058 ], [ 7.750966772845032, 46.246367855192808 ], [ 7.750965751913983, 46.246277856267774 ], [ 7.751027146656619, 46.246176080902195 ], [ 7.751091035514992, 46.246124962274124 ], [ 7.751036499964096, 46.246013899066419 ], [ 7.75095954462944, 46.245909293543733 ], [ 7.750920872582229, 46.245710892528145 ], [ 7.750839836653697, 46.2456725153394 ], [ 7.750431558879959, 46.245382899039008 ], [ 7.750352010183699, 46.245373204620563 ], [ 7.750052566994272, 46.245384885581529 ], [ 7.749986250316894, 46.245362758506751 ], [ 7.749770984295975, 46.245172668340103 ], [ 7.749615009796723, 46.24506863864098 ], [ 7.749531624925614, 46.244990874905028 ], [ 7.74951234335029, 46.244929163491555 ], [ 7.749147914673604, 46.244646321993876 ], [ 7.748913516029934, 46.244563169235612 ], [ 7.748633858063494, 46.244286552886003 ], [ 7.748541649263144, 46.244129425739935 ], [ 7.748554854206438, 46.243879426835719 ], [ 7.748524321827502, 46.243612572693863 ], [ 7.748073894440456, 46.243110670858719 ], [ 7.748073584392623, 46.243110325378893 ], [ 7.74794312288639, 46.242900835972399 ], [ 7.747942845404258, 46.242900390403669 ], [ 7.747789296033451, 46.242808432792081 ], [ 7.747681400095077, 46.242719220111894 ], [ 7.747555563510067, 46.242577827354978 ], [ 7.747439316340631, 46.24247213014992 ], [ 7.747377827456695, 46.242207168205113 ], [ 7.747248405514825, 46.242009175112869 ], [ 7.747119838113069, 46.241891070119436 ], [ 7.74699900187099, 46.241725410812677 ], [ 7.746981736051445, 46.241645729143841 ], [ 7.74688540827632, 46.241496824943674 ], [ 7.746892806040542, 46.241344454114618 ], [ 7.746774718974838, 46.241144135769694 ], [ 7.746496467563853, 46.240782149096042 ], [ 7.746496096013217, 46.240781665733252 ], [ 7.746378987261237, 46.240678470598404 ], [ 7.746334184466606, 46.24059202198103 ], [ 7.746334107867392, 46.240591874180069 ], [ 7.74626327712367, 46.240512832589452 ], [ 7.745881140281028, 46.240272632300453 ], [ 7.745724196701778, 46.240148851613178 ], [ 7.745723882004018, 46.240148603412486 ], [ 7.745486116683831, 46.239570762800099 ], [ 7.745446781853196, 46.239425364316858 ], [ 7.745335951837362, 46.239271262611339 ], [ 7.745276629536533, 46.239050246579517 ], [ 7.745168368076671, 46.238898521618175 ], [ 7.745048049981015, 46.238645124103115 ], [ 7.745031452178047, 46.238531346759345 ], [ 7.744983587608672, 46.238464224524456 ], [ 7.744790998241696, 46.238308513288992 ], [ 7.744790869945809, 46.238308409559949 ], [ 7.744679700870443, 46.238142478822439 ], [ 7.74467949633838, 46.238142173538293 ], [ 7.744583949033865, 46.238040060799712 ], [ 7.744491852150134, 46.237972931826036 ], [ 7.744384700779487, 46.237856592101977 ], [ 7.744278508092973, 46.237802544706405 ], [ 7.74379583576351, 46.237761322909115 ], [ 7.74348834495047, 46.237698982887181 ], [ 7.743100606997642, 46.23756443351563 ], [ 7.742855633824357, 46.237544617247046 ], [ 7.74274246144278, 46.237514857465634 ], [ 7.742601677066774, 46.237452697269447 ], [ 7.742089585374702, 46.237330649050229 ], [ 7.741860174520587, 46.237211278869857 ], [ 7.741626149638243, 46.237154962207256 ], [ 7.741165664508278, 46.237090047250078 ], [ 7.740473802023412, 46.237020340500031 ], [ 7.740400426731589, 46.236621775939355 ], [ 7.740415655265866, 46.236283525272256 ], [ 7.740339478514485, 46.236161144134577 ], [ 7.740324718291665, 46.235995618168701 ], [ 7.740359034234523, 46.235857542268754 ], [ 7.740322760539429, 46.235742323377991 ], [ 7.740189519530202, 46.235613567877891 ], [ 7.740189106214546, 46.235613168476355 ], [ 7.740145941729104, 46.235449625151638 ], [ 7.740027526475027, 46.235295727416556 ], [ 7.739991760178599, 46.235197175491848 ], [ 7.73999172124122, 46.235197068202197 ], [ 7.739898873814459, 46.235093055282341 ], [ 7.73991222469393, 46.234947227016868 ], [ 7.739897313927781, 46.234833975227907 ], [ 7.739901922349366, 46.234670772585908 ], [ 7.740015164661928, 46.234165283838095 ], [ 7.740080469591516, 46.234005113218522 ], [ 7.740059936950577, 46.233493638255858 ], [ 7.740146780663002, 46.233224697679866 ], [ 7.740261900593086, 46.233132590552337 ], [ 7.740490111485654, 46.232907523031407 ], [ 7.740617169316713, 46.2327592687733 ], [ 7.740642087818912, 46.232638192663387 ], [ 7.740858299145797, 46.232484707902607 ], [ 7.741086679480869, 46.232351961240823 ], [ 7.741181360543836, 46.232233001682161 ], [ 7.741284341273397, 46.232065677166261 ], [ 7.741904065136987, 46.231726376972603 ], [ 7.742298553802982, 46.231558603831452 ], [ 7.742653546395773, 46.231526320064162 ], [ 7.743058619256727, 46.231416214070393 ], [ 7.743292994797875, 46.231311945094163 ], [ 7.743707280485627, 46.23124811269642 ], [ 7.744285554045897, 46.231110467893821 ], [ 7.7444431337083, 46.231012574673457 ], [ 7.745198818657239, 46.231027264651367 ], [ 7.746083260692055, 46.23093405707845 ], [ 7.746207749886845, 46.23094303874371 ], [ 7.746371415187362, 46.230934309358936 ], [ 7.746644961214717, 46.230877163272986 ], [ 7.746974216686072, 46.230863242053303 ], [ 7.747229015503159, 46.230833123574122 ], [ 7.74750187100562, 46.230855759875823 ], [ 7.747825151627613, 46.230867202256455 ], [ 7.748137210921998, 46.23086333674825 ], [ 7.748356195833696, 46.230883752261654 ], [ 7.748489228327804, 46.230824394948833 ], [ 7.748895235408684, 46.230867902464603 ], [ 7.749377516976371, 46.230855093376562 ], [ 7.749544235166452, 46.230888630667742 ], [ 7.749883234109918, 46.230905898201407 ], [ 7.750191517199261, 46.230887662310998 ], [ 7.750500813137633, 46.230801730373543 ], [ 7.750640450577342, 46.230739527700266 ], [ 7.750749750205292, 46.230794172226076 ], [ 7.750859409713573, 46.230793870101351 ], [ 7.751087189355898, 46.230708844822729 ], [ 7.751197817925744, 46.230683135923599 ], [ 7.751421434598019, 46.230715514951839 ], [ 7.75169093086051, 46.230701439080242 ], [ 7.75173154615887, 46.230670579652099 ], [ 7.751793091257364, 46.230584770781824 ], [ 7.751977619423338, 46.230491740145112 ], [ 7.752095058550851, 46.23034526264302 ], [ 7.752239831560018, 46.230331386511821 ], [ 7.752334537103203, 46.230300449104618 ], [ 7.752464927294501, 46.230242434765842 ], [ 7.752866392020879, 46.23012758979069 ], [ 7.752980526999683, 46.230087629268851 ], [ 7.753574520514326, 46.230020734119236 ], [ 7.753675914538865, 46.229938384722495 ], [ 7.753705646246758, 46.229854732261749 ], [ 7.754292202865097, 46.229746428943031 ], [ 7.754601606059571, 46.22965214645923 ], [ 7.75466013595249, 46.229615172928597 ], [ 7.754740196039079, 46.229517841313402 ], [ 7.754864221212981, 46.229272588054336 ], [ 7.755310343960138, 46.228883592555277 ], [ 7.755471787768122, 46.228783774999265 ], [ 7.755857680530474, 46.228474818312328 ], [ 7.755857724862752, 46.228312986055663 ], [ 7.755931910469799, 46.228166823541606 ], [ 7.755944954120696, 46.228024880291564 ], [ 7.756158194718105, 46.227761213434192 ], [ 7.756286497987278, 46.227488932611323 ], [ 7.756389721991658, 46.227384023483545 ], [ 7.756405419041235, 46.227223874495913 ], [ 7.756619192495912, 46.227034779383857 ], [ 7.756775321582824, 46.226736125550659 ], [ 7.756910298681513, 46.226595692821085 ], [ 7.757038158337612, 46.226328467953579 ], [ 7.757238103356943, 46.225962951437054 ], [ 7.757296875365585, 46.225717609115264 ], [ 7.75759186988943, 46.225453637576067 ], [ 7.75776466046708, 46.225175535543904 ], [ 7.758013520783535, 46.22492023873513 ], [ 7.758167135306721, 46.224632753684418 ], [ 7.758596096367754, 46.22424292993427 ], [ 7.758954844351333, 46.223970309799114 ], [ 7.759153411580388, 46.223720325171556 ], [ 7.759192881437539, 46.223361475115205 ], [ 7.759304705453854, 46.223286539531614 ], [ 7.759525754082552, 46.223175257827819 ], [ 7.759767554581135, 46.223035859363655 ], [ 7.760281507187844, 46.222860757758696 ], [ 7.760743964851007, 46.222823991754275 ], [ 7.760985782784921, 46.222743188427202 ], [ 7.761305138144095, 46.222666112841651 ], [ 7.761609994616832, 46.222633624258862 ], [ 7.761909364684753, 46.222539233298427 ], [ 7.762049769297471, 46.222426359627192 ], [ 7.762400986596977, 46.222101737008849 ], [ 7.762402062623995, 46.222100813769771 ], [ 7.762453583708895, 46.222056608300768 ] ] ] } },
{ "type": "Feature", "properties": { "geo_point_2d": { "lon": 7.480622343357454, "lat": 46.18977740485829 }, "year": "2023", "kan_code": [ "23" ], "kan_name": [ "Valais" ], "bez_code": [ "2305", "2311" ], "bez_name": [ "Hérens", "Sierre" ], "gem_code": [ "6087", "6089", "6090", "6252" ], "gem_name": [ "Anniviers", "Mont-Noble", "Saint-Martin (VS)", "Vex" ], "plz_code": [ "1968" ], "plz_area_code": "CHE", "plz_type": "PLZ4/NPA4" }, "geometry": { "type": "Polygon", "coordinates": [ [ [ 7.413976353159342, 46.19021998492488 ], [ 7.413976503371896, 46.190220020889861 ], [ 7.414068565032546, 46.190242062959079 ], [ 7.414214741644087, 46.190282800891417 ], [ 7.41432636092429, 46.190323665844979 ], [ 7.414460329068553, 46.190352661495886 ], [ 7.414633078002874, 46.190380406180886 ], [ 7.414871463740954, 46.190395391258619 ], [ 7.415132784191505, 46.19039149907718 ], [ 7.415446719342765, 46.190413938616281 ], [ 7.415639357591208, 46.190456681642921 ], [ 7.415927546798847, 46.190471567091315 ], [ 7.416185359260518, 46.190402984519039 ], [ 7.416432955207707, 46.190356114595751 ], [ 7.416698628648446, 46.19034931410917 ], [ 7.416937160999616, 46.190355389229474 ], [ 7.417131045860979, 46.19036136502298 ], [ 7.417343645123396, 46.190340852185862 ], [ 7.417528502079012, 46.190282705021694 ], [ 7.417679567629303, 46.190251258884686 ], [ 7.417802082528835, 46.190162622139127 ], [ 7.41800669433224, 46.190096058137655 ], [ 7.418167875078389, 46.190031482557622 ], [ 7.418211395291623, 46.189933025180657 ], [ 7.418205076745419, 46.189795220692986 ], [ 7.418166504536581, 46.189662906393842 ], [ 7.418106500795294, 46.189552051462904 ], [ 7.418174774905608, 46.189448048534402 ], [ 7.418351834708129, 46.189279711689757 ], [ 7.418588607960933, 46.189133388873088 ], [ 7.418806542792775, 46.189066933849205 ], [ 7.419226653676122, 46.18905740307153 ], [ 7.419514322865905, 46.188989744825612 ], [ 7.419793299329023, 46.188960639378365 ], [ 7.420062213313138, 46.188926736859059 ], [ 7.420514413947052, 46.188967402164636 ], [ 7.421034414514168, 46.188835100813826 ], [ 7.4211946311426, 46.188842323474958 ], [ 7.421513919336604, 46.188873031939572 ], [ 7.421751083870106, 46.188884907813375 ], [ 7.421925594560818, 46.188868995062172 ], [ 7.422172134327908, 46.188887942041994 ], [ 7.422470342467361, 46.188942734711887 ], [ 7.422708833393536, 46.188981091760517 ], [ 7.422848272050635, 46.188998698862875 ], [ 7.423129534285366, 46.188943390381468 ], [ 7.423352885667954, 46.188847322918463 ], [ 7.423575689930789, 46.188803303359173 ], [ 7.423805242005026, 46.188759041422344 ], [ 7.424078026204303, 46.188721612605882 ], [ 7.424305631619276, 46.188642131691324 ], [ 7.424525571734377, 46.188551629712158 ], [ 7.424717093163459, 46.188464649835822 ], [ 7.424999544147385, 46.188354175961884 ], [ 7.425232992023646, 46.188308886129803 ], [ 7.425481179357253, 46.188312236752424 ], [ 7.425771447951059, 46.188316212676902 ], [ 7.426040930076451, 46.188365792951522 ], [ 7.426289963478873, 46.188406365603797 ], [ 7.426545228477938, 46.18844172099017 ], [ 7.426827721143967, 46.188413489127171 ], [ 7.426980573922485, 46.188393095311611 ], [ 7.427180924715411, 46.188303872341443 ], [ 7.427431161939984, 46.188175964407108 ], [ 7.427632528671546, 46.188112899889632 ], [ 7.427831349823305, 46.188080041902616 ], [ 7.428081754824984, 46.188065611773858 ], [ 7.428385229717634, 46.188087411557916 ], [ 7.428498417515456, 46.188088250311587 ], [ 7.428782719545073, 46.188130808940855 ], [ 7.428919316122831, 46.188109619334462 ], [ 7.428972913347904, 46.188101303469203 ], [ 7.429146262034998, 46.188042011760601 ], [ 7.429249082140407, 46.187937744459312 ], [ 7.429319851280361, 46.187872505975299 ], [ 7.429505779543091, 46.187859991867271 ], [ 7.429735803816353, 46.187877598501949 ], [ 7.430045381550128, 46.187957235926277 ], [ 7.430333619417025, 46.188012195884319 ], [ 7.430438074089839, 46.188032876225016 ], [ 7.430697865809872, 46.188113857157759 ], [ 7.430904737716271, 46.188184812367048 ], [ 7.431078903340496, 46.188273674939317 ], [ 7.431301327695046, 46.18837189619159 ], [ 7.431524352593907, 46.188443436161165 ], [ 7.431630798304195, 46.18858632947903 ], [ 7.431630838666089, 46.188586371208089 ], [ 7.431796108334964, 46.188757239001639 ], [ 7.43185804732326, 46.188837924601998 ], [ 7.432189315965836, 46.189106536762388 ], [ 7.432250327563775, 46.189156016423063 ], [ 7.432476922060244, 46.189202610002951 ], [ 7.432887860290376, 46.189201690547172 ], [ 7.433128851133688, 46.189201155828862 ], [ 7.433351909045458, 46.189261222828506 ], [ 7.433613347277643, 46.189302706552596 ], [ 7.433865068809411, 46.189371256879383 ], [ 7.434121036949583, 46.189463816052175 ], [ 7.434353585105812, 46.189586796615266 ], [ 7.434528874039922, 46.189683345143358 ], [ 7.434694011303946, 46.189752753297455 ], [ 7.434954024923234, 46.189832267167191 ], [ 7.435131664360039, 46.18987673044942 ], [ 7.435224398884701, 46.189941898039145 ], [ 7.435315608079816, 46.189970678374792 ], [ 7.435393137080029, 46.190031329470813 ], [ 7.43549517024615, 46.190121208040537 ], [ 7.435671655722135, 46.190201535809351 ], [ 7.43586763288565, 46.190317945215256 ], [ 7.436055832105507, 46.190345522686535 ], [ 7.436260019534642, 46.190298823809719 ], [ 7.436436084399474, 46.190290238058559 ], [ 7.43670549634381, 46.190320659276466 ], [ 7.436960556760666, 46.190358590829661 ], [ 7.4371468534468, 46.19036811230874 ], [ 7.437285006440337, 46.19035291266141 ], [ 7.437425335626898, 46.190331730825655 ], [ 7.437610102789908, 46.190371989408163 ], [ 7.437877351611168, 46.190437733434692 ], [ 7.438138370185116, 46.190529312055965 ], [ 7.43841598080726, 46.190676410966248 ], [ 7.438670822010363, 46.190827763925064 ], [ 7.438914746059085, 46.190930459152682 ], [ 7.439897871645561, 46.191044497563965 ], [ 7.440108237418235, 46.191054544823096 ], [ 7.440362877841901, 46.191205273271066 ], [ 7.44053322137846, 46.191282777869915 ], [ 7.440699421123508, 46.191390633342422 ], [ 7.44096512581237, 46.191514166683298 ], [ 7.441305493503133, 46.191678835068082 ], [ 7.441514543117468, 46.191754097687415 ], [ 7.441671805979021, 46.191791129676993 ], [ 7.441781956087, 46.191751214181998 ], [ 7.441828091259714, 46.191729711425985 ], [ 7.441909190092544, 46.191691912750649 ], [ 7.442219405057473, 46.191544351390199 ], [ 7.442380447740383, 46.191536926143783 ], [ 7.442753465608335, 46.191555600066593 ], [ 7.442922876948697, 46.191566704706247 ], [ 7.44314653740558, 46.191614104554723 ], [ 7.443402957807296, 46.191685233195003 ], [ 7.443725233447894, 46.191781366563639 ], [ 7.443828844788301, 46.191792373294476 ], [ 7.444171466376983, 46.191834890958923 ], [ 7.444624458144282, 46.191850901715995 ], [ 7.44480037271589, 46.191857325544937 ], [ 7.44511022751658, 46.191929590259214 ], [ 7.445358058762223, 46.191950087751685 ], [ 7.445522316258993, 46.191958265190827 ], [ 7.445635541023285, 46.19196294537155 ], [ 7.445690757478903, 46.191965227760853 ], [ 7.445930359694786, 46.19194916640194 ], [ 7.446128726931293, 46.191994573741482 ], [ 7.446371226055391, 46.19204572625911 ], [ 7.446603699847348, 46.192095619499618 ], [ 7.446793527852654, 46.192108687089366 ], [ 7.4469955306108, 46.192113189766793 ], [ 7.447093074029364, 46.192072037522259 ], [ 7.447308020557294, 46.192103525520217 ], [ 7.447423112390771, 46.192133877659614 ], [ 7.448003656027486, 46.192233956604568 ], [ 7.448532881477187, 46.192253544190542 ], [ 7.448739102260797, 46.192303210225674 ], [ 7.448939135912072, 46.192301169797723 ], [ 7.4493348120948, 46.192297142231652 ], [ 7.449476068838194, 46.192317549895279 ], [ 7.44952664493969, 46.192287005448541 ], [ 7.449721042000574, 46.192274637204825 ], [ 7.449827795297516, 46.192244312447869 ], [ 7.449890293445255, 46.192242903441574 ], [ 7.450015167183175, 46.192208960626019 ], [ 7.451426869645965, 46.192046271044447 ], [ 7.451810311219997, 46.191616871046406 ], [ 7.452302743921289, 46.191185181633756 ], [ 7.452605930130506, 46.19105556436525 ], [ 7.452716218568061, 46.191008414179684 ], [ 7.453986428665769, 46.190465377727854 ], [ 7.458040131288078, 46.189052598161467 ], [ 7.46218434516853, 46.18781056200487 ], [ 7.464450605934998, 46.187045514997209 ], [ 7.467584502322232, 46.186190290704829 ], [ 7.469824753979649, 46.185515116056855 ], [ 7.471016026422082, 46.185020051655506 ], [ 7.471339730700424, 46.184885045329686 ], [ 7.473061991917792, 46.184461800251299 ], [ 7.473929636303778, 46.184326632784959 ], [ 7.474874907297738, 46.184074491882804 ], [ 7.476325217391084, 46.183759228681815 ], [ 7.476713735707714, 46.183741119336887 ], [ 7.477684872962947, 46.183470955231442 ], [ 7.478267473981173, 46.183200907653735 ], [ 7.478694652902591, 46.182903906329436 ], [ 7.479147506498755, 46.182319044916298 ], [ 7.48020890622827, 46.181626026302276 ], [ 7.480791292463294, 46.181149049536323 ], [ 7.481373805750354, 46.180833999099399 ], [ 7.481891486211645, 46.180455991958617 ], [ 7.482771376832266, 46.179574101120394 ], [ 7.483807166160808, 46.179375806211432 ], [ 7.485062963571687, 46.179033502104858 ], [ 7.485839864922461, 46.178970235229727 ], [ 7.48691448622631, 46.178762909292871 ], [ 7.486931930191664, 46.178763620374006 ], [ 7.488662674610482, 46.178834171976099 ], [ 7.488791904773368, 46.178537261684596 ], [ 7.48881751959451, 46.178222387369019 ], [ 7.489486193429693, 46.177017827672778 ], [ 7.489916388747791, 46.176242866975315 ], [ 7.489954018436375, 46.176061063850199 ], [ 7.490083977816351, 46.175433181390687 ], [ 7.490019007641234, 46.175190329951114 ], [ 7.490083543951402, 46.174965402736213 ], [ 7.490238721851513, 46.174740443822174 ], [ 7.490626926041215, 46.174488401784046 ], [ 7.490989182621238, 46.174173392227544 ], [ 7.491532373003319, 46.173498475409346 ], [ 7.491959360277516, 46.173183432926976 ], [ 7.491984893685369, 46.172805607002417 ], [ 7.491925439397136, 46.172517841370102 ], [ 7.491919848989466, 46.172490783150316 ], [ 7.491699094422884, 46.171816190414816 ], [ 7.491722194440917, 46.171770191719517 ], [ 7.492077741287674, 46.171062196987812 ], [ 7.492345243930083, 46.170529523267682 ], [ 7.492522179516665, 46.170292614402655 ], [ 7.492698150094974, 46.170056997640692 ], [ 7.493309224670933, 46.169238796016955 ], [ 7.493534818811916, 46.168936735516127 ], [ 7.493687452301795, 46.168660446300827 ], [ 7.493857923369554, 46.168351868428566 ], [ 7.494459734364399, 46.167856990328417 ], [ 7.494569398603513, 46.167766811799325 ], [ 7.495125937818272, 46.167604627883357 ], [ 7.495734323527043, 46.167514379989655 ], [ 7.496168908502204, 46.16738832369073 ], [ 7.496355586476511, 46.167334175627921 ], [ 7.497352462333409, 46.167333687525407 ], [ 7.497585162061891, 46.167018723161107 ], [ 7.497973203354399, 46.166685686882978 ], [ 7.49810444433893, 46.166507121389664 ], [ 7.498257606720893, 46.166298729808403 ], [ 7.498748662602981, 46.16547088092014 ], [ 7.499162401793072, 46.164975906847936 ], [ 7.499718514434331, 46.164453868754435 ], [ 7.50013226709016, 46.163985877847544 ], [ 7.501011816751549, 46.163310743658222 ], [ 7.501679644269096, 46.16288468152996 ], [ 7.502558436290694, 46.162324027784514 ], [ 7.502564133416444, 46.162320393119188 ], [ 7.502622247035821, 46.162312822324552 ], [ 7.503592730506037, 46.162186391874492 ], [ 7.504505643468984, 46.162067461464737 ], [ 7.505541205963854, 46.162021891848823 ], [ 7.506214536407647, 46.162183434341607 ], [ 7.507624090514164, 46.162381435569536 ], [ 7.507936566505829, 46.162425329329814 ], [ 7.508583916055529, 46.162496917747106 ], [ 7.509904687789247, 46.162765996161319 ], [ 7.510746340392029, 46.162918419999272 ], [ 7.511273552047083, 46.163145920127015 ], [ 7.51132920609449, 46.163169935724497 ], [ 7.512550125781922, 46.163824217795366 ], [ 7.51275431952149, 46.163933643750369 ], [ 7.512953160911012, 46.163966182252736 ], [ 7.513493050001206, 46.164054529967885 ], [ 7.51395866050358, 46.164130722698545 ], [ 7.514411982192305, 46.164247356324992 ], [ 7.514742551900921, 46.164738250907774 ], [ 7.514866089689088, 46.164921703987112 ], [ 7.515060886613184, 46.16534436565275 ], [ 7.515078562651372, 46.165573386789788 ], [ 7.51508726671169, 46.165686161709708 ], [ 7.515124722587665, 46.165712286365114 ], [ 7.515855680709026, 46.166222113689606 ], [ 7.516150729072843, 46.166361974872345 ], [ 7.516545770711437, 46.166558691092035 ], [ 7.51682567070643, 46.166723109764497 ], [ 7.517121157742266, 46.166903709063291 ], [ 7.517316919477283, 46.167087084017588 ], [ 7.517433836582523, 46.167344267769302 ], [ 7.517492452555454, 46.16758260997517 ], [ 7.517492840636395, 46.167582901467512 ], [ 7.517756886048933, 46.167781229205417 ], [ 7.518129877282544, 46.16793004476412 ], [ 7.518474339489244, 46.167974908214653 ], [ 7.518853831277729, 46.168042100004833 ], [ 7.519264272423482, 46.168129967478443 ], [ 7.519529641568341, 46.168086582998463 ], [ 7.519529436194059, 46.16808729470786 ], [ 7.519462656086778, 46.168318716233287 ], [ 7.519633976689396, 46.168574959644054 ], [ 7.519710821672072, 46.168884352818388 ], [ 7.519712505264648, 46.169139825912808 ], [ 7.51971934804363, 46.169381792990492 ], [ 7.519750923857243, 46.169634546183715 ], [ 7.51975388654117, 46.169879223691744 ], [ 7.519752969922133, 46.170118506615545 ], [ 7.519759736484803, 46.170317295002981 ], [ 7.519775472615019, 46.170366597158107 ], [ 7.519840398433743, 46.170570013292981 ], [ 7.519919762356204, 46.170820033781638 ], [ 7.519996540064546, 46.171071855177168 ], [ 7.519997258026644, 46.171124502646045 ], [ 7.519999473174183, 46.171286937280932 ], [ 7.520001261443426, 46.171533414760368 ], [ 7.520000492885421, 46.171719757880439 ], [ 7.520000308004624, 46.171764583728759 ], [ 7.520057601274806, 46.171973240223153 ], [ 7.520179724147527, 46.172241212201747 ], [ 7.520296672130001, 46.172493904272564 ], [ 7.520464111811093, 46.172767240871615 ], [ 7.520347872393665, 46.172967025921572 ], [ 7.520217405723119, 46.173169519694945 ], [ 7.520046983264784, 46.173418827812036 ], [ 7.519901044055747, 46.173676205271519 ], [ 7.519955789054785, 46.173911850386041 ], [ 7.51989271834458, 46.17415927364673 ], [ 7.519814219750581, 46.174403109616271 ], [ 7.519756372089749, 46.174672109481705 ], [ 7.519756762935135, 46.174937568675261 ], [ 7.519740367356461, 46.175226338343997 ], [ 7.519646297269563, 46.175449495444425 ], [ 7.519628584882553, 46.175723873115977 ], [ 7.519599212777639, 46.175994660827271 ], [ 7.519558142734653, 46.176244766998607 ], [ 7.519550751826465, 46.176484954159214 ], [ 7.519557684928442, 46.17670893013559 ], [ 7.519643557649546, 46.176976937459855 ], [ 7.519824034913135, 46.177285357589327 ], [ 7.519981040308165, 46.177482231001719 ], [ 7.52014451571381, 46.17769261093845 ], [ 7.52042697987892, 46.177872311491633 ], [ 7.520649951176618, 46.178023268246662 ], [ 7.520910555241536, 46.17821737622436 ], [ 7.520910903161447, 46.178217871788959 ], [ 7.52104942603447, 46.178415178783979 ], [ 7.521201413453564, 46.178723599320371 ], [ 7.521212138237861, 46.178958376178173 ], [ 7.521211008935009, 46.17904332636413 ], [ 7.521208670251343, 46.179219250485886 ], [ 7.521204609777418, 46.179390626306045 ], [ 7.521202702347789, 46.179471131026183 ], [ 7.521236744119872, 46.179710388814158 ], [ 7.521371867284905, 46.179996341395949 ], [ 7.521556148407337, 46.180246275802908 ], [ 7.521661279583885, 46.180384731315058 ], [ 7.521661280746338, 46.180384731823835 ], [ 7.521966990809026, 46.180518533686424 ], [ 7.522259956539006, 46.180700929699604 ], [ 7.522492068487024, 46.180873456552774 ], [ 7.522492072365798, 46.180873694306527 ], [ 7.522496353568863, 46.181136115357852 ], [ 7.52231789654758, 46.181306271805774 ], [ 7.52223028401018, 46.181517732151121 ], [ 7.522142580843868, 46.181755279681077 ], [ 7.522058745062746, 46.181973034041249 ], [ 7.522040164394541, 46.182021637688599 ], [ 7.5219761880019, 46.182188988291529 ], [ 7.521879551457523, 46.182421144798177 ], [ 7.521891552498399, 46.182649623807436 ], [ 7.521908746912436, 46.182878099029978 ], [ 7.521938918873653, 46.183115551368878 ], [ 7.521919860022536, 46.183358535933657 ], [ 7.521860715736761, 46.183557381425004 ], [ 7.521783344771736, 46.183770633095939 ], [ 7.52166326648089, 46.184013601206701 ], [ 7.521576807227118, 46.184221462001162 ], [ 7.521768951085922, 46.184513678652181 ], [ 7.521769174127223, 46.184513922645188 ], [ 7.521941513608953, 46.184702451082018 ], [ 7.521941892239096, 46.184702953513948 ], [ 7.522141378019073, 46.184967665732273 ], [ 7.522268663467898, 46.185197859457716 ], [ 7.522360963403428, 46.185416384452878 ], [ 7.522459713049571, 46.185608817449378 ], [ 7.522529974316166, 46.185821043595467 ], [ 7.522696141411308, 46.186066491764592 ], [ 7.522725036574342, 46.186321045484732 ], [ 7.522902920155568, 46.186587174567848 ], [ 7.523111834257451, 46.186842485713555 ], [ 7.523136820002104, 46.187079950625673 ], [ 7.523222704582816, 46.18733356247084 ], [ 7.523285248351333, 46.187484641911219 ], [ 7.523737505731554, 46.187695683820934 ], [ 7.524005887678642, 46.187865490926221 ], [ 7.524197924226447, 46.188080332581976 ], [ 7.524198244175078, 46.18808076839008 ], [ 7.524359312419476, 46.188300162503253 ], [ 7.524602839721378, 46.188566680404392 ], [ 7.524841473699745, 46.188758915943573 ], [ 7.52511495690985, 46.188946698749156 ], [ 7.525436253657611, 46.188989615616578 ], [ 7.525435456732308, 46.188990007026845 ], [ 7.516550909054891, 46.193353657131631 ], [ 7.510355444188005, 46.194100297483565 ], [ 7.509919479821979, 46.196214091970653 ], [ 7.511291592111421, 46.197089101943078 ], [ 7.512335432434122, 46.198497439876746 ], [ 7.512607533364482, 46.201184669322167 ], [ 7.513300668558112, 46.203504982078371 ], [ 7.511415196117137, 46.202601960827423 ], [ 7.510414465579793, 46.202466309982157 ], [ 7.508108563602399, 46.202500747082055 ], [ 7.506310987253532, 46.202921108367896 ], [ 7.505804614011208, 46.202970882291083 ], [ 7.50553038306678, 46.20332384984755 ], [ 7.504541340062921, 46.203752703317718 ], [ 7.504120608217611, 46.204031897867999 ], [ 7.502350387248311, 46.204538628059908 ], [ 7.501030519154841, 46.204614827195023 ], [ 7.500088961247635, 46.20480622218615 ], [ 7.49908763719194, 46.204849843302796 ], [ 7.497349720750613, 46.205344783775558 ], [ 7.49657178027215, 46.20492337597495 ], [ 7.495416195255223, 46.204763921889764 ], [ 7.495142907822983, 46.20484681614591 ], [ 7.494826863664133, 46.204928831113456 ], [ 7.494525280714647, 46.205090988860803 ], [ 7.494194928409963, 46.205119125441371 ], [ 7.493898400090858, 46.205156150419697 ], [ 7.493643269298359, 46.205261521282011 ], [ 7.493464625171, 46.205413632152201 ], [ 7.493313332739556, 46.205581022227747 ], [ 7.493042669014636, 46.205704390304824 ], [ 7.492399173892686, 46.20601423144285 ], [ 7.492150421366863, 46.206023343139094 ], [ 7.491878469169086, 46.206024369006066 ], [ 7.491739855558218, 46.206044223430354 ], [ 7.491372711440763, 46.206765029158959 ], [ 7.491199092867812, 46.20690004252436 ], [ 7.490916757742169, 46.207024310403099 ], [ 7.490699346485374, 46.207162041582798 ], [ 7.490544162126063, 46.207338425308812 ], [ 7.490470683216512, 46.207461158304575 ], [ 7.487437360823872, 46.205738381181575 ], [ 7.480333441293122, 46.204294075854911 ], [ 7.475534906847195, 46.205152544960342 ], [ 7.472190168627863, 46.206772020014292 ], [ 7.467418564009661, 46.207306430148456 ], [ 7.464284959687026, 46.208549189416559 ], [ 7.462963699358243, 46.207936205568821 ], [ 7.461095645731477, 46.205779426026062 ], [ 7.458563046240976, 46.205110014970288 ], [ 7.457396898195533, 46.204768345784466 ], [ 7.45327666240104, 46.20373427564688 ], [ 7.450620650519296, 46.203284715505283 ], [ 7.449843306067571, 46.203329739843916 ], [ 7.447614915001157, 46.203581752019744 ], [ 7.444181592864278, 46.202817211615489 ], [ 7.442238250778887, 46.202637299545835 ], [ 7.441422069322821, 46.202340434549122 ], [ 7.440004456394207, 46.202014403875303 ], [ 7.439086117373293, 46.201794668489626 ], [ 7.438903344412465, 46.201747638634131 ], [ 7.438756017296535, 46.20171012607404 ], [ 7.438560483935334, 46.201664076089671 ], [ 7.438362087987047, 46.201609174079969 ], [ 7.437825213515008, 46.201460407054483 ], [ 7.437216609882225, 46.201292466411445 ], [ 7.43715528081403, 46.20127417709044 ], [ 7.436964621116253, 46.201236544315371 ], [ 7.436505416961793, 46.201145686361791 ], [ 7.43597448314152, 46.201033828582375 ], [ 7.43554062230399, 46.200946196925372 ], [ 7.435454705544512, 46.200925980745147 ], [ 7.435199015202693, 46.200869137024718 ], [ 7.434655663611924, 46.20074891566469 ], [ 7.434176388449536, 46.200644544991583 ], [ 7.433998714112279, 46.200605378579418 ], [ 7.432865448316945, 46.200384880141875 ], [ 7.432724359077215, 46.200357794962429 ], [ 7.432431869230909, 46.200300897760897 ], [ 7.432229766772608, 46.200339008088278 ], [ 7.431170265921324, 46.200538753148308 ], [ 7.430468157438343, 46.20053039579404 ], [ 7.429477582828339, 46.200506707161338 ], [ 7.428052676275615, 46.200377034350161 ], [ 7.426917170655114, 46.200386088284901 ], [ 7.426651256300605, 46.200388208111811 ], [ 7.42586813931067, 46.200394457663961 ], [ 7.425179189118155, 46.200411193684218 ], [ 7.424446486766381, 46.200391181678043 ], [ 7.424057427613268, 46.200374532031859 ], [ 7.423526785615421, 46.200351824975307 ], [ 7.42287587176248, 46.200323961223965 ], [ 7.42239097408695, 46.200303198630792 ], [ 7.421246194709076, 46.200231098918373 ], [ 7.419528411680747, 46.200116985892102 ], [ 7.419091459071647, 46.200072856094593 ], [ 7.41832206788018, 46.200071670418012 ], [ 7.417658076492314, 46.200009375004271 ], [ 7.416238730790628, 46.199937926519986 ], [ 7.413044149714853, 46.199327914149009 ], [ 7.412934886821656, 46.199307036657267 ], [ 7.412898065210229, 46.199130732491284 ], [ 7.412958648429251, 46.198798135042026 ], [ 7.413108210512463, 46.198422514586312 ], [ 7.413103763356345, 46.198297025140555 ], [ 7.412790697208202, 46.197865999851636 ], [ 7.412760450667414, 46.19773056415238 ], [ 7.412768149839225, 46.197563985753568 ], [ 7.412901721672165, 46.197273145177618 ], [ 7.412993323734153, 46.196975835746365 ], [ 7.413027589626473, 46.196732369338683 ], [ 7.412997769757736, 46.196545605011536 ], [ 7.413022052103456, 46.196452731324285 ], [ 7.41319135176417, 46.196044938245628 ], [ 7.413360697355007, 46.195832439044203 ], [ 7.413894528157413, 46.195528529005877 ], [ 7.414039096085157, 46.195438668933768 ], [ 7.414171126437744, 46.195149832558279 ], [ 7.414253380913061, 46.194791422039728 ], [ 7.414230059019558, 46.194524589834934 ], [ 7.414170254537641, 46.19438104287925 ], [ 7.414018779421667, 46.194097225055131 ], [ 7.413974563227009, 46.193972158452347 ], [ 7.413967656554731, 46.193784634978407 ], [ 7.413944507875277, 46.193483934401698 ], [ 7.413721708881383, 46.193132723069319 ], [ 7.413592123691404, 46.192878869095239 ], [ 7.413592103224697, 46.192878829001501 ], [ 7.413410239142674, 46.192692803348642 ], [ 7.41311995418371, 46.192463033524412 ], [ 7.413012597577387, 46.192279993210718 ], [ 7.413023616295806, 46.191970098022495 ], [ 7.41284451407733, 46.191155065102663 ], [ 7.413410576744319, 46.190426726584768 ], [ 7.413976353159342, 46.19021998492488 ] ] ] } },
{ "type": "Feature", "properties": { "geo_point_2d": { "lon": 7.705352559414295, "lat": 46.19230169831637 }, "year": "2023", "kan_code": [ "23" ], "kan_name": [ "Valais" ], "bez_code": [ "2306", "2309", "2311", "2313" ], "bez_name": [ "Leuk", "Raron", "Sierre", "Visp" ], "gem_code": [ "6101", "6104", "6110", "6112", "6118", "6119", "6198", "6201", "6252", "6283", "6287", "6292" ], "gem_name": [ "Agarn", "Anniviers", "Embd", "Ergisch", "Gampel-Bratsch", "Leuk", "Niedergesteln", "Oberems", "Randa", "St. Niklaus", "Turtmann-Unterems", "Unterbäch" ], "plz_code": [ "3946" ], "plz_area_code": "CHE", "plz_type": "PLZ4/NPA4" }, "geometry": { "type": "MultiPolygon", "coordinates": [ [ [ [ 7.698646648058108, 46.294213504177563 ], [ 7.699198461879772, 46.294441907186155 ], [ 7.699970972418402, 46.294076409364855 ], [ 7.700048420543204, 46.294179105479209 ], [ 7.700725539045131, 46.294448367576308 ], [ 7.701489758593714, 46.294631893144782 ], [ 7.702031172521258, 46.294998335998727 ], [ 7.702478882859745, 46.295193311792268 ], [ 7.703652857145285, 46.294878768863391 ], [ 7.703652828426814, 46.294878948122701 ], [ 7.703373479817745, 46.296622628669652 ], [ 7.703373607952912, 46.29662263425849 ], [ 7.70404337738884, 46.296651847413024 ], [ 7.705748589197084, 46.296578913435745 ], [ 7.706007795042471, 46.296551738912953 ], [ 7.706143335020368, 46.296540741682563 ], [ 7.706263465142244, 46.296597491040409 ], [ 7.706232547293596, 46.296633645574055 ], [ 7.706280914586405, 46.296680893737282 ], [ 7.706439191113609, 46.296751577201988 ], [ 7.706819067700572, 46.296830085041876 ], [ 7.707352030224843, 46.296847121679356 ], [ 7.70745307691716, 46.296873365658037 ], [ 7.707611857428043, 46.296930031037313 ], [ 7.707808121139391, 46.296884596391642 ], [ 7.708135888658177, 46.29680715747724 ], [ 7.708180252481871, 46.296822127434332 ], [ 7.708180105655754, 46.296823253322636 ], [ 7.708165615292182, 46.296931116101554 ], [ 7.708165611248011, 46.296931146205388 ], [ 7.708319757959909, 46.297008493650765 ], [ 7.708669390852173, 46.297271208549191 ], [ 7.708669410125161, 46.297271287843863 ], [ 7.708737618775983, 46.297551918068997 ], [ 7.708743517608573, 46.297600435681559 ], [ 7.708759042914939, 46.297687566795297 ], [ 7.70881144347714, 46.297746678573112 ], [ 7.70894198675995, 46.297790158683334 ], [ 7.70906716792783, 46.297783455568791 ], [ 7.709228458211014, 46.297738245717603 ], [ 7.709395587826864, 46.297726890412136 ], [ 7.709592977099089, 46.297711801385368 ], [ 7.709661287791177, 46.297713032614411 ], [ 7.709797017885764, 46.297745047862328 ], [ 7.70995964246465, 46.297767301323056 ], [ 7.710283086726839, 46.297806333499267 ], [ 7.71095909050645, 46.298043620602684 ], [ 7.711422639869785, 46.298155583032027 ], [ 7.711754002799612, 46.298212448389556 ], [ 7.712128192191343, 46.29822991648485 ], [ 7.712653619458852, 46.298330120335869 ], [ 7.713154408766812, 46.298408341946143 ], [ 7.713498127916083, 46.298544496169477 ], [ 7.713791541210806, 46.29864663274163 ], [ 7.713932152098885, 46.298716431030179 ], [ 7.713994847587661, 46.298777386552281 ], [ 7.714290413732743, 46.298889043032339 ], [ 7.714515013335804, 46.298908170842473 ], [ 7.7146075417221, 46.298796201617535 ], [ 7.714873144078113, 46.299038960433293 ], [ 7.715187234422169, 46.299127684493143 ], [ 7.715480396217527, 46.299102357593917 ], [ 7.715552354100145, 46.298983151270797 ], [ 7.715889653441987, 46.299016214482307 ], [ 7.716624252180853, 46.29919410614059 ], [ 7.717109896729504, 46.299335955791477 ], [ 7.717506788506197, 46.299397762061908 ], [ 7.717912891875585, 46.299435948615965 ], [ 7.718022484183716, 46.299527200887567 ], [ 7.718344178301908, 46.299586193759623 ], [ 7.718748287457982, 46.299622340215869 ], [ 7.719428089552895, 46.299678304597485 ], [ 7.7199078283045, 46.299785091728701 ], [ 7.720653700617517, 46.29991227467918 ], [ 7.720653651501219, 46.299912401213064 ], [ 7.720564940078944, 46.300140940441516 ], [ 7.720546597789657, 46.300195544789474 ], [ 7.720706921330202, 46.300214783987983 ], [ 7.721054605054666, 46.30030362419437 ], [ 7.721329374526112, 46.300362446495015 ], [ 7.722268600315672, 46.300501155252213 ], [ 7.722862666597564, 46.300492652336864 ], [ 7.723153486077428, 46.300582294188565 ], [ 7.723382691751768, 46.300728402855718 ], [ 7.723994375674338, 46.300963434791406 ], [ 7.724170413855685, 46.301060730060165 ], [ 7.725142878940101, 46.301173477783081 ], [ 7.725652884762249, 46.301176947767054 ], [ 7.726411998937285, 46.301153462662462 ], [ 7.72692560337443, 46.301169862565942 ], [ 7.727540657003253, 46.301199306522108 ], [ 7.728030257573882, 46.301190070855014 ], [ 7.728838255179479, 46.301128501011277 ], [ 7.729383626964372, 46.301087802879351 ], [ 7.729515830634977, 46.301002445894021 ], [ 7.730067614732234, 46.300736422182887 ], [ 7.73014416284996, 46.300698503546862 ], [ 7.73016458348332, 46.300688388045835 ], [ 7.730398329968702, 46.300649062427546 ], [ 7.731407405033377, 46.30047929516558 ], [ 7.731532225605553, 46.300397275082453 ], [ 7.731672290869468, 46.300305237653127 ], [ 7.731911809887865, 46.300147239403692 ], [ 7.73208109670849, 46.300035537130157 ], [ 7.733255119809299, 46.299260869326346 ], [ 7.733806331898379, 46.298898233136448 ], [ 7.737066948889524, 46.300588674089965 ], [ 7.74095193669881, 46.301411426057825 ], [ 7.743704097816888, 46.30228470158886 ], [ 7.744357373832027, 46.302351499392124 ], [ 7.745971928331902, 46.302516598318547 ], [ 7.74775820251114, 46.302606947088556 ], [ 7.749514335294704, 46.30343519479726 ], [ 7.75088840267706, 46.303512679605724 ], [ 7.750530952995234, 46.305036300491594 ], [ 7.750204935198621, 46.304957134556645 ], [ 7.749452275876867, 46.304859229751692 ], [ 7.746853086112059, 46.304352216352342 ], [ 7.746286997056705, 46.304453721764219 ], [ 7.745475046034636, 46.304812140669654 ], [ 7.744587583113095, 46.304838285690913 ], [ 7.744585301991989, 46.304838352865346 ], [ 7.74220909316794, 46.304908327439477 ], [ 7.739302403079054, 46.306211544261778 ], [ 7.736578366192436, 46.306569560726643 ], [ 7.736293878049149, 46.306553485353511 ], [ 7.733768512937695, 46.306955261506531 ], [ 7.731900255573221, 46.307224937622763 ], [ 7.730296579496839, 46.307456355219884 ], [ 7.728301054979541, 46.307743777410302 ], [ 7.727628731850618, 46.308240298827464 ], [ 7.726338411708133, 46.309245336070262 ], [ 7.725009708971185, 46.309765866995988 ], [ 7.724152177517906, 46.310110924704986 ], [ 7.721942288456328, 46.311336519092976 ], [ 7.720190593692181, 46.311626607298059 ], [ 7.71828237952682, 46.311588918661819 ], [ 7.717296798985402, 46.311501376578548 ], [ 7.716523327888636, 46.311223030302727 ], [ 7.715948587964991, 46.31079977746505 ], [ 7.715948587127599, 46.31079977684837 ], [ 7.715925833152412, 46.3107728923585 ], [ 7.715402716457625, 46.310154814621896 ], [ 7.71527949787404, 46.310060030670151 ], [ 7.715092525917592, 46.309857111908478 ], [ 7.715077674027951, 46.30984445631325 ], [ 7.715037481625445, 46.309810207555024 ], [ 7.712215442385314, 46.309915861261416 ], [ 7.710567538801061, 46.310054710786964 ], [ 7.707659037713219, 46.310198154962038 ], [ 7.707658574249158, 46.310198177819593 ], [ 7.706328276863477, 46.310226051465513 ], [ 7.705604052744204, 46.310231265112598 ], [ 7.704728209091938, 46.310191581350573 ], [ 7.704513262211412, 46.310182864366631 ], [ 7.704287512858667, 46.310173704476405 ], [ 7.703511991375287, 46.310142313410893 ], [ 7.702735054318698, 46.310105244055123 ], [ 7.701974833022049, 46.310056364257832 ], [ 7.700884916380419, 46.309975002360709 ], [ 7.699692575208861, 46.309922111925083 ], [ 7.698923746010697, 46.309920755556753 ], [ 7.698156634418276, 46.309933882062488 ], [ 7.697284924605716, 46.309950678032962 ], [ 7.696950387785847, 46.309934455782532 ], [ 7.696523741615501, 46.309900036644471 ], [ 7.696186280551499, 46.309858226097816 ], [ 7.694502879007911, 46.309428197870382 ], [ 7.694109427714137, 46.309282265486978 ], [ 7.693183891329801, 46.308897845218482 ], [ 7.692371928012943, 46.308628587089316 ], [ 7.684099638944343, 46.306987672864395 ], [ 7.684099502843006, 46.306987645866954 ], [ 7.684265060880226, 46.306648718059229 ], [ 7.684340683381194, 46.306492866495304 ], [ 7.684523871979963, 46.306126562332295 ], [ 7.684524669963189, 46.306125366109413 ], [ 7.684592743713957, 46.306023319630434 ], [ 7.684599051593247, 46.306013863755531 ], [ 7.68540298908423, 46.304838599217803 ], [ 7.685403050771367, 46.304838509038277 ], [ 7.685442822244021, 46.304678083876702 ], [ 7.685455819977528, 46.304627526977477 ], [ 7.685471949435888, 46.304563424794061 ], [ 7.685482280591514, 46.30452022314627 ], [ 7.685501523946017, 46.304444383842814 ], [ 7.685513984564757, 46.304395627237582 ], [ 7.685525571102896, 46.304351631237928 ], [ 7.685536397613589, 46.304311783891031 ], [ 7.685560660012259, 46.304217861374205 ], [ 7.685570617769996, 46.304178222813491 ], [ 7.685581697765079, 46.304134173935658 ], [ 7.685602975210632, 46.304054704938494 ], [ 7.685367355110399, 46.304017732224025 ], [ 7.685094365907339, 46.303974849021685 ], [ 7.685049519749435, 46.303980328174426 ], [ 7.685049389972939, 46.30398034403008 ], [ 7.685140119885375, 46.303624566487116 ], [ 7.685212896875597, 46.303443703570252 ], [ 7.685218384150527, 46.303434074148811 ], [ 7.685254362208954, 46.303370937547946 ], [ 7.685316136095364, 46.303257026202978 ], [ 7.685180159868722, 46.303204840819049 ], [ 7.685174301091572, 46.303166406071249 ], [ 7.685150631920117, 46.303021168488293 ], [ 7.685137975580605, 46.302946208108693 ], [ 7.685125559994024, 46.302871254654704 ], [ 7.685125539396472, 46.302871130306357 ], [ 7.685085048743899, 46.302872306671048 ], [ 7.685063745845206, 46.302839914540947 ], [ 7.685037802237721, 46.302731258242268 ], [ 7.684993236698212, 46.302617613766195 ], [ 7.685001722748183, 46.302525110933068 ], [ 7.684991380986044, 46.30246251455452 ], [ 7.684985419848045, 46.302424358885688 ], [ 7.684966483424486, 46.302321003807002 ], [ 7.684963806673506, 46.302311568273105 ], [ 7.684939023316447, 46.302224207062693 ], [ 7.684913173022491, 46.302136096631891 ], [ 7.684888721183586, 46.302052984751732 ], [ 7.684873888152983, 46.302001741635863 ], [ 7.684865259266339, 46.30193037975593 ], [ 7.684867221856634, 46.301918564823637 ], [ 7.684882633527131, 46.301825785477916 ], [ 7.684893294078845, 46.301752511754032 ], [ 7.684893308637958, 46.30175241168412 ], [ 7.684391318063277, 46.301655869340557 ], [ 7.684166069037254, 46.301639624698964 ], [ 7.683936598598521, 46.301639958740793 ], [ 7.683885032279263, 46.301611086101765 ], [ 7.683692110218697, 46.301579397101833 ], [ 7.683294027159885, 46.301527531949553 ], [ 7.683248166601797, 46.301494535709068 ], [ 7.682932053152701, 46.301269982843891 ], [ 7.682626724173129, 46.301044596319613 ], [ 7.682587459627678, 46.301009111832627 ], [ 7.682547861061064, 46.300974383685322 ], [ 7.682479738996569, 46.300914492943093 ], [ 7.682410629683107, 46.300854379388241 ], [ 7.682128257277871, 46.300606920861171 ], [ 7.682064896379983, 46.300566711166937 ], [ 7.681912919099873, 46.300472006699145 ], [ 7.681796708180341, 46.300399705602139 ], [ 7.681729212308191, 46.300357660465188 ], [ 7.681405358368677, 46.300137806678201 ], [ 7.681291992357711, 46.300059930668972 ], [ 7.681230050772054, 46.300002967554391 ], [ 7.681127474881963, 46.299908525305923 ], [ 7.680910875802461, 46.299716462502261 ], [ 7.680784451741205, 46.299602811114958 ], [ 7.680701183433583, 46.299506968963165 ], [ 7.680716036885541, 46.299397154240935 ], [ 7.680597485304284, 46.299214696038895 ], [ 7.680522170552925, 46.299112269976568 ], [ 7.68043933868161, 46.299000423423976 ], [ 7.680412229723664, 46.298974798535781 ], [ 7.680325217596689, 46.298891881853635 ], [ 7.680294190425547, 46.298875314912792 ], [ 7.680029767024002, 46.298740618593705 ], [ 7.679961940674181, 46.298705238898783 ], [ 7.679905958217918, 46.298674475759285 ], [ 7.679820898157114, 46.298627699111712 ], [ 7.679814869233851, 46.298624184665059 ], [ 7.679731687996032, 46.298575695737611 ], [ 7.679640329827734, 46.298522167590271 ], [ 7.679570418760439, 46.298479060078193 ], [ 7.679566766115465, 46.298476818489412 ], [ 7.679360395852753, 46.298354047770722 ], [ 7.679342014835205, 46.298323816337465 ], [ 7.679293454410632, 46.298242508534791 ], [ 7.679293620370335, 46.298242430295232 ], [ 7.679345570951313, 46.298217938863949 ], [ 7.679539367793363, 46.298107151111246 ], [ 7.679703836718001, 46.297997234902965 ], [ 7.680193153925412, 46.297565482738214 ], [ 7.680910257262793, 46.296935517997774 ], [ 7.681090835504331, 46.296801546971508 ], [ 7.681329034597385, 46.296667452507144 ], [ 7.681619292433567, 46.296508328160627 ], [ 7.681683816627878, 46.296484531467719 ], [ 7.681781497026908, 46.296445640984636 ], [ 7.681888921873084, 46.296409248325688 ], [ 7.682044296196835, 46.296357460155434 ], [ 7.682331847502724, 46.296261489320742 ], [ 7.682542559597194, 46.296192489918809 ], [ 7.682869366837946, 46.296081950361149 ], [ 7.683063604323223, 46.29601487451238 ], [ 7.683157282382945, 46.295981029024539 ], [ 7.683234507288858, 46.295953605825858 ], [ 7.683295153754341, 46.295933594742991 ], [ 7.683383532472937, 46.295904618144064 ], [ 7.68357065399363, 46.295842684288857 ], [ 7.684434678446412, 46.295546388978664 ], [ 7.684470029971066, 46.295399566198483 ], [ 7.685378146513345, 46.293142149764201 ], [ 7.686439174689284, 46.293342807866892 ], [ 7.689208160742115, 46.293964627182589 ], [ 7.691494896835225, 46.294697390086171 ], [ 7.692784164305955, 46.295051521945517 ], [ 7.696320584280032, 46.294704178731308 ], [ 7.696886910741929, 46.29473156987995 ], [ 7.697331032850293, 46.294661435876947 ], [ 7.697994211480459, 46.294568913357985 ], [ 7.698406519986499, 46.294430021961794 ], [ 7.698646648058108, 46.294213504177563 ] ] ], [ [ [ 7.710821725771273, 46.110749556080748 ], [ 7.710821613344974, 46.110752200009372 ], [ 7.710809498215575, 46.111037111439167 ], [ 7.710783618373219, 46.111523493128431 ], [ 7.71092701902663, 46.111749998707239 ], [ 7.711001532418213, 46.111939788109567 ], [ 7.711037649548765, 46.112538330499049 ], [ 7.711197331253295, 46.112623259967947 ], [ 7.711155634673785, 46.113016008863731 ], [ 7.711297985647608, 46.113277459375986 ], [ 7.711623921073198, 46.113876092330116 ], [ 7.711624109782861, 46.113876254372386 ], [ 7.712113987169766, 46.114229287668742 ], [ 7.712382783816097, 46.114310029532867 ], [ 7.712506015636331, 46.114543337686328 ], [ 7.71273308698356, 46.114799699960926 ], [ 7.712907646552645, 46.114996776733179 ], [ 7.713217064330404, 46.115438492129698 ], [ 7.713432855173177, 46.11558751977195 ], [ 7.713808446270251, 46.115842135415143 ], [ 7.714032890241861, 46.116265371478875 ], [ 7.714155346099692, 46.116610955216473 ], [ 7.714433104086218, 46.117394818437333 ], [ 7.714652266798175, 46.117569005242586 ], [ 7.715024532257713, 46.117962912801815 ], [ 7.715111746704912, 46.117930140183887 ], [ 7.715494980255817, 46.117786132314258 ], [ 7.715966520763867, 46.117986181588442 ], [ 7.716452851170046, 46.118074386339096 ], [ 7.716907983949415, 46.118226408533495 ], [ 7.717320054749857, 46.11849483005097 ], [ 7.717546917034613, 46.118559695431919 ], [ 7.718038227407686, 46.118700172878604 ], [ 7.718338954337269, 46.118735608429006 ], [ 7.718435423068845, 46.118746975627168 ], [ 7.718948064841049, 46.118759901377381 ], [ 7.719555615685563, 46.118677082876054 ], [ 7.720097942523141, 46.118644393958384 ], [ 7.720379562966529, 46.118670763652773 ], [ 7.720751507820345, 46.118705590925991 ], [ 7.721045129432824, 46.118696235541655 ], [ 7.721474168297004, 46.11868256548707 ], [ 7.722045432613987, 46.118620208313132 ], [ 7.722761552143228, 46.118583418748315 ], [ 7.723537260567248, 46.118501055773734 ], [ 7.72404948277084, 46.118473453428493 ], [ 7.72450312300113, 46.118449007916055 ], [ 7.724633843987879, 46.118556687575854 ], [ 7.725067085392337, 46.118690390233517 ], [ 7.725492698268602, 46.118913149013395 ], [ 7.725901776168622, 46.119075290169988 ], [ 7.725997439808316, 46.119113207185748 ], [ 7.726725378376649, 46.119325360600293 ], [ 7.727086489567244, 46.119456097906301 ], [ 7.727481952443497, 46.119599271954669 ], [ 7.727822613399458, 46.119754224434558 ], [ 7.72795687135362, 46.119815292785887 ], [ 7.728137951438868, 46.119878868914689 ], [ 7.728573289807603, 46.120031713597555 ], [ 7.729580923229236, 46.120230897261358 ], [ 7.730252415765614, 46.120341650886644 ], [ 7.730355346662797, 46.120358627948043 ], [ 7.731125969138241, 46.120532051817506 ], [ 7.731582291311859, 46.120592715512423 ], [ 7.732255358684117, 46.12066532773553 ], [ 7.733052457444047, 46.120800015620752 ], [ 7.733522202601285, 46.120798998659282 ], [ 7.733675561159951, 46.120902183050092 ], [ 7.733753321847314, 46.120934897503865 ], [ 7.733954322358449, 46.121019459795605 ], [ 7.734519105180953, 46.121100914047048 ], [ 7.735240313648012, 46.121251320432158 ], [ 7.735933196248066, 46.121397082986014 ], [ 7.736644734596042, 46.121554315504312 ], [ 7.737368639514397, 46.12177306145464 ], [ 7.737392240068427, 46.121780192951455 ], [ 7.737569274922296, 46.121922242512504 ], [ 7.73783775526249, 46.121845038813206 ], [ 7.738010036557086, 46.121795497929675 ], [ 7.738420472957173, 46.121741840348598 ], [ 7.738893321835375, 46.121717952957091 ], [ 7.739351177495274, 46.121611811645089 ], [ 7.739880732859207, 46.121460220601662 ], [ 7.740068202016535, 46.121410923872105 ], [ 7.740370786866111, 46.121331356418395 ], [ 7.740913424194455, 46.121207126224242 ], [ 7.741268311459991, 46.121196686687895 ], [ 7.741566330734582, 46.12128430657166 ], [ 7.741650034397857, 46.121356764550441 ], [ 7.741844177294023, 46.121524824122751 ], [ 7.741879548578377, 46.121541767034813 ], [ 7.742290049769087, 46.121738397881053 ], [ 7.742472342403084, 46.121951347030326 ], [ 7.742490493015917, 46.122307677263017 ], [ 7.742781722461316, 46.122731258766123 ], [ 7.74291679940738, 46.122927722745828 ], [ 7.742870813627733, 46.123030023403324 ], [ 7.742833739029242, 46.123112500113102 ], [ 7.742895786937487, 46.123220064602862 ], [ 7.74316387007745, 46.123446832970131 ], [ 7.743475529343973, 46.123511634249908 ], [ 7.74391249741641, 46.123574477261648 ], [ 7.744258620936383, 46.123671389971712 ], [ 7.744365179852607, 46.123701225890848 ], [ 7.744692239897438, 46.123916793583454 ], [ 7.7447142699966, 46.123952146284864 ], [ 7.744821959599474, 46.12412496068518 ], [ 7.744885140365677, 46.124200985746064 ], [ 7.745008383136915, 46.124349283080036 ], [ 7.745233419613282, 46.124683327909601 ], [ 7.745306901264009, 46.124955326862242 ], [ 7.745336894568685, 46.125040695258988 ], [ 7.745407306297551, 46.125241104532684 ], [ 7.745449876299166, 46.125362269333522 ], [ 7.745802157591331, 46.125746855960728 ], [ 7.745799451356311, 46.1259030361309 ], [ 7.745578061684453, 46.126078351370055 ], [ 7.745257221717278, 46.126332419841745 ], [ 7.745172237377408, 46.126458116705862 ], [ 7.745078381705997, 46.12659693479393 ], [ 7.744827541201175, 46.126854339985215 ], [ 7.744504570576159, 46.127127500507882 ], [ 7.74415715218924, 46.127421338339573 ], [ 7.743896452190661, 46.127518913726959 ], [ 7.743702847938073, 46.127591376366198 ], [ 7.743228344449165, 46.127907636661369 ], [ 7.742988111397182, 46.128162623738795 ], [ 7.74281194044558, 46.128349614311929 ], [ 7.742581828966166, 46.128412986348536 ], [ 7.742262075525406, 46.128640498657276 ], [ 7.741717203955943, 46.129105018230184 ], [ 7.741226224406349, 46.129370929793247 ], [ 7.7407546979533, 46.129648319624657 ], [ 7.740428636994891, 46.129907804973044 ], [ 7.740016354631429, 46.130224182515263 ], [ 7.73975109836253, 46.130443511607716 ], [ 7.73963640150054, 46.130538349549724 ], [ 7.739383265596251, 46.130788214949192 ], [ 7.739177145204446, 46.13099167227454 ], [ 7.739146458590172, 46.131033181873192 ], [ 7.738922696476322, 46.131335863539412 ], [ 7.738566074552226, 46.131631847848517 ], [ 7.738502946644659, 46.131768703558627 ], [ 7.738499694008196, 46.131771801733542 ], [ 7.738165865319211, 46.132089777529757 ], [ 7.737618230120363, 46.132504053041927 ], [ 7.737330260783014, 46.13293266317342 ], [ 7.737089399777544, 46.133105546938154 ], [ 7.736884395225109, 46.133326543140534 ], [ 7.736636166319776, 46.133631932748649 ], [ 7.736642686258483, 46.133716140718327 ], [ 7.736657921933359, 46.133912916379209 ], [ 7.736620118515433, 46.134248597327122 ], [ 7.736595130036259, 46.134559146752807 ], [ 7.736616406623844, 46.134901778614378 ], [ 7.736804799051956, 46.135192362271617 ], [ 7.736802629775108, 46.135219773049684 ], [ 7.736784377243959, 46.135450410315322 ], [ 7.736840835070375, 46.135687051869617 ], [ 7.73687707423677, 46.135838947420808 ], [ 7.73693776365777, 46.136142884154552 ], [ 7.736975883556637, 46.136458115912724 ], [ 7.737088696613283, 46.136828473661808 ], [ 7.737175293971293, 46.137134725777969 ], [ 7.737208218837979, 46.137281851927717 ], [ 7.737261706152681, 46.137520862240123 ], [ 7.737278088500051, 46.137594067447459 ], [ 7.737363446269429, 46.137725586664835 ], [ 7.73749341460846, 46.137925841830324 ], [ 7.73769176492418, 46.138259846629992 ], [ 7.737732762832979, 46.138320473663889 ], [ 7.737787782495902, 46.138401835837392 ], [ 7.738069289300292, 46.138818123474287 ], [ 7.738307308801256, 46.139156798896806 ], [ 7.738276836144157, 46.139353163987089 ], [ 7.738072214915219, 46.139501080985923 ], [ 7.737189558982785, 46.13989612649538 ], [ 7.73645536292447, 46.140227589131911 ], [ 7.735521775890382, 46.140592806457448 ], [ 7.734565160585652, 46.140967032395054 ], [ 7.734243638919651, 46.141212788942831 ], [ 7.73389822007439, 46.141476811408261 ], [ 7.733014552761877, 46.1420781695915 ], [ 7.732952135697095, 46.142120645998794 ], [ 7.732956998640701, 46.142129252080871 ], [ 7.73314731245932, 46.142466055563773 ], [ 7.73325112441949, 46.142669580995573 ], [ 7.733425494378356, 46.143206821855799 ], [ 7.73343776664594, 46.14338269918688 ], [ 7.733455781640048, 46.143572342841892 ], [ 7.733367440065924, 46.144140763235981 ], [ 7.733471886843629, 46.14431007650807 ], [ 7.733611305174126, 46.144664473330145 ], [ 7.733747218706558, 46.14496864759807 ], [ 7.733820521373682, 46.145361654895829 ], [ 7.733789534865886, 46.145615097352703 ], [ 7.733873856228883, 46.14580033105149 ], [ 7.734313301566501, 46.145991114069325 ], [ 7.734391178291985, 46.146183191909302 ], [ 7.734645693137874, 46.146428223714814 ], [ 7.734572041844694, 46.146720423209423 ], [ 7.734596655579693, 46.14678012404918 ], [ 7.734666309461986, 46.146949070178877 ], [ 7.734887374121142, 46.147292223253352 ], [ 7.735142045451043, 46.147564735190521 ], [ 7.735148098741175, 46.147569407365289 ], [ 7.735495394715672, 46.147837464480361 ], [ 7.735880717263325, 46.148334171639874 ], [ 7.736321757364198, 46.148812721707891 ], [ 7.736401990746375, 46.148912709182952 ], [ 7.736602739103049, 46.149162883371815 ], [ 7.736768118348518, 46.149299524940801 ], [ 7.736985478121014, 46.149479114467077 ], [ 7.737302731275229, 46.149655869095682 ], [ 7.736959360239553, 46.150029454610859 ], [ 7.736928797080625, 46.150064943961098 ], [ 7.736674795997335, 46.150359885116501 ], [ 7.736268453501546, 46.150760765170411 ], [ 7.736019699754134, 46.151132416719285 ], [ 7.735829795630906, 46.151453051253384 ], [ 7.73572391453652, 46.151631821123097 ], [ 7.735285871729078, 46.151858985395343 ], [ 7.735149363630385, 46.152194358209364 ], [ 7.735089082283314, 46.152415745536537 ], [ 7.734786402538334, 46.152990503900092 ], [ 7.734821519021251, 46.153200684713894 ], [ 7.734681213357192, 46.153584076563746 ], [ 7.734601351176941, 46.153775658387225 ], [ 7.734547612395199, 46.154010809623529 ], [ 7.734516105553639, 46.154319055133406 ], [ 7.734589858651319, 46.154641301462028 ], [ 7.734661897668655, 46.155246770513038 ], [ 7.734539654191686, 46.155381179018889 ], [ 7.734075823691773, 46.155482683118272 ], [ 7.733959679944179, 46.155697046179995 ], [ 7.734099970954285, 46.155907591425944 ], [ 7.734128407252235, 46.156103325946141 ], [ 7.734631077827888, 46.159563339767814 ], [ 7.734676496874436, 46.159892375385184 ], [ 7.734722864291888, 46.160228281419911 ], [ 7.734959292905064, 46.160857014824359 ], [ 7.73505441194806, 46.160939489544837 ], [ 7.735220785651882, 46.161181998636891 ], [ 7.735489479277065, 46.161344906702148 ], [ 7.735623475361263, 46.161434367527882 ], [ 7.735566472909123, 46.161517375840127 ], [ 7.735722773520969, 46.161692245510181 ], [ 7.735745688420467, 46.161887624414845 ], [ 7.735897390216783, 46.162109238223344 ], [ 7.736188909550409, 46.16244959547393 ], [ 7.736444811142088, 46.16263909003429 ], [ 7.736716623971974, 46.162776124574279 ], [ 7.737077988371047, 46.162866046123987 ], [ 7.737898459626268, 46.163163191265696 ], [ 7.738215208988611, 46.163379381892284 ], [ 7.738304244243891, 46.163663448941961 ], [ 7.738309910880011, 46.16368152834881 ], [ 7.738509063644858, 46.163846511494228 ], [ 7.738597107472, 46.163965965072215 ], [ 7.738674832802145, 46.164123038687464 ], [ 7.738933422799153, 46.164355825517539 ], [ 7.73902378973583, 46.164603163522536 ], [ 7.739168236193093, 46.164824729314176 ], [ 7.73916823653358, 46.164973085298186 ], [ 7.739165228645959, 46.165007657077936 ], [ 7.739147694078691, 46.165209194260839 ], [ 7.739108946367182, 46.165374322032804 ], [ 7.739013320890684, 46.165597948549824 ], [ 7.738974730775619, 46.165688194092532 ], [ 7.738792973009353, 46.165982971454525 ], [ 7.738776635476355, 46.166009467900743 ], [ 7.73878999835432, 46.166039760600761 ], [ 7.738992954909238, 46.166499848768211 ], [ 7.73899537645302, 46.166500946489037 ], [ 7.739054606884944, 46.166527796500667 ], [ 7.739259629582573, 46.166523645151763 ], [ 7.739312081259898, 46.166522583097581 ], [ 7.739329700407062, 46.166522226340852 ], [ 7.739437509423311, 46.166557355684503 ], [ 7.739520937166169, 46.166719055351244 ], [ 7.739453558833616, 46.166826903199095 ], [ 7.739329627921154, 46.166951345283543 ], [ 7.739070296965159, 46.167026670726457 ], [ 7.739079491953238, 46.167111542135018 ], [ 7.73908478201611, 46.167160370375306 ], [ 7.739101415380958, 46.167302688600913 ], [ 7.739148475714512, 46.167705345743883 ], [ 7.73905238483409, 46.167921005275247 ], [ 7.739010182849827, 46.168015720404391 ], [ 7.73888941008193, 46.168126516240676 ], [ 7.738671802300368, 46.168286693841317 ], [ 7.738606929651067, 46.168408234894486 ], [ 7.738402895832607, 46.168599114481829 ], [ 7.738180233302887, 46.168807421771817 ], [ 7.738015260074419, 46.168976031635907 ], [ 7.737867890221069, 46.169106012443322 ], [ 7.737849858315331, 46.169213162143635 ], [ 7.737827202192565, 46.169360174728773 ], [ 7.737739044899193, 46.169516922774385 ], [ 7.737647565264496, 46.169615526811931 ], [ 7.73761507979679, 46.169650542236823 ], [ 7.737587801067479, 46.169679945424299 ], [ 7.737436319211032, 46.169799609536689 ], [ 7.737224371194358, 46.169916650007096 ], [ 7.737159579314086, 46.169952428931879 ], [ 7.736996019001265, 46.170082235398631 ], [ 7.736994774312211, 46.170150686468503 ], [ 7.73708588124257, 46.170176459784329 ], [ 7.737177946253482, 46.170202504132362 ], [ 7.737323144487251, 46.170266556821602 ], [ 7.737687806167358, 46.170504895886204 ], [ 7.738054210545467, 46.170618828523189 ], [ 7.738266661514819, 46.170845541095609 ], [ 7.738472301948764, 46.171008258367358 ], [ 7.73871959386495, 46.17124099483928 ], [ 7.739061983774883, 46.1714015223194 ], [ 7.739255916086443, 46.171642900118684 ], [ 7.739397583045254, 46.171798193292759 ], [ 7.739624083562395, 46.171929152439276 ], [ 7.739889151510241, 46.172155164354088 ], [ 7.739939933389843, 46.17226522575492 ], [ 7.739832542637306, 46.172456039168964 ], [ 7.739715877659481, 46.172578285410367 ], [ 7.739566964725111, 46.172725355270892 ], [ 7.739474942757, 46.172914013510201 ], [ 7.739450551146894, 46.173041627483506 ], [ 7.739473546901491, 46.173248394081433 ], [ 7.739445697912698, 46.173336040628286 ], [ 7.739404701527435, 46.173380625677979 ], [ 7.739286411815741, 46.173509270011863 ], [ 7.739327175095188, 46.173709395649986 ], [ 7.739082843035884, 46.174134819290465 ], [ 7.739041014170988, 46.174207650453233 ], [ 7.738991289106359, 46.174294230241735 ], [ 7.738645855545349, 46.174466971950359 ], [ 7.738415291119855, 46.174630493781017 ], [ 7.738096124277487, 46.17483241607205 ], [ 7.738061238552106, 46.174854486677944 ], [ 7.737769885746139, 46.175113957641095 ], [ 7.7374330347106, 46.175413948102282 ], [ 7.737169177379888, 46.175578942301158 ], [ 7.736959573669115, 46.17571001084584 ], [ 7.736841027350692, 46.175786588204986 ], [ 7.736713413624751, 46.175937041476445 ], [ 7.736616376482083, 46.17605144574965 ], [ 7.73653544789366, 46.176146858455397 ], [ 7.736382358126251, 46.176272219615996 ], [ 7.736261897859046, 46.17629734634631 ], [ 7.736102874640062, 46.176372473089401 ], [ 7.735827921093579, 46.176562940228656 ], [ 7.735760433474122, 46.17667546873453 ], [ 7.735755735304049, 46.176683302438889 ], [ 7.735543786846731, 46.176849153360649 ], [ 7.735509518158197, 46.176941293298825 ], [ 7.735481567181419, 46.177016446489162 ], [ 7.735350871119402, 46.177243569155053 ], [ 7.735171908515174, 46.17752276791839 ], [ 7.735001733584324, 46.177634255695139 ], [ 7.734798243376823, 46.177720381710706 ], [ 7.734364223241662, 46.177830660354445 ], [ 7.734042212655915, 46.178002490127987 ], [ 7.733744865887801, 46.178094562332774 ], [ 7.733496559617387, 46.17812437316649 ], [ 7.733069227905365, 46.178334003614538 ], [ 7.732765210271728, 46.178483141511308 ], [ 7.732640274209835, 46.178580169128288 ], [ 7.732457165771337, 46.178693872578116 ], [ 7.732291819884646, 46.178750782245501 ], [ 7.732256812819264, 46.178762831172065 ], [ 7.732226141378044, 46.178930391499748 ], [ 7.732228112976807, 46.178949450518758 ], [ 7.732237246636527, 46.179037743632747 ], [ 7.732275344650438, 46.179199008585336 ], [ 7.732289223263038, 46.179538136240673 ], [ 7.732290252800561, 46.179563293268707 ], [ 7.732416118124307, 46.179742224324166 ], [ 7.732459901423569, 46.17980446697937 ], [ 7.732574637632077, 46.179919565211982 ], [ 7.732580133474054, 46.179982365669893 ], [ 7.732591030401788, 46.180106883815512 ], [ 7.732600592998947, 46.180379822652938 ], [ 7.732630765514877, 46.180723620602215 ], [ 7.732660472092538, 46.180978371928006 ], [ 7.732715319121013, 46.181094192268738 ], [ 7.732782898932399, 46.181245904409465 ], [ 7.732808720400942, 46.181303871873254 ], [ 7.732864352889775, 46.181413923899683 ], [ 7.732953006513712, 46.181467348337712 ], [ 7.732979663481117, 46.181483412356755 ], [ 7.733119295028024, 46.18156000696721 ], [ 7.733220042264753, 46.181630504587559 ], [ 7.733252992931551, 46.181736963209637 ], [ 7.733255393927608, 46.181745500516527 ], [ 7.733290954063524, 46.181871942953812 ], [ 7.733313107859598, 46.181903440791473 ], [ 7.733374974976231, 46.181991402258205 ], [ 7.733451440138798, 46.182055285432973 ], [ 7.733535146298154, 46.182125218132093 ], [ 7.733559085506004, 46.182153656672945 ], [ 7.733632903864461, 46.182241349065094 ], [ 7.733786533718235, 46.182360284850439 ], [ 7.733852871139619, 46.18248016299188 ], [ 7.733888703128417, 46.182544914863925 ], [ 7.734077215991078, 46.182681131093126 ], [ 7.734338080222858, 46.182869627206784 ], [ 7.734378471217942, 46.1829535217475 ], [ 7.734388835741632, 46.182975049490331 ], [ 7.734501908269317, 46.183079886132568 ], [ 7.734555949643957, 46.183126662833189 ], [ 7.734661377334048, 46.183217918089547 ], [ 7.734781666543715, 46.183322037061096 ], [ 7.73509625383116, 46.183566776817855 ], [ 7.735302802776241, 46.183751909475056 ], [ 7.73531749904939, 46.183765081946589 ], [ 7.735282439672269, 46.183867499234225 ], [ 7.735246954626803, 46.184041810797048 ], [ 7.73517819986414, 46.184199828425797 ], [ 7.735103605124114, 46.184324703367786 ], [ 7.735125525664498, 46.184485865867522 ], [ 7.735154933109271, 46.184611868777566 ], [ 7.735196796771194, 46.184791243193402 ], [ 7.735232199951223, 46.184902273630826 ], [ 7.735298492049021, 46.185039479929436 ], [ 7.735382834629175, 46.185214045731733 ], [ 7.735339161276119, 46.185368840259244 ], [ 7.735376919780415, 46.185465102634922 ], [ 7.735378354978787, 46.185581475504733 ], [ 7.735399625051633, 46.185920654450136 ], [ 7.735397271029028, 46.186231145241905 ], [ 7.735413749209868, 46.186434430577485 ], [ 7.735409952712642, 46.186629601010665 ], [ 7.735396730325047, 46.186727598222504 ], [ 7.735304663444077, 46.186917386683398 ], [ 7.735260895734468, 46.187055098711468 ], [ 7.735268458526839, 46.187256915884184 ], [ 7.735268469248126, 46.187257201987471 ], [ 7.735302110041999, 46.187303140128364 ], [ 7.735374490341292, 46.187401978948849 ], [ 7.735453833970135, 46.187554481040024 ], [ 7.735554251181266, 46.1877093926268 ], [ 7.735607727946384, 46.187868583234405 ], [ 7.735633705314948, 46.188029726040213 ], [ 7.735667189193919, 46.188642277605432 ], [ 7.735683140053428, 46.188934081430432 ], [ 7.735686111833789, 46.189115241718675 ], [ 7.73568798413824, 46.189229377749271 ], [ 7.735680442057215, 46.18933109329955 ], [ 7.73564893121013, 46.189491127518352 ], [ 7.735603087423519, 46.189545005730082 ], [ 7.735571402946061, 46.18956470757913 ], [ 7.735438499303849, 46.189647348913518 ], [ 7.735422148587261, 46.189663916352856 ], [ 7.735349832076976, 46.18973719139197 ], [ 7.735324174970388, 46.189763188574098 ], [ 7.735277247230757, 46.189825351221906 ], [ 7.735244597082444, 46.189868601113893 ], [ 7.73518924282869, 46.189960177828922 ], [ 7.735171880047218, 46.190042515458956 ], [ 7.735188765055907, 46.190170380317788 ], [ 7.735313680457371, 46.190513785712952 ], [ 7.735377909646173, 46.190713428693051 ], [ 7.735486620002021, 46.19090605538306 ], [ 7.735571668727596, 46.19106340012857 ], [ 7.735665235624862, 46.191298363888933 ], [ 7.735797885094398, 46.191574290147891 ], [ 7.735831828734446, 46.191711231745529 ], [ 7.735829836863081, 46.191782967828317 ], [ 7.735828996400279, 46.191813236604801 ], [ 7.735827767281034, 46.191857502615889 ], [ 7.7357657115219, 46.191910298986187 ], [ 7.735709275968921, 46.191945606007252 ], [ 7.735468000452832, 46.192096551985088 ], [ 7.735444612363284, 46.1921261795002 ], [ 7.73538839460323, 46.19219739491659 ], [ 7.735228028493957, 46.192482437292107 ], [ 7.735168019103197, 46.192611771926771 ], [ 7.735265733716344, 46.192866137784748 ], [ 7.735304869448784, 46.193064776084306 ], [ 7.735505081747267, 46.193408973580603 ], [ 7.735472000437461, 46.193753768665111 ], [ 7.735449156112994, 46.193991867181524 ], [ 7.735379386644727, 46.19411553327209 ], [ 7.735410796463528, 46.194140286639445 ], [ 7.735455816271366, 46.194175765731153 ], [ 7.735604659456961, 46.194300819812142 ], [ 7.735790102475398, 46.194457757195089 ], [ 7.735874840176069, 46.194556774797192 ], [ 7.735903909318306, 46.194692622730408 ], [ 7.735880498124136, 46.194853760248975 ], [ 7.735878909200327, 46.19500688833547 ], [ 7.735954648183981, 46.19523735591801 ], [ 7.735975884724996, 46.19529470935975 ], [ 7.736015453924159, 46.195401573738323 ], [ 7.736026497840171, 46.1955058285943 ], [ 7.736031663454035, 46.195554592124275 ], [ 7.736059500936926, 46.195611587409687 ], [ 7.736147647796638, 46.195741513908843 ], [ 7.736396414640598, 46.195929004090637 ], [ 7.73645581531694, 46.195982461959332 ], [ 7.736496329078851, 46.196041835107145 ], [ 7.736537430407676, 46.196102069337606 ], [ 7.736556695408253, 46.196148540008203 ], [ 7.736633413813021, 46.196333598695475 ], [ 7.736703982482605, 46.19650588655729 ], [ 7.736747833815897, 46.196677030297778 ], [ 7.736784045684463, 46.196743352258572 ], [ 7.73683125099367, 46.196829808682686 ], [ 7.736934621502336, 46.196931016370335 ], [ 7.73702505549644, 46.196987308294396 ], [ 7.737038609185986, 46.19699574498096 ], [ 7.73707958503671, 46.197010352221781 ], [ 7.737206538757963, 46.197055609209649 ], [ 7.737426215570754, 46.197104991677953 ], [ 7.737646480998311, 46.197122094094169 ], [ 7.737804486318633, 46.197134362350617 ], [ 7.737938211984625, 46.197160078402703 ], [ 7.738144295704006, 46.197239235019275 ], [ 7.738385413649575, 46.197357078784798 ], [ 7.738589923467188, 46.197444244886938 ], [ 7.739030212222429, 46.19756353862018 ], [ 7.73933174784472, 46.197626337636144 ], [ 7.7395789378723, 46.197669885655799 ], [ 7.739969717121693, 46.197765414842799 ], [ 7.740158392199779, 46.197854109544238 ], [ 7.740205932931498, 46.197876458076166 ], [ 7.740356327866268, 46.197985471591068 ], [ 7.740513953714079, 46.198085416007828 ], [ 7.740682149135131, 46.198194381642111 ], [ 7.74071988703666, 46.198213591823311 ], [ 7.74085590579041, 46.198282831097373 ], [ 7.741014077125072, 46.198333576147505 ], [ 7.741100879667314, 46.198351321780898 ], [ 7.74122238966091, 46.198376162894355 ], [ 7.741380314592265, 46.198382352627945 ], [ 7.741546259936712, 46.198377132192881 ], [ 7.741809178749864, 46.198336083139623 ], [ 7.741980134071293, 46.19835825840596 ], [ 7.742133506164881, 46.198419341755383 ], [ 7.742364527672352, 46.198468612275896 ], [ 7.742662003061172, 46.198673094841197 ], [ 7.742807343688626, 46.19874558733833 ], [ 7.742848283362454, 46.198756346568103 ], [ 7.743132661355042, 46.198831083073742 ], [ 7.743218441421817, 46.198853626669276 ], [ 7.743341769746683, 46.19889996435078 ], [ 7.74354568787173, 46.19902253899857 ], [ 7.743976876811423, 46.199101843339989 ], [ 7.744275072810729, 46.19914405614599 ], [ 7.744688202225137, 46.199178985977994 ], [ 7.745080344906643, 46.19922536858607 ], [ 7.745335393251924, 46.19922664817711 ], [ 7.745506172946342, 46.199214509167689 ], [ 7.745859851382101, 46.199189091030206 ], [ 7.746134073704896, 46.199142244020074 ], [ 7.746591052339364, 46.199057027793764 ], [ 7.746883920822426, 46.199065311472218 ], [ 7.746978953946297, 46.199067999449539 ], [ 7.747413525110566, 46.199029690270017 ], [ 7.747801019220184, 46.198968694971825 ], [ 7.748014722149466, 46.198959817335727 ], [ 7.748226760298618, 46.19894293771322 ], [ 7.748335542818895, 46.198943352349467 ], [ 7.748376546187432, 46.198943508638209 ], [ 7.748410674610953, 46.198958721703001 ], [ 7.748457718594871, 46.198979691999938 ], [ 7.748643966704147, 46.199269076273453 ], [ 7.748715657676366, 46.199346467519668 ], [ 7.748848086633157, 46.199424816809156 ], [ 7.749114518516249, 46.199575609460666 ], [ 7.749312791211697, 46.199700510096726 ], [ 7.749332061767326, 46.199714194399853 ], [ 7.749557488582655, 46.19987427327527 ], [ 7.749598693298164, 46.199901936260375 ], [ 7.749724924117359, 46.199986681931534 ], [ 7.749856383340533, 46.200037559978398 ], [ 7.750013687013631, 46.20007689734971 ], [ 7.750111966006432, 46.20010543433316 ], [ 7.750265924453597, 46.200150138796786 ], [ 7.750371533183957, 46.200179643863223 ], [ 7.750519755715146, 46.200221054413426 ], [ 7.7506505302513, 46.200292443523558 ], [ 7.750895025990516, 46.200429735989374 ], [ 7.751045188014724, 46.20049305605319 ], [ 7.751214482186053, 46.200506082363319 ], [ 7.751409131480961, 46.200562406455887 ], [ 7.751573019971381, 46.200619993656012 ], [ 7.751715348916376, 46.200729104385303 ], [ 7.751870534894527, 46.200823264573714 ], [ 7.752165960053985, 46.200944239226594 ], [ 7.752205037627543, 46.201028564557397 ], [ 7.752293858923937, 46.201220231657452 ], [ 7.752343807337486, 46.201315942036608 ], [ 7.752522667608283, 46.201442024314233 ], [ 7.752695655818441, 46.201673245863134 ], [ 7.75285751430545, 46.201800490230632 ], [ 7.753068146357522, 46.20195845406267 ], [ 7.753280194946655, 46.202083246575683 ], [ 7.753338183890705, 46.202168688129618 ], [ 7.753381427313892, 46.202226760865869 ], [ 7.75342195224886, 46.202372827685743 ], [ 7.753430069507108, 46.202517860127607 ], [ 7.75340211231738, 46.20272476604012 ], [ 7.753355051025374, 46.202988856475308 ], [ 7.753342991240761, 46.203144281013266 ], [ 7.753453547197352, 46.20335852920131 ], [ 7.753555750647257, 46.203530646851398 ], [ 7.753619021561264, 46.203689154325843 ], [ 7.753676388582855, 46.203870743063938 ], [ 7.753700858910961, 46.203980161165646 ], [ 7.75376303105404, 46.2040895553178 ], [ 7.753865828001111, 46.204239455100783 ], [ 7.753870825374947, 46.204246742333282 ], [ 7.753969955906874, 46.204305783731222 ], [ 7.754183646319665, 46.204369732370346 ], [ 7.75434050019128, 46.204543658094401 ], [ 7.754377991449037, 46.204708945194959 ], [ 7.754384254272222, 46.204736556002054 ], [ 7.754242048160186, 46.204853665475866 ], [ 7.754165043621376, 46.204917080197582 ], [ 7.754127371406901, 46.205124085352502 ], [ 7.754297203772394, 46.205366494942233 ], [ 7.754297879942446, 46.205483436651484 ], [ 7.754001189036548, 46.205709154769231 ], [ 7.753912314287231, 46.206024250363342 ], [ 7.753881435122381, 46.20622451745654 ], [ 7.753874848120886, 46.206267237512236 ], [ 7.753855210850497, 46.206278692177889 ], [ 7.753719892015337, 46.20635762534846 ], [ 7.753655785339546, 46.206474747283082 ], [ 7.753748296919433, 46.20678933806164 ], [ 7.753723162914183, 46.206924342914057 ], [ 7.753534065147105, 46.207066869516801 ], [ 7.753167615872817, 46.207343069341633 ], [ 7.752884619561267, 46.207556369072762 ], [ 7.752886535491127, 46.207889203230742 ], [ 7.753110426065735, 46.20851827809819 ], [ 7.753112136128218, 46.208815130195745 ], [ 7.753178319978098, 46.209057829283054 ], [ 7.753115245380161, 46.20935486129342 ], [ 7.753117681003597, 46.209777650663341 ], [ 7.753183140383155, 46.209894412497903 ], [ 7.753378379161441, 46.210046796367784 ], [ 7.7533531390107, 46.210163810122424 ], [ 7.753548794382748, 46.210388157849849 ], [ 7.753446692654062, 46.210658311583401 ], [ 7.753292086298486, 46.21081166748418 ], [ 7.753253888223261, 46.210928717218046 ], [ 7.753386833466362, 46.211513065953284 ], [ 7.753389271294703, 46.211935855362526 ], [ 7.753325520346461, 46.212115945778443 ], [ 7.753310097990922, 46.212853539220959 ], [ 7.753308027939447, 46.212952542021824 ], [ 7.75330520539137, 46.213087533913779 ], [ 7.753213596168679, 46.21347041492055 ], [ 7.75320397866473, 46.213510611305658 ], [ 7.753244563600536, 46.213807355504763 ], [ 7.753466770474437, 46.214139577672555 ], [ 7.753703028678404, 46.214660669294013 ], [ 7.754028804689443, 46.214974610922354 ], [ 7.754354064141904, 46.215198596411412 ], [ 7.754614013257767, 46.215332806528103 ], [ 7.754809431873322, 46.215512174526495 ], [ 7.755134541268074, 46.215709171212417 ], [ 7.75630410642526, 46.216272624123853 ], [ 7.756525451380102, 46.21645191647174 ], [ 7.75662276186072, 46.216602982548437 ], [ 7.756826228362143, 46.216918846635373 ], [ 7.757308592935989, 46.21741225229497 ], [ 7.758193223249684, 46.217994478459694 ], [ 7.758324131144161, 46.21821900078136 ], [ 7.758806256968833, 46.218667422475107 ], [ 7.759586878517207, 46.219186962113866 ], [ 7.759630772476606, 46.219227744941577 ], [ 7.759847494913537, 46.219429106448416 ], [ 7.760107636746758, 46.219590290507391 ], [ 7.760294441031198, 46.219657043200392 ], [ 7.760944645781882, 46.219889387540036 ], [ 7.761406347341111, 46.220054372098787 ], [ 7.761864193852285, 46.220772720218541 ], [ 7.762184416548922, 46.22147027227048 ], [ 7.762319487520903, 46.221764501988275 ], [ 7.762453583708895, 46.222056608300768 ], [ 7.762402062623995, 46.222100813769771 ], [ 7.762400986596977, 46.222101737008849 ], [ 7.762049769297471, 46.222426359627192 ], [ 7.761909364684753, 46.222539233298427 ], [ 7.761609994616832, 46.222633624258862 ], [ 7.761305138144095, 46.222666112841651 ], [ 7.760985782784921, 46.222743188427202 ], [ 7.760743964851007, 46.222823991754275 ], [ 7.760281507187844, 46.222860757758696 ], [ 7.759767554581135, 46.223035859363655 ], [ 7.759525754082552, 46.223175257827819 ], [ 7.759304705453854, 46.223286539531614 ], [ 7.759192881437539, 46.223361475115205 ], [ 7.759153411580388, 46.223720325171556 ], [ 7.758954844351333, 46.223970309799114 ], [ 7.758596096367754, 46.22424292993427 ], [ 7.758167135306721, 46.224632753684418 ], [ 7.758013520783535, 46.22492023873513 ], [ 7.75776466046708, 46.225175535543904 ], [ 7.75759186988943, 46.225453637576067 ], [ 7.757296875365585, 46.225717609115264 ], [ 7.757238103356943, 46.225962951437054 ], [ 7.757038158337612, 46.226328467953579 ], [ 7.756910298681513, 46.226595692821085 ], [ 7.756775321582824, 46.226736125550659 ], [ 7.756619192495912, 46.227034779383857 ], [ 7.756405419041235, 46.227223874495913 ], [ 7.756389721991658, 46.227384023483545 ], [ 7.756286497987278, 46.227488932611323 ], [ 7.756158194718105, 46.227761213434192 ], [ 7.755944954120696, 46.228024880291564 ], [ 7.755931910469799, 46.228166823541606 ], [ 7.755857724862752, 46.228312986055663 ], [ 7.755857680530474, 46.228474818312328 ], [ 7.755471787768122, 46.228783774999265 ], [ 7.755310343960138, 46.228883592555277 ], [ 7.754864221212981, 46.229272588054336 ], [ 7.754740196039079, 46.229517841313402 ], [ 7.75466013595249, 46.229615172928597 ], [ 7.754601606059571, 46.22965214645923 ], [ 7.754292202865097, 46.229746428943031 ], [ 7.753705646246758, 46.229854732261749 ], [ 7.753675914538865, 46.229938384722495 ], [ 7.753574520514326, 46.230020734119236 ], [ 7.752980526999683, 46.230087629268851 ], [ 7.752866392020879, 46.23012758979069 ], [ 7.752464927294501, 46.230242434765842 ], [ 7.752334537103203, 46.230300449104618 ], [ 7.752239831560018, 46.230331386511821 ], [ 7.752095058550851, 46.23034526264302 ], [ 7.751977619423338, 46.230491740145112 ], [ 7.751793091257364, 46.230584770781824 ], [ 7.75173154615887, 46.230670579652099 ], [ 7.75169093086051, 46.230701439080242 ], [ 7.751421434598019, 46.230715514951839 ], [ 7.751197817925744, 46.230683135923599 ], [ 7.751087189355898, 46.230708844822729 ], [ 7.750859409713573, 46.230793870101351 ], [ 7.750749750205292, 46.230794172226076 ], [ 7.750640450577342, 46.230739527700266 ], [ 7.750500813137633, 46.230801730373543 ], [ 7.750191517199261, 46.230887662310998 ], [ 7.749883234109918, 46.230905898201407 ], [ 7.749544235166452, 46.230888630667742 ], [ 7.749377516976371, 46.230855093376562 ], [ 7.748895235408684, 46.230867902464603 ], [ 7.748489228327804, 46.230824394948833 ], [ 7.748356195833696, 46.230883752261654 ], [ 7.748137210921998, 46.23086333674825 ], [ 7.747825151627613, 46.230867202256455 ], [ 7.74750187100562, 46.230855759875823 ], [ 7.747229015503159, 46.230833123574122 ], [ 7.746974216686072, 46.230863242053303 ], [ 7.746644961214717, 46.230877163272986 ], [ 7.746371415187362, 46.230934309358936 ], [ 7.746207749886845, 46.23094303874371 ], [ 7.746083260692055, 46.23093405707845 ], [ 7.745198818657239, 46.231027264651367 ], [ 7.7444431337083, 46.231012574673457 ], [ 7.744285554045897, 46.231110467893821 ], [ 7.743707280485627, 46.23124811269642 ], [ 7.743292994797875, 46.231311945094163 ], [ 7.743058619256727, 46.231416214070393 ], [ 7.742653546395773, 46.231526320064162 ], [ 7.742298553802982, 46.231558603831452 ], [ 7.741904065136987, 46.231726376972603 ], [ 7.741284341273397, 46.232065677166261 ], [ 7.741181360543836, 46.232233001682161 ], [ 7.741086679480869, 46.232351961240823 ], [ 7.740858299145797, 46.232484707902607 ], [ 7.740642087818912, 46.232638192663387 ], [ 7.740617169316713, 46.2327592687733 ], [ 7.740490111485654, 46.232907523031407 ], [ 7.740261900593086, 46.233132590552337 ], [ 7.740146780663002, 46.233224697679866 ], [ 7.740059936950577, 46.233493638255858 ], [ 7.740080469591516, 46.234005113218522 ], [ 7.740015164661928, 46.234165283838095 ], [ 7.739901922349366, 46.234670772585908 ], [ 7.739897313927781, 46.234833975227907 ], [ 7.73991222469393, 46.234947227016868 ], [ 7.739898873814459, 46.235093055282341 ], [ 7.73999172124122, 46.235197068202197 ], [ 7.739991760178599, 46.235197175491848 ], [ 7.740027526475027, 46.235295727416556 ], [ 7.740145941729104, 46.235449625151638 ], [ 7.740189106214546, 46.235613168476355 ], [ 7.740189519530202, 46.235613567877891 ], [ 7.740322760539429, 46.235742323377991 ], [ 7.740359034234523, 46.235857542268754 ], [ 7.740324718291665, 46.235995618168701 ], [ 7.740339478514485, 46.236161144134577 ], [ 7.740415655265866, 46.236283525272256 ], [ 7.740400426731589, 46.236621775939355 ], [ 7.740473802023412, 46.237020340500031 ], [ 7.739836745112433, 46.237595239360076 ], [ 7.736632336614869, 46.239656557379632 ], [ 7.736342900989919, 46.241620901272867 ], [ 7.733405850806449, 46.245615259242712 ], [ 7.725133186567643, 46.246291002017763 ], [ 7.721056334717868, 46.245706204123898 ], [ 7.71603498723837, 46.244885567014201 ], [ 7.713585974418612, 46.243939485848088 ], [ 7.712755363714254, 46.243723955058613 ], [ 7.7117657575975, 46.243467153269165 ], [ 7.711765338341002, 46.243467044472524 ], [ 7.706134117601396, 46.243245745889439 ], [ 7.703867626356866, 46.242865156522562 ], [ 7.702571199028935, 46.242830039971473 ], [ 7.700842278022551, 46.242826494661742 ], [ 7.698199030592904, 46.242408880541383 ], [ 7.696969602664542, 46.242254713816166 ], [ 7.693394794911316, 46.240737237602374 ], [ 7.690574337574752, 46.239077463467765 ], [ 7.686733123180064, 46.239195417815814 ], [ 7.685697308924533, 46.237698212741115 ], [ 7.681815964996817, 46.236487988584784 ], [ 7.679378723512889, 46.236040968207774 ], [ 7.675049925107388, 46.234407802456694 ], [ 7.672056127010221, 46.232105308119955 ], [ 7.670914226773303, 46.229727550434419 ], [ 7.66827039562487, 46.228995102805555 ], [ 7.666009924209571, 46.229713685251589 ], [ 7.661442649683575, 46.228247086339735 ], [ 7.660541267364076, 46.22785525097315 ], [ 7.660540480587326, 46.22785490895739 ], [ 7.660626239082654, 46.227798653391815 ], [ 7.660715456111494, 46.227757845488298 ], [ 7.660769075226546, 46.227581803906439 ], [ 7.660740461886717, 46.227503480980808 ], [ 7.660698525475656, 46.227438218802867 ], [ 7.660686124021418, 46.227320868056921 ], [ 7.660821398559409, 46.227099940295453 ], [ 7.660858205001384, 46.227003372040215 ], [ 7.660842022435279, 46.226947522868144 ], [ 7.660787833250117, 46.22685562167031 ], [ 7.660763643386314, 46.226781302143053 ], [ 7.660676617313117, 46.226719762481181 ], [ 7.660669850017326, 46.22665560088209 ], [ 7.660719412418941, 46.226562740892703 ], [ 7.660830905704472, 46.226390750944738 ], [ 7.660841080055541, 46.226342892239153 ], [ 7.660884748004291, 46.226231764597955 ], [ 7.660892232970177, 46.226153667839689 ], [ 7.6608400700938, 46.225982987945549 ], [ 7.66083241767097, 46.225812742595998 ], [ 7.660894353932974, 46.225642693755638 ], [ 7.660949190954272, 46.225556399139286 ], [ 7.661027173893234, 46.225243450140582 ], [ 7.661034193391406, 46.225133869574805 ], [ 7.661024238362319, 46.225012600980897 ], [ 7.660967078882048, 46.224935674435883 ], [ 7.660978887638201, 46.224827721692968 ], [ 7.66105620430039, 46.224663426810494 ], [ 7.661118243001093, 46.224579510829805 ], [ 7.661152549103799, 46.224420103902794 ], [ 7.661177470841856, 46.224387841651698 ], [ 7.661188908325601, 46.224328879829457 ], [ 7.66118740025769, 46.224232278694821 ], [ 7.661201692631511, 46.2241551041108 ], [ 7.661264587635148, 46.224017527424671 ], [ 7.66126187084353, 46.223989717414206 ], [ 7.661261869169149, 46.223989700274664 ], [ 7.661232115401448, 46.223952859002466 ], [ 7.661231687105563, 46.223952328684241 ], [ 7.66126325385502, 46.223842852859946 ], [ 7.661271169499059, 46.223775244144839 ], [ 7.661316395366272, 46.223643225428567 ], [ 7.661314923596008, 46.223568303699849 ], [ 7.661336398437952, 46.2235108694072 ], [ 7.661400699138688, 46.223409992065051 ], [ 7.661407167231221, 46.223289383921539 ], [ 7.661396580333412, 46.223165840715858 ], [ 7.661361084259258, 46.223090167202912 ], [ 7.6613688998081, 46.222994879120726 ], [ 7.661340232511896, 46.222871137528209 ], [ 7.661301141871588, 46.222778379355695 ], [ 7.661253905341016, 46.222381701758955 ], [ 7.661222138531994, 46.222333682453382 ], [ 7.661207520132979, 46.222263869058168 ], [ 7.661135600481549, 46.222196219084985 ], [ 7.661124973391122, 46.222167642819421 ], [ 7.661104818716603, 46.222074946389966 ], [ 7.66110031483821, 46.221910946876271 ], [ 7.661141881928622, 46.221838693392421 ], [ 7.661203827304686, 46.221599045186906 ], [ 7.661268853480423, 46.221492229384609 ], [ 7.661335744372562, 46.221461422965611 ], [ 7.661360844601254, 46.221371561299733 ], [ 7.661448027328309, 46.221225507919506 ], [ 7.661541248203021, 46.221120579625804 ], [ 7.661593987728748, 46.221080616324585 ], [ 7.66159331253445, 46.220985012086267 ], [ 7.661618238274356, 46.220903363717902 ], [ 7.661711449841717, 46.220815419052911 ], [ 7.661740710637083, 46.2207766802862 ], [ 7.661727728944317, 46.220638011184938 ], [ 7.661739759477763, 46.220416739982134 ], [ 7.661691906223391, 46.220291524967202 ], [ 7.661720516752076, 46.220255468182842 ], [ 7.661787759905712, 46.220200282642423 ], [ 7.661793011118669, 46.220121560542523 ], [ 7.661720108214325, 46.220035172851979 ], [ 7.661719693176727, 46.220034681045242 ], [ 7.66170073367652, 46.219936396093466 ], [ 7.661693582874501, 46.219803769585667 ], [ 7.661750165828654, 46.219753255773433 ], [ 7.661799993327701, 46.219679699424333 ], [ 7.661754165887735, 46.219541698901779 ], [ 7.66175413562372, 46.219541607767518 ], [ 7.661620613336548, 46.21938925049384 ], [ 7.661587978236677, 46.219283705952634 ], [ 7.661513322832181, 46.219233953922398 ], [ 7.661183804966627, 46.219101222772913 ], [ 7.661167173423762, 46.21901100225061 ], [ 7.661089871193014, 46.218896630530764 ], [ 7.660992678107052, 46.218836775291344 ], [ 7.660888727351248, 46.218794555650021 ], [ 7.660804765564354, 46.218735877603159 ], [ 7.660804576070617, 46.21873574517241 ], [ 7.660749417841553, 46.218642532543356 ], [ 7.660611720137281, 46.218450034775699 ], [ 7.660598946869771, 46.218343091873642 ], [ 7.660598908302934, 46.218342768976669 ], [ 7.660511443532121, 46.218294291751057 ], [ 7.660388901757617, 46.218205186818444 ], [ 7.660305248428213, 46.218118721503664 ], [ 7.660304858428434, 46.21811831839414 ], [ 7.660290045075691, 46.218044601176445 ], [ 7.660320705833088, 46.217833557763953 ], [ 7.660296533552031, 46.217801132178373 ], [ 7.660296144136271, 46.21780060980177 ], [ 7.660260349471415, 46.217784280720565 ], [ 7.660219998095508, 46.217692451220159 ], [ 7.660197682267564, 46.217612496687515 ], [ 7.660170409274532, 46.217572411465767 ], [ 7.660121414475136, 46.217497285203869 ], [ 7.660120987081941, 46.21749662985976 ], [ 7.660252475464093, 46.217437226746767 ], [ 7.660299570384455, 46.217271480205959 ], [ 7.660317781450779, 46.217166942391273 ], [ 7.660371237430521, 46.217064737506107 ], [ 7.660371971014085, 46.21700599461559 ], [ 7.660300861140137, 46.216909178731747 ], [ 7.660294612658212, 46.216790403666458 ], [ 7.660394503469709, 46.216720969040963 ], [ 7.660404155963991, 46.21665663142192 ], [ 7.660397722653095, 46.216521097868657 ], [ 7.660410872868047, 46.21636387354517 ], [ 7.66053528495723, 46.216285880977281 ], [ 7.660523991079201, 46.216194849321624 ], [ 7.660490941250711, 46.216132988070719 ], [ 7.660487821840221, 46.216022159034395 ], [ 7.660504390327583, 46.215899444242446 ], [ 7.660542908741861, 46.215737933335738 ], [ 7.660685244245599, 46.215692622630918 ], [ 7.660885017775249, 46.215578553560896 ], [ 7.660943600956235, 46.21546953766449 ], [ 7.660929252783579, 46.215421016382713 ], [ 7.660762083811836, 46.215311894113476 ], [ 7.660773786166698, 46.215248317079329 ], [ 7.660780617123808, 46.214933141867526 ], [ 7.660887729436746, 46.214824165868684 ], [ 7.66091907897976, 46.214767557909802 ], [ 7.660991822773944, 46.214591163968045 ], [ 7.660989325339298, 46.214486927527751 ], [ 7.661017742508951, 46.214388063831123 ], [ 7.661084899330917, 46.214265519619168 ], [ 7.66105364213726, 46.214089977274753 ], [ 7.661002707664665, 46.214033773522964 ], [ 7.660928373757765, 46.213796731535624 ], [ 7.660912317557314, 46.213624442764697 ], [ 7.660844077825621, 46.213541097069957 ], [ 7.660740211487451, 46.213465475697319 ], [ 7.660740039926906, 46.213465350790209 ], [ 7.660707636321169, 46.213412295067286 ], [ 7.660729182198241, 46.213264751572616 ], [ 7.66069994462747, 46.213069198912081 ], [ 7.660669241200736, 46.212972079268546 ], [ 7.66061710171503, 46.212859493686203 ], [ 7.660617068154246, 46.212859421217892 ], [ 7.660510555734562, 46.212731987891821 ], [ 7.66051013771497, 46.212731487765851 ], [ 7.660489702047879, 46.21260037150418 ], [ 7.660420127721699, 46.212481441472164 ], [ 7.660413497659438, 46.212412269071976 ], [ 7.660421066062953, 46.212364842133702 ], [ 7.66042107959521, 46.21236475733464 ], [ 7.660307876940648, 46.212245828209419 ], [ 7.660307538289247, 46.212245472426993 ], [ 7.660280287675969, 46.212190162662587 ], [ 7.660280205487439, 46.212189995846956 ], [ 7.660226152176916, 46.212130946237174 ], [ 7.660206395232466, 46.212099904949795 ], [ 7.660249816270044, 46.212051819441903 ], [ 7.660264037040866, 46.211967034857025 ], [ 7.660253225745151, 46.211937163517995 ], [ 7.660265152606812, 46.211769209853252 ], [ 7.660309793554276, 46.211689718206216 ], [ 7.660266414150765, 46.211591408830458 ], [ 7.660252747321457, 46.211448477044527 ], [ 7.660274615268344, 46.211386634354369 ], [ 7.660327058931841, 46.211317355478464 ], [ 7.660457569473564, 46.211260202932458 ], [ 7.660533390885234, 46.211207520138629 ], [ 7.660602947382059, 46.21117882290082 ], [ 7.660675819292586, 46.211130580628044 ], [ 7.660660708552919, 46.211088573651708 ], [ 7.660686845916048, 46.211022071783823 ], [ 7.660742574393481, 46.210954621390151 ], [ 7.660742924162872, 46.210858943223897 ], [ 7.660716200465744, 46.210784295881183 ], [ 7.6607178929683, 46.210703358917605 ], [ 7.660876788110997, 46.210632638863267 ], [ 7.660962341515527, 46.210583687883648 ], [ 7.660987397014071, 46.210531689017103 ], [ 7.661090591350643, 46.210455590531488 ], [ 7.661209866984843, 46.210433937901414 ], [ 7.661282243524388, 46.210394880742683 ], [ 7.661420794346838, 46.210365588738995 ], [ 7.661422686675865, 46.210337113864185 ], [ 7.661366220384942, 46.210216791341573 ], [ 7.661361034639337, 46.21011117488451 ], [ 7.661422121587554, 46.210030004296186 ], [ 7.661265625474437, 46.209852468118839 ], [ 7.661255734769453, 46.209759157916935 ], [ 7.661313779684412, 46.209646958450691 ], [ 7.661295105803961, 46.209582730367437 ], [ 7.661314516804246, 46.209484406043593 ], [ 7.661389230704738, 46.20937061756176 ], [ 7.661382420263226, 46.209306026293447 ], [ 7.66138239729986, 46.209305808505384 ], [ 7.661300735044755, 46.209240077662443 ], [ 7.661300342688637, 46.209239761850711 ], [ 7.661287997357765, 46.209157754980332 ], [ 7.661269992301111, 46.209098626101465 ], [ 7.661279433110444, 46.209024258719786 ], [ 7.661358081968512, 46.208947785384694 ], [ 7.661413518853634, 46.208844487665708 ], [ 7.661431035180995, 46.208761450614539 ], [ 7.661382320517736, 46.208533453236797 ], [ 7.661385701372655, 46.208431490177119 ], [ 7.661372056503027, 46.208312247648017 ], [ 7.661372037559341, 46.208312082099127 ], [ 7.661249299155212, 46.208198159641576 ], [ 7.661277026299842, 46.20809940520504 ], [ 7.661317850192538, 46.208028655411603 ], [ 7.661370648294952, 46.207974344077719 ], [ 7.661318627326529, 46.207853670985067 ], [ 7.66131238198632, 46.207735957504021 ], [ 7.661283203964741, 46.207679908658804 ], [ 7.66128301238115, 46.20767954064074 ], [ 7.66117806405457, 46.207603526726452 ], [ 7.661246715429423, 46.207487420376196 ], [ 7.661225122856798, 46.207383968099755 ], [ 7.661226341696829, 46.207081937604585 ], [ 7.661207204308432, 46.206929094528235 ], [ 7.661288336845764, 46.206788747434025 ], [ 7.661339753946625, 46.206643816905242 ], [ 7.661459057405039, 46.206052614977075 ], [ 7.661445550712656, 46.205933503470078 ], [ 7.661454857335725, 46.205794628726345 ], [ 7.66155946679453, 46.205524635346912 ], [ 7.661549500048638, 46.205403079081577 ], [ 7.661605177892429, 46.205245483218732 ], [ 7.661587921162476, 46.205099590139426 ], [ 7.661554574870495, 46.204979564123676 ], [ 7.661503927153393, 46.204886864829881 ], [ 7.661528205607905, 46.204692736523754 ], [ 7.661583215854533, 46.20460033327344 ], [ 7.661844001381303, 46.20438934959121 ], [ 7.661808064169151, 46.204321303741722 ], [ 7.661807846766513, 46.204320892097456 ], [ 7.661747286555784, 46.204278641892174 ], [ 7.661606444675471, 46.204225215069854 ], [ 7.661476378516232, 46.204145409718386 ], [ 7.661432440703795, 46.204074430637036 ], [ 7.661502013832052, 46.203988610595218 ], [ 7.661581909532968, 46.203940165020384 ], [ 7.661593496924293, 46.203865118736751 ], [ 7.66159081787299, 46.203773692488987 ], [ 7.661611253345416, 46.203698475879612 ], [ 7.661522089634007, 46.203427963890555 ], [ 7.661485629081625, 46.203385900058741 ], [ 7.661266686230532, 46.203292730708007 ], [ 7.661257269607617, 46.203220100546034 ], [ 7.661285839513487, 46.203064997988847 ], [ 7.661285878024781, 46.203064788915697 ], [ 7.661197200915157, 46.202997418311455 ], [ 7.661196700391452, 46.202997038048899 ], [ 7.661211775928018, 46.202909939822931 ], [ 7.661185956286733, 46.20285607074176 ], [ 7.661117516184524, 46.202809409826209 ], [ 7.661015691558191, 46.202709083497332 ], [ 7.660929011555163, 46.202500240179496 ], [ 7.660987176009516, 46.202365020876194 ], [ 7.661211604217534, 46.20223458479424 ], [ 7.661332206981519, 46.20213289534928 ], [ 7.661394874674389, 46.202088927580554 ], [ 7.66136344298836, 46.201945401204163 ], [ 7.661356478038376, 46.201863968520968 ], [ 7.661331547865037, 46.201796199493074 ], [ 7.661318804704356, 46.201717899638282 ], [ 7.661481850755867, 46.20155974210536 ], [ 7.661545550359112, 46.201416370598835 ], [ 7.661651344093874, 46.201289585153951 ], [ 7.661563374398654, 46.201152881502317 ], [ 7.661563038604277, 46.201152359682645 ], [ 7.661302383481484, 46.201030629606265 ], [ 7.661302116586861, 46.20103050496224 ], [ 7.661247550302129, 46.200897669171979 ], [ 7.661247408619311, 46.200897324260296 ], [ 7.660867097711744, 46.200604264330764 ], [ 7.660813648530828, 46.200423431150135 ], [ 7.660800216108189, 46.200054133238744 ], [ 7.660746869682794, 46.199576363373303 ], [ 7.660955483206976, 46.199239140455028 ], [ 7.661130613744284, 46.199077933116207 ], [ 7.66113068763329, 46.199077865101515 ], [ 7.660901203997612, 46.198857085916053 ], [ 7.661060205676389, 46.198636435356896 ], [ 7.661090254974882, 46.198568252565046 ], [ 7.661127915032948, 46.198402992082727 ], [ 7.661162251843356, 46.198315658177258 ], [ 7.661130240211312, 46.198226295539705 ], [ 7.661134057966555, 46.198174428294905 ], [ 7.6612526223419, 46.198032442559537 ], [ 7.661346561265185, 46.197833598781557 ], [ 7.661378879294839, 46.197686546853312 ], [ 7.661423813766812, 46.197602844270065 ], [ 7.661516490114821, 46.197313893705378 ], [ 7.661636709124538, 46.197076478775394 ], [ 7.66167409671085, 46.19696257464993 ], [ 7.661895854301453, 46.196716953535699 ], [ 7.662090927645955, 46.196532329910212 ], [ 7.661995847606249, 46.196404977951893 ], [ 7.661995451512333, 46.196404447416398 ], [ 7.66185315332594, 46.196297167057118 ], [ 7.661712867279837, 46.19616857193779 ], [ 7.661508402897172, 46.196022885217438 ], [ 7.661401241324864, 46.19591280339619 ], [ 7.661400784061095, 46.195912333671572 ], [ 7.661412984815894, 46.195810146446036 ], [ 7.661400543784194, 46.195573604093184 ], [ 7.661306525331351, 46.195468854898429 ], [ 7.661170352188607, 46.195213727655677 ], [ 7.660954393164706, 46.194915937600456 ], [ 7.660625371981485, 46.194610533406042 ], [ 7.66033008449147, 46.19437193572999 ], [ 7.660087130543163, 46.194200162473891 ], [ 7.658783479456758, 46.193780663081235 ], [ 7.658514152746256, 46.193582027043199 ], [ 7.658513830693953, 46.19358178952055 ], [ 7.658444968321882, 46.193410511566981 ], [ 7.658549673464417, 46.193256690351461 ], [ 7.658607559440176, 46.193124072606551 ], [ 7.658618667859491, 46.19300358174619 ], [ 7.658653552975141, 46.192836681332878 ], [ 7.658807158304922, 46.192699829652291 ], [ 7.658863697660961, 46.192525834554544 ], [ 7.658908679969891, 46.192447674202157 ], [ 7.658976334378681, 46.192364144363097 ], [ 7.659115592771975, 46.19222266041664 ], [ 7.659154955945525, 46.192074614950926 ], [ 7.659514752199434, 46.191991091853239 ], [ 7.659585914191095, 46.191816599511661 ], [ 7.659586038770684, 46.191816294037011 ], [ 7.659443165306358, 46.191746821106541 ], [ 7.659442795337214, 46.19174664120721 ], [ 7.659412003846461, 46.191614555566858 ], [ 7.659292453814984, 46.191455466960193 ], [ 7.659343649837159, 46.191203490033168 ], [ 7.659498836790029, 46.190888979901985 ], [ 7.659512777711931, 46.19075844433717 ], [ 7.659585446163339, 46.190643941453757 ], [ 7.659582930581961, 46.190565498614902 ], [ 7.659582926734854, 46.190565378651364 ], [ 7.659475287443408, 46.190455742924854 ], [ 7.65923096290516, 46.190235410947466 ], [ 7.659230576138783, 46.190235062161378 ], [ 7.65917829186004, 46.190069419667381 ], [ 7.659150106304021, 46.189831567445971 ], [ 7.659113558989635, 46.189746000271519 ], [ 7.659058014337492, 46.189706365657813 ], [ 7.658936545011995, 46.189561475514772 ], [ 7.658745384473804, 46.189385676713705 ], [ 7.658651937451997, 46.189283127373997 ], [ 7.658651635435916, 46.189282795939683 ], [ 7.658413681204992, 46.188897840389799 ], [ 7.658464727975002, 46.188740417099204 ], [ 7.658540869887607, 46.188649143837893 ], [ 7.65865466712501, 46.188552301125398 ], [ 7.658664389407495, 46.188403036007252 ], [ 7.65855703954013, 46.18800637578876 ], [ 7.658524633231129, 46.187835620928077 ], [ 7.65844388902648, 46.187690336429355 ], [ 7.658497130626313, 46.187583014448876 ], [ 7.658506746575606, 46.18752964280867 ], [ 7.658580263543707, 46.187443097312496 ], [ 7.658804379355614, 46.187232839535312 ], [ 7.658818110993329, 46.187095179964395 ], [ 7.65891028202961, 46.187009749456593 ], [ 7.658914235253751, 46.186661870262114 ], [ 7.658914240749939, 46.186661386603845 ], [ 7.658740200379602, 46.186620902580742 ], [ 7.658677219127283, 46.18640925011195 ], [ 7.65872099037883, 46.186295253676825 ], [ 7.658722311188932, 46.18617934262813 ], [ 7.658709257509195, 46.186076755005907 ], [ 7.658766841340475, 46.185851770842113 ], [ 7.658629782985315, 46.185531856053309 ], [ 7.658511823398189, 46.185297371383299 ], [ 7.658329687586993, 46.185165264130966 ], [ 7.658223855954945, 46.18502185471236 ], [ 7.658223491008528, 46.185021360183903 ], [ 7.658117245527725, 46.184932896196528 ], [ 7.65807138712008, 46.184804374703631 ], [ 7.658255792573178, 46.184444327987968 ], [ 7.658204709759096, 46.184285492465023 ], [ 7.658084225672572, 46.184063030402243 ], [ 7.658030385858843, 46.183736512933038 ], [ 7.658108627768647, 46.183548008680546 ], [ 7.658108746243189, 46.183547723245859 ], [ 7.657858948460651, 46.183418876723991 ], [ 7.65754720779912, 46.183283654466877 ], [ 7.657424430719104, 46.183070812900539 ], [ 7.657424383815173, 46.183070731589709 ], [ 7.657268968855687, 46.182875409341605 ], [ 7.657268578608606, 46.182874918887293 ], [ 7.657179186620662, 46.182714834453741 ], [ 7.656946370567951, 46.182569068424826 ], [ 7.656906979686514, 46.182395205143955 ], [ 7.656785164779137, 46.182194033418483 ], [ 7.656784943821292, 46.182193668516746 ], [ 7.656689339262467, 46.18210859207197 ], [ 7.656712122704998, 46.181924273149349 ], [ 7.656654902718633, 46.181799803006811 ], [ 7.656674918081462, 46.18175275344457 ], [ 7.656743658111924, 46.181684128613796 ], [ 7.656956131602197, 46.181695440849246 ], [ 7.657158034883143, 46.181631551764788 ], [ 7.657144036986115, 46.181476386471218 ], [ 7.657124541202543, 46.181400519088797 ], [ 7.6571719227139, 46.181285985585546 ], [ 7.657252506943631, 46.181216294116929 ], [ 7.657299926791484, 46.181121173014319 ], [ 7.657653270829599, 46.180688881398893 ], [ 7.657730488202303, 46.180580829815064 ], [ 7.657863086242424, 46.180441852114086 ], [ 7.658006305119633, 46.180187224124296 ], [ 7.658117150995096, 46.180156181574937 ], [ 7.658194521405087, 46.180086666572571 ], [ 7.658283033749836, 46.180024839163565 ], [ 7.658460238601022, 46.179939711986975 ], [ 7.65867048156018, 46.179800573721565 ], [ 7.658654701844461, 46.17968630612841 ], [ 7.658679853030985, 46.179609578718591 ], [ 7.658768925160667, 46.17944585656258 ], [ 7.658812453855881, 46.179237667562788 ], [ 7.658909519038566, 46.179187454370073 ], [ 7.659191642101501, 46.179141181024214 ], [ 7.659344409164639, 46.179082484133708 ], [ 7.659654827096198, 46.1790202232987 ], [ 7.660065162839399, 46.178973175919474 ], [ 7.660397587781022, 46.178864623606806 ], [ 7.66078504994454, 46.178648060097309 ], [ 7.661106172505468, 46.178493290408049 ], [ 7.661449237753704, 46.178276811754387 ], [ 7.661570188678132, 46.178006813526814 ], [ 7.661835100200546, 46.177667166584783 ], [ 7.662012032630377, 46.177528087678034 ], [ 7.661966049540257, 46.177135106118911 ], [ 7.662021128436762, 46.17703480445828 ], [ 7.66199814623433, 46.176842163790361 ], [ 7.661808394115343, 46.176565077033352 ], [ 7.661541270335696, 46.176357507321782 ], [ 7.661250636266644, 46.176217612160869 ], [ 7.660989230248312, 46.175956712947048 ], [ 7.660806589169284, 46.175757773430618 ], [ 7.660685367871992, 46.175587724135092 ], [ 7.660650138774118, 46.175480619472644 ], [ 7.660649327623629, 46.175376496890195 ], [ 7.660551169015959, 46.175228567453161 ], [ 7.660503199721368, 46.175112168244745 ], [ 7.660501192633018, 46.175006833598324 ], [ 7.660419580383115, 46.174983029575493 ], [ 7.660419180308011, 46.174982912884715 ], [ 7.660396128657736, 46.174797081738767 ], [ 7.660262402406173, 46.174633488334834 ], [ 7.660268030876199, 46.174526978322028 ], [ 7.660189640511013, 46.174418824481798 ], [ 7.660156611076594, 46.174358843366328 ], [ 7.660212514345486, 46.174263731460563 ], [ 7.660385673396209, 46.17413783206613 ], [ 7.660610666088278, 46.173954645807669 ], [ 7.660698986535607, 46.173794467895675 ], [ 7.660805120163098, 46.173690765402363 ], [ 7.660814408839793, 46.173640866545931 ], [ 7.660945158822809, 46.173524791672982 ], [ 7.661121490872902, 46.173406396254947 ], [ 7.66126199865985, 46.173375175415963 ], [ 7.661438508105941, 46.173237042789175 ], [ 7.661471603132354, 46.173163573555414 ], [ 7.661583265689649, 46.173050980791544 ], [ 7.661882028076723, 46.172857724677669 ], [ 7.662025365658629, 46.172641637571139 ], [ 7.662180550197895, 46.172492157378741 ], [ 7.66232272285622, 46.17226086961626 ], [ 7.662500956667232, 46.17228615512424 ], [ 7.662756177853645, 46.172301060102782 ], [ 7.662994090890085, 46.172190600001969 ], [ 7.663442848110257, 46.172022239360786 ], [ 7.663933017632123, 46.171930913946184 ], [ 7.664307284353517, 46.171804716428603 ], [ 7.664563178965308, 46.171534842011795 ], [ 7.664579682241805, 46.171373634798201 ], [ 7.664660340115883, 46.171333866273514 ], [ 7.664815396559281, 46.171271900971924 ], [ 7.664992345420364, 46.171140517596498 ], [ 7.665269020203499, 46.170978115567117 ], [ 7.665456711777328, 46.170761935365753 ], [ 7.665755279452669, 46.170565529893686 ], [ 7.666237234440636, 46.170489386499717 ], [ 7.666359501400461, 46.170436462549006 ], [ 7.667905613405017, 46.170094174101621 ], [ 7.668116324640009, 46.170078338042174 ], [ 7.668481708587135, 46.169908030175193 ], [ 7.66874585115603, 46.169900648350648 ], [ 7.669045071459793, 46.169792389787858 ], [ 7.66934848683383, 46.16965986073108 ], [ 7.669733198611442, 46.169419928410022 ], [ 7.670076041993634, 46.169172604960686 ], [ 7.670296767554266, 46.168902384537866 ], [ 7.670428932799314, 46.168678609323635 ], [ 7.670682778677572, 46.168369792187605 ], [ 7.671174779843421, 46.168168649087235 ], [ 7.671247101563664, 46.168037218708839 ], [ 7.671446412807589, 46.167952034685058 ], [ 7.671545657882512, 46.167813100420204 ], [ 7.671921717128432, 46.167550284583207 ], [ 7.67200879916108, 46.167164733373291 ], [ 7.672306734806721, 46.16679417484287 ], [ 7.672471731712555, 46.166470127435275 ], [ 7.673014009061346, 46.165873506542397 ], [ 7.672597136440547, 46.165395198986118 ], [ 7.672596925372916, 46.165394956813238 ], [ 7.67233862457022, 46.16504329398154 ], [ 7.672292165723563, 46.164672114137389 ], [ 7.67207702551265, 46.164336706717677 ], [ 7.672200177756086, 46.163919650439098 ], [ 7.672301644604723, 46.163736263653959 ], [ 7.672121597695295, 46.163614518222744 ], [ 7.672121533338058, 46.163614474705199 ], [ 7.671993814666505, 46.163440699893485 ], [ 7.671963275323828, 46.163295240885589 ], [ 7.672082061723111, 46.163087107699575 ], [ 7.67217034278126, 46.162738714832166 ], [ 7.672379555331809, 46.162345832036266 ], [ 7.672446610404939, 46.162299204359279 ], [ 7.67251226121734, 46.162239068142341 ], [ 7.672818267832588, 46.162082524087189 ], [ 7.672944482804053, 46.161869175179007 ], [ 7.672943703490331, 46.161687267660852 ], [ 7.673062562402351, 46.161494722682555 ], [ 7.673205075852271, 46.16134393444959 ], [ 7.67320509599152, 46.161343913140989 ], [ 7.672862982708412, 46.160943741902855 ], [ 7.672862544313347, 46.160943229110444 ], [ 7.672686083161575, 46.160529031427295 ], [ 7.672716197581093, 46.160321035801921 ], [ 7.672623538058957, 46.160073938089411 ], [ 7.672211368372865, 46.159140388425534 ], [ 7.672074577753706, 46.15876299183369 ], [ 7.672074570579433, 46.158762972040329 ], [ 7.671839018073401, 46.158475225051248 ], [ 7.67183864648431, 46.158474771124247 ], [ 7.671638535720398, 46.158184696939337 ], [ 7.671584721039669, 46.157828527790969 ], [ 7.671306826398844, 46.15755623536905 ], [ 7.671093026789972, 46.157403353305611 ], [ 7.670771064727164, 46.157318258531099 ], [ 7.670192928603889, 46.156784122648318 ], [ 7.669922837857805, 46.156581994587825 ], [ 7.669914883435733, 46.156470258476716 ], [ 7.669592546710193, 46.156291615870046 ], [ 7.669525177628583, 46.156224423262685 ], [ 7.669524950488669, 46.156224196717766 ], [ 7.669453448955181, 46.156117789554585 ], [ 7.669441767623328, 46.156006070005894 ], [ 7.669228441479562, 46.155959745367362 ], [ 7.669176072198145, 46.155882350583624 ], [ 7.669175752933615, 46.155881878753412 ], [ 7.669010628510402, 46.155739301614268 ], [ 7.668767121947893, 46.155596961085763 ], [ 7.668766959034247, 46.155596865855415 ], [ 7.668676779131607, 46.155449210579846 ], [ 7.668676606449164, 46.155448927839757 ], [ 7.668297175478823, 46.155065117917978 ], [ 7.668148711446715, 46.154866148321467 ], [ 7.6681385181587, 46.154386442653426 ], [ 7.667824384845699, 46.154165643048373 ], [ 7.667519011321363, 46.154011509250324 ], [ 7.667116879499521, 46.153853350914787 ], [ 7.666825812023378, 46.153813853285932 ], [ 7.666426859930208, 46.153868279069243 ], [ 7.663832587302593, 46.152748000314055 ], [ 7.663319336477617, 46.152472063112064 ], [ 7.662969570326546, 46.152161089352177 ], [ 7.662969112195453, 46.152160682032175 ], [ 7.662950588948213, 46.152072040128189 ], [ 7.662912155236485, 46.152037001363738 ], [ 7.662911924471772, 46.152036790983054 ], [ 7.662776654352725, 46.151825779168469 ], [ 7.662775040862789, 46.151668890173219 ], [ 7.662816007793611, 46.151511170280877 ], [ 7.662909395136489, 46.151489225070023 ], [ 7.662991916914251, 46.151453196209395 ], [ 7.663043675221282, 46.151424226813205 ], [ 7.663068756697059, 46.151401454245175 ], [ 7.6631664772435, 46.151259040212381 ], [ 7.66321789662924, 46.151220095292231 ], [ 7.663312374694015, 46.15119600663246 ], [ 7.663393899807835, 46.151156992916192 ], [ 7.663436651652408, 46.151097150334472 ], [ 7.663530969743406, 46.151034218826318 ], [ 7.663621199996601, 46.151019097954567 ], [ 7.663784359893917, 46.150967984620046 ], [ 7.663904473039564, 46.150904992526492 ], [ 7.663998777955844, 46.15083907411465 ], [ 7.664136227500593, 46.150808926181725 ], [ 7.664200636329986, 46.150790878707319 ], [ 7.664226271796677, 46.150751975674865 ], [ 7.664320491033804, 46.150659169328364 ], [ 7.664423351562642, 46.150587242446612 ], [ 7.664517433898114, 46.150464561834958 ], [ 7.664662920847735, 46.150299922069642 ], [ 7.664791552184741, 46.15021600626617 ], [ 7.664907403158902, 46.150159012679019 ], [ 7.665010040016974, 46.150030314504129 ], [ 7.665018250907019, 46.149937679441223 ], [ 7.665103612382549, 46.149788109945149 ], [ 7.665107501281875, 46.149689501447575 ], [ 7.665253010301737, 46.149524869873424 ], [ 7.66527830913459, 46.149411276847985 ], [ 7.665509968651595, 46.149291306565829 ], [ 7.665651462979437, 46.149198386409289 ], [ 7.665828433112193, 46.149105457887629 ], [ 7.66597769714246, 46.149007520184178 ], [ 7.666055522683313, 46.14887683785399 ], [ 7.666252767887819, 46.148614831722419 ], [ 7.666311308608816, 46.148431518762962 ], [ 7.666292701382854, 46.148321918236135 ], [ 7.666292653990676, 46.148321639086106 ], [ 7.666160636825356, 46.148215315569068 ], [ 7.666301934325662, 46.148076031694934 ], [ 7.666298135880887, 46.147978104289763 ], [ 7.666374276424361, 46.147887788364898 ], [ 7.666587246428071, 46.147785358871594 ], [ 7.666568581929164, 46.147679401343716 ], [ 7.666498349542319, 46.147597071056083 ], [ 7.666508540699292, 46.147514470993535 ], [ 7.666651996503109, 46.146865788817507 ], [ 7.666663990873989, 46.146647657492849 ], [ 7.666659158576545, 46.14651917415712 ], [ 7.666602826401645, 46.146411736240559 ], [ 7.666641373297333, 46.146378779747373 ], [ 7.666928999921293, 46.146285572688654 ], [ 7.667212142042163, 46.146144571359855 ], [ 7.667589861897239, 46.146009351228507 ], [ 7.667980370344602, 46.145847225096858 ], [ 7.668289188189991, 46.145676276699575 ], [ 7.668495219471321, 46.145607132367068 ], [ 7.668787199164965, 46.145522880331491 ], [ 7.66902291644564, 46.145358060528849 ], [ 7.66927985192816, 46.145124488672629 ], [ 7.669330807902004, 46.144974977059697 ], [ 7.669549498927562, 46.14484606526662 ], [ 7.669630606395232, 46.144711433714939 ], [ 7.669513624948046, 46.144493556111399 ], [ 7.669495883381502, 46.144365108216881 ], [ 7.669606814583022, 46.144167680612753 ], [ 7.669790863576031, 46.14397907227896 ], [ 7.670061007782551, 46.14382015309878 ], [ 7.670245256086694, 46.143682332735551 ], [ 7.670368465637049, 46.143338466992702 ], [ 7.670311661228418, 46.143120458079387 ], [ 7.670366934373434, 46.142976928241751 ], [ 7.670572421415073, 46.142776319618285 ], [ 7.670863912951523, 46.14258748042058 ], [ 7.671000716080526, 46.142410913143685 ], [ 7.671094223318295, 46.142162721724837 ], [ 7.670973160738707, 46.141995643167185 ], [ 7.67094136022115, 46.141592346043971 ], [ 7.670785236243451, 46.141210371554386 ], [ 7.67083043406349, 46.140892059815471 ], [ 7.670828928662704, 46.14054342075211 ], [ 7.67087871421772, 46.14019334516157 ], [ 7.670781298254957, 46.140032119036704 ], [ 7.670695769693944, 46.139363067355639 ], [ 7.670773427320562, 46.139091960978327 ], [ 7.67098742949848, 46.138788577530711 ], [ 7.671414006900141, 46.138331705878336 ], [ 7.671954668261185, 46.137567766992788 ], [ 7.672001648715025, 46.137232836318219 ], [ 7.672110244416757, 46.137015198025288 ], [ 7.672260978332962, 46.136614259512719 ], [ 7.672484529766699, 46.136209041453633 ], [ 7.672736412368916, 46.135833269912716 ], [ 7.672890085842107, 46.13554653249814 ], [ 7.673274668068252, 46.134904665463715 ], [ 7.67349425387849, 46.134501396688258 ], [ 7.673635872628063, 46.13419948073048 ], [ 7.673861244428069, 46.133873246453575 ], [ 7.674311989780202, 46.133469405613518 ], [ 7.675192869417182, 46.132911928898714 ], [ 7.676187879504266, 46.132179016770785 ], [ 7.676645351489463, 46.131871243342786 ], [ 7.67702762420694, 46.131695402811445 ], [ 7.677477206778008, 46.131449649203283 ], [ 7.677862934747777, 46.131000017821947 ], [ 7.678822738690681, 46.130483455702347 ], [ 7.680686960779742, 46.130077417838116 ], [ 7.681238974546887, 46.129324555700379 ], [ 7.682523715854257, 46.127637217978631 ], [ 7.682647346703355, 46.127445228557782 ], [ 7.683584109985482, 46.126377884679712 ], [ 7.683859234937517, 46.126140525054772 ], [ 7.684118327322156, 46.125856845275031 ], [ 7.684630063783066, 46.12510011386388 ], [ 7.6849739903773, 46.124736366886232 ], [ 7.685287197838556, 46.124354919531534 ], [ 7.685843765000811, 46.123729069639552 ], [ 7.686407987825535, 46.123025415410751 ], [ 7.686981640687524, 46.122401780387797 ], [ 7.687752218121692, 46.121492791935843 ], [ 7.688607765010317, 46.120454658845247 ], [ 7.68911141219605, 46.119899686984652 ], [ 7.689302143662998, 46.119784849790086 ], [ 7.689622636179376, 46.119391293195434 ], [ 7.690002302952423, 46.119135290663948 ], [ 7.690213773058187, 46.11887853649197 ], [ 7.690637972775821, 46.11866228323079 ], [ 7.691329653892044, 46.118525105214282 ], [ 7.691889695215192, 46.118440149177331 ], [ 7.692316232358354, 46.118222427069021 ], [ 7.692585545851924, 46.118137939106973 ], [ 7.693358297508217, 46.117995745001444 ], [ 7.69411797061485, 46.11763536922173 ], [ 7.69636086396829, 46.116938135001789 ], [ 7.697153341986307, 46.116662015585192 ], [ 7.697335469083725, 46.11654440478803 ], [ 7.697962425622485, 46.116433340217675 ], [ 7.698473906284937, 46.116354552723074 ], [ 7.698739426383416, 46.116341303778654 ], [ 7.699767111474648, 46.11619622136309 ], [ 7.700002376549085, 46.116126340094446 ], [ 7.70059150052389, 46.115923323434814 ], [ 7.701264408909414, 46.11577612472734 ], [ 7.701848264691012, 46.11568971450577 ], [ 7.702209271824191, 46.115597047019882 ], [ 7.702703423835548, 46.115371904495177 ], [ 7.703342249391154, 46.115045562839896 ], [ 7.704150101610785, 46.114496090222815 ], [ 7.704795697847922, 46.114313105069265 ], [ 7.705679841203827, 46.113994844395329 ], [ 7.706069501904399, 46.11381392212666 ], [ 7.707207492949609, 46.113466586960918 ], [ 7.707784392780187, 46.113229891160806 ], [ 7.708964444092516, 46.112591017086814 ], [ 7.709466365236852, 46.112216733407962 ], [ 7.709385903233686, 46.111798766190397 ], [ 7.709877289380844, 46.111093837136508 ], [ 7.710821725771273, 46.110749556080748 ] ] ] ] } },
{ "type": "Feature", "properties": { "geo_point_2d": { "lon": 7.394748989810961, "lat": 46.08428217573625 }, "year": "2023", "kan_code": [ "23" ], "kan_name": [ "Valais" ], "bez_code": [ "2302", "2303", "2305" ], "bez_name": [ "Conthey", "Entremont", "Hérens" ], "gem_code": [ "6024", "6037", "6083", "6084", "6087", "6089" ], "gem_name": [ "Evolène", "Hérémence", "Nendaz", "Saint-Martin (VS)", "Val de Bagnes", "Vex" ], "plz_code": [ "1987" ], "plz_area_code": "CHE", "plz_type": "PLZ4/NPA4" }, "geometry": { "type": "Polygon", "coordinates": [ [ [ 7.431595781385675, 45.990984877600191 ], [ 7.431596644911172, 45.990985100295859 ], [ 7.432250420429812, 45.991153703280482 ], [ 7.432702085815112, 45.991333640286747 ], [ 7.434379704185249, 45.992233236889817 ], [ 7.43579929750657, 45.992790991937625 ], [ 7.436418754186816, 45.993132810267539 ], [ 7.436831732756156, 45.993555597211866 ], [ 7.438186866308282, 45.995201731634033 ], [ 7.438574050401204, 45.995516557798197 ], [ 7.439671108677101, 45.996164215184024 ], [ 7.440961775625489, 45.996613951190277 ], [ 7.441710368313094, 45.996775857199033 ], [ 7.442162089881304, 45.99677584769001 ], [ 7.442768859906246, 45.998322992514801 ], [ 7.442446217514466, 45.99872778675325 ], [ 7.442355933648912, 45.999267506082731 ], [ 7.442420539572345, 46.000104052921863 ], [ 7.442381847161532, 46.000436876013929 ], [ 7.442227001903285, 46.000841665398518 ], [ 7.442123789579071, 46.001336398797243 ], [ 7.441672106430016, 46.002307879371969 ], [ 7.441607594414541, 46.002712666263697 ], [ 7.441672160647471, 46.003045487290507 ], [ 7.441672204821513, 46.003522236537243 ], [ 7.441581887503318, 46.003927023949124 ], [ 7.44115593795498, 46.004421761944499 ], [ 7.440742910297627, 46.004691630209059 ], [ 7.439155202095394, 46.005456230016854 ], [ 7.437864368888577, 46.006598611926464 ], [ 7.437218915313639, 46.006958408983394 ], [ 7.436638029830975, 46.00722825862205 ], [ 7.436031297238515, 46.007453118250503 ], [ 7.435321290344953, 46.007615011655659 ], [ 7.434766203479394, 46.007632980214908 ], [ 7.434224024344579, 46.007794873737588 ], [ 7.433707636186683, 46.008064711316756 ], [ 7.433384879292307, 46.008379516571274 ], [ 7.433152474717981, 46.008784289536102 ], [ 7.433023351252617, 46.009341990653155 ], [ 7.432997492882989, 46.009773761503546 ], [ 7.433190902247068, 46.012247475389159 ], [ 7.433023032030034, 46.012652260895408 ], [ 7.432700217594009, 46.013075027713612 ], [ 7.432506506993502, 46.013479810905764 ], [ 7.43228699002667, 46.013749660379105 ], [ 7.432222400178505, 46.014019519654646 ], [ 7.431770442242683, 46.014676157057998 ], [ 7.431602545058502, 46.01505395420056 ], [ 7.431770285682179, 46.015953502030094 ], [ 7.431770243365434, 46.016340288444979 ], [ 7.431860524866487, 46.017032944461803 ], [ 7.432028346117223, 46.01732979676634 ], [ 7.432028537323704, 46.017329936662328 ], [ 7.43254475978916, 46.017707630206381 ], [ 7.432764216884582, 46.018139416444669 ], [ 7.432699624204901, 46.018409258131889 ], [ 7.43231220769938, 46.018877015401991 ], [ 7.432118511738856, 46.019191843639717 ], [ 7.432118471245118, 46.019488675643551 ], [ 7.43222169598226, 46.020118355279429 ], [ 7.432479850389493, 46.02081101292103 ], [ 7.432608883920753, 46.021620603045086 ], [ 7.43273789314865, 46.022655070532821 ], [ 7.432505362635574, 46.023626556658925 ], [ 7.432376114765974, 46.024616039973267 ], [ 7.432182367652081, 46.025065800410353 ], [ 7.43215650791287, 46.025308676132163 ], [ 7.432156968411908, 46.025309275036825 ], [ 7.432173736400897, 46.025331082740934 ], [ 7.432350176263882, 46.025560552615204 ], [ 7.432350192004296, 46.025560564886518 ], [ 7.43289250459865, 46.025983354755276 ], [ 7.433189482780109, 46.02628021319854 ], [ 7.433835089928563, 46.027377676271655 ], [ 7.434028747942737, 46.028007350351807 ], [ 7.434738921545714, 46.029293707342944 ], [ 7.43495842356996, 46.030103290347654 ], [ 7.4348679477055, 46.03111076970935 ], [ 7.435126157853848, 46.032487068550239 ], [ 7.43528110987457, 46.032864866187893 ], [ 7.435345659670615, 46.033539519702998 ], [ 7.43499683804245, 46.034960781112574 ], [ 7.435280960192058, 46.035428547711369 ], [ 7.434716142944573, 46.035515286081427 ], [ 7.434028079169789, 46.035743352441351 ], [ 7.432503963245501, 46.036040153588445 ], [ 7.431535198786564, 46.036399916423854 ], [ 7.430824761828287, 46.03673270488764 ], [ 7.429468391848773, 46.037677142822815 ], [ 7.428887053185155, 46.038198826533375 ], [ 7.42846741425357, 46.038809524542039 ], [ 7.428176495735874, 46.038981371975268 ], [ 7.427763088150987, 46.039323157355483 ], [ 7.426858642840305, 46.040492470465217 ], [ 7.426664762029667, 46.041077154260059 ], [ 7.426755087224406, 46.041481960958741 ], [ 7.427077856907945, 46.042246594676577 ], [ 7.42711645041997, 46.043056173833683 ], [ 7.427245507754339, 46.04364088504451 ], [ 7.427180847408023, 46.043955719656175 ], [ 7.427374433215617, 46.04482829315608 ], [ 7.427568144796357, 46.045098169330593 ], [ 7.428149341586789, 46.045727886319277 ], [ 7.428859761281326, 46.046294653350543 ], [ 7.429337709758524, 46.046537557763479 ], [ 7.430177330045579, 46.047077341750985 ], [ 7.430409809713676, 46.047482139535198 ], [ 7.430345163067637, 46.047796976084641 ], [ 7.430112558319264, 46.048183762474011 ], [ 7.430112524033468, 46.048381663061086 ], [ 7.430241703532967, 46.048588560917672 ], [ 7.430280334859987, 46.049326184636769 ], [ 7.430564509170364, 46.04968602702175 ], [ 7.431016631022886, 46.05009084100903 ], [ 7.431378351346379, 46.050225782160105 ], [ 7.431701259542396, 46.050837489060534 ], [ 7.432024214008823, 46.05126028990896 ], [ 7.432024218648918, 46.051260293805285 ], [ 7.433341911068984, 46.052366770112407 ], [ 7.433342212432702, 46.052367259808968 ], [ 7.433574426778184, 46.052744593106901 ], [ 7.43314794958131, 46.053868987320946 ], [ 7.433057445929681, 46.054390720338994 ], [ 7.433122030885789, 46.05475053453484 ], [ 7.433122553238027, 46.054751195866977 ], [ 7.43340623925456, 46.055110360941633 ], [ 7.433767997329755, 46.055380235789642 ], [ 7.433858394172661, 46.055830014798907 ], [ 7.433897120472957, 46.056297773145161 ], [ 7.43348711455616, 46.056564387018533 ], [ 7.433074251758969, 46.056917346938874 ], [ 7.433332620159282, 46.057468317264714 ], [ 7.433526366223977, 46.05809800310918 ], [ 7.433607115180776, 46.05841284057017 ], [ 7.433865512497738, 46.05868271866477 ], [ 7.43396241467545, 46.058885113072549 ], [ 7.433913925678636, 46.059211197186855 ], [ 7.433800831956407, 46.059503544907635 ], [ 7.433833081345419, 46.060144466322008 ], [ 7.433881488445945, 46.060616732101174 ], [ 7.433946075599233, 46.060954048312418 ], [ 7.433946030410664, 46.061392578572253 ], [ 7.433994464292, 46.061876079731064 ], [ 7.434010548188442, 46.062550733538792 ], [ 7.43396205296826, 46.063034238933476 ], [ 7.433978137957286, 46.063697648451338 ], [ 7.433897323137692, 46.064293595950687 ], [ 7.433881108852604, 46.064878284346342 ], [ 7.433982355247089, 46.06567267267426 ], [ 7.433185509883659, 46.065787871627542 ], [ 7.432345494545314, 46.06583282534617 ], [ 7.431117785504222, 46.065967690342404 ], [ 7.430497438539908, 46.06612957901104 ], [ 7.429954633329256, 46.066327443904378 ], [ 7.429334266441493, 46.066624240636713 ], [ 7.428726830393861, 46.066849080222227 ], [ 7.427951407638854, 46.066911998367608 ], [ 7.427369863675061, 46.066893954874615 ], [ 7.427460256798137, 46.067208798050693 ], [ 7.427653858022596, 46.068468170465856 ], [ 7.427783026587103, 46.068783017524204 ], [ 7.427110816502734, 46.069610531115188 ], [ 7.426787665628388, 46.06983539139668 ], [ 7.426490349379745, 46.070105222264282 ], [ 7.425520726395042, 46.071346484588034 ], [ 7.426102303086554, 46.071526456658347 ], [ 7.426877730404699, 46.07167946123446 ], [ 7.427556477525674, 46.071934890976053 ], [ 7.428073396136774, 46.072283511622217 ], [ 7.42888081075665, 46.072920976442276 ], [ 7.430043830172012, 46.074315356785931 ], [ 7.430044011801076, 46.07431562772652 ], [ 7.430496107378239, 46.074990029929438 ], [ 7.431917569524431, 46.077661746535384 ], [ 7.432279388031821, 46.078543303196803 ], [ 7.432111270779296, 46.0793079103113 ], [ 7.431229618478733, 46.079855692904765 ], [ 7.431197254274944, 46.080170515299351 ], [ 7.430987761211758, 46.080710230045916 ], [ 7.430841635677877, 46.081137505492471 ], [ 7.430729086281079, 46.08167722727422 ], [ 7.430582926493936, 46.08228440362268 ], [ 7.430388943058915, 46.082756652266077 ], [ 7.430291942508767, 46.083037304246695 ], [ 7.430194935085962, 46.083352139091467 ], [ 7.430065617407676, 46.083689459918133 ], [ 7.429903960787731, 46.084060960779873 ], [ 7.429806953331711, 46.084353297544588 ], [ 7.429709940769424, 46.084668132008126 ], [ 7.429662043069724, 46.085173675586326 ], [ 7.429662142333495, 46.085174030151258 ], [ 7.429791236496714, 46.085635147668945 ], [ 7.43007889645038, 46.085955279593655 ], [ 7.430332819021018, 46.086237865752175 ], [ 7.431140751509959, 46.08678843652168 ], [ 7.431631971703383, 46.087088904367668 ], [ 7.431631820635475, 46.087089118368539 ], [ 7.430920794018087, 46.088096349605273 ], [ 7.430235455162133, 46.088905909241809 ], [ 7.430209539505642, 46.089247718684135 ], [ 7.430338731673441, 46.089877406448679 ], [ 7.430364517779259, 46.090300197816873 ], [ 7.430299794828173, 46.090839914505388 ], [ 7.430079939937448, 46.091199716876737 ], [ 7.429717869854819, 46.091514537894263 ], [ 7.429329915253983, 46.09194628814015 ], [ 7.429562579876766, 46.092351098347486 ], [ 7.430234712165449, 46.093700447817071 ], [ 7.430014881559677, 46.093853362208122 ], [ 7.42943299113257, 46.094150163493914 ], [ 7.428915731133095, 46.094509954540044 ], [ 7.428553628722477, 46.094842753948768 ], [ 7.428786308351211, 46.095139628614227 ], [ 7.428980201077118, 46.095499449818867 ], [ 7.429199876264766, 46.096282071546575 ], [ 7.429109247202546, 46.096893749611048 ], [ 7.429264335791729, 46.097433486199883 ], [ 7.429070313896768, 46.097766302598814 ], [ 7.428876257883616, 46.098261038071968 ], [ 7.428656286604219, 46.099070614026111 ], [ 7.428656200526297, 46.099565349802468 ], [ 7.428811181689409, 46.100599840942941 ], [ 7.42904378813041, 46.101544383987083 ], [ 7.429043752443144, 46.101796258682199 ], [ 7.428616897564026, 46.1024259137683 ], [ 7.428228717514769, 46.103775213269934 ], [ 7.428073277699943, 46.105232490894096 ], [ 7.4279697455533, 46.105637279033431 ], [ 7.427749803205857, 46.106114028163496 ], [ 7.427646269788136, 46.106446851806879 ], [ 7.427943247207176, 46.108425953232626 ], [ 7.428227374678149, 46.109982244939751 ], [ 7.428421257872542, 46.110881772442958 ], [ 7.428421109053959, 46.111799307698135 ], [ 7.428614935978081, 46.112833830956198 ], [ 7.428588966420103, 46.113400556021368 ], [ 7.428459563047292, 46.113823351412272 ], [ 7.428161968131846, 46.114318085049462 ], [ 7.427877338544357, 46.114704872852911 ], [ 7.427553939405504, 46.114857771923695 ], [ 7.427005637910876, 46.115201107680797 ], [ 7.42700593797387, 46.115202315321781 ], [ 7.427006101717677, 46.115202974329179 ], [ 7.427147212173332, 46.11577089097679 ], [ 7.427152777929787, 46.115793291058573 ], [ 7.427152706218799, 46.116108134786543 ], [ 7.426777546223849, 46.11630600361174 ], [ 7.426686963339266, 46.116575868360904 ], [ 7.426208297725663, 46.116854692241319 ], [ 7.426272876590046, 46.117304485679128 ], [ 7.425807149118651, 46.117538322720556 ], [ 7.42558717305759, 46.117835148355063 ], [ 7.425677586798571, 46.11841088288854 ], [ 7.42545743572508, 46.119517333635422 ], [ 7.425573752701727, 46.119976129570304 ], [ 7.42570295190007, 46.120704793143268 ], [ 7.426078021386216, 46.121010686973975 ], [ 7.426194417098703, 46.121235589317649 ], [ 7.426763490348443, 46.121793378831171 ], [ 7.427272423586025, 46.122396316560071 ], [ 7.42735837035512, 46.122755985579509 ], [ 7.427384013887445, 46.123898421988493 ], [ 7.427319202933527, 46.124348192012924 ], [ 7.42738363721638, 46.12540965490043 ], [ 7.427487054712111, 46.125769487710279 ], [ 7.427486941049093, 46.126282224611444 ], [ 7.427680883788661, 46.126821977787159 ], [ 7.42796517010175, 46.128351231778588 ], [ 7.428197938889848, 46.128890988136831 ], [ 7.427964895704697, 46.12945766569463 ], [ 7.427511859563951, 46.130312194914545 ], [ 7.427188187651038, 46.1311397410174 ], [ 7.427097525391452, 46.131544530587099 ], [ 7.426838594859299, 46.132111212059371 ], [ 7.426734459222184, 46.134602939830046 ], [ 7.426578983290658, 46.13534954353176 ], [ 7.426410702328003, 46.135574412732254 ], [ 7.426022446374074, 46.135799255471376 ], [ 7.425543574748038, 46.136159018877009 ], [ 7.423472612937901, 46.137867887684941 ], [ 7.42191937901518, 46.138965112431293 ], [ 7.42140160711157, 46.139396807655977 ], [ 7.420560135599961, 46.140224259683002 ], [ 7.420560506735858, 46.140224702166563 ], [ 7.421012888342134, 46.140764050217761 ], [ 7.421362184806132, 46.141078951480658 ], [ 7.421426754416037, 46.141483752749522 ], [ 7.421011315651062, 46.145153835072456 ], [ 7.420648465162247, 46.146458121297499 ], [ 7.420259540022211, 46.148212179845281 ], [ 7.419935609482915, 46.149156648415754 ], [ 7.419352426824676, 46.151405461888587 ], [ 7.41887310575836, 46.152709776010042 ], [ 7.413848729071116, 46.155955195074959 ], [ 7.401760196369787, 46.154078672177398 ], [ 7.396362423438194, 46.154514673688887 ], [ 7.396699955377573, 46.159314951870087 ], [ 7.401739470316993, 46.163645357503086 ], [ 7.402009311970813, 46.167996477933492 ], [ 7.40237009180052, 46.169696679156935 ], [ 7.403253215730416, 46.17299523792795 ], [ 7.40577557706245, 46.173661603904598 ], [ 7.406471873121556, 46.175158070845065 ], [ 7.408288444328115, 46.176468794268352 ], [ 7.408533162918692, 46.176668113794094 ], [ 7.408950310470148, 46.177800761511115 ], [ 7.409171413312851, 46.178169612845991 ], [ 7.408719890978566, 46.179253502045135 ], [ 7.408793703987313, 46.179462741283295 ], [ 7.409251171795067, 46.180423340681898 ], [ 7.408403104188355, 46.182226434808761 ], [ 7.408420497713196, 46.182383520369584 ], [ 7.40876438105101, 46.183224233424717 ], [ 7.409232756231618, 46.18391065987089 ], [ 7.409849123954552, 46.184763019911486 ], [ 7.406435244624085, 46.187346004279298 ], [ 7.406389373721623, 46.187478800620433 ], [ 7.406048763236518, 46.188464868557794 ], [ 7.406000866420011, 46.188603529923562 ], [ 7.405680864385427, 46.189340855978365 ], [ 7.40528595383202, 46.190132581695202 ], [ 7.404902379790069, 46.192142572156676 ], [ 7.404896555081604, 46.192140815419869 ], [ 7.400960632260804, 46.190953737898852 ], [ 7.400941353090186, 46.190947923285329 ], [ 7.398174402824209, 46.190420512055034 ], [ 7.396963194692605, 46.190216244031582 ], [ 7.396924356413433, 46.190209694027239 ], [ 7.396795289792432, 46.190186067772579 ], [ 7.396429114374493, 46.190080212344881 ], [ 7.39587506463957, 46.189941719154703 ], [ 7.395707416281991, 46.189898745210229 ], [ 7.395625508754731, 46.189877771639004 ], [ 7.39534022968732, 46.189798957874793 ], [ 7.394478472010664, 46.189569976223822 ], [ 7.394254380206232, 46.189510425689967 ], [ 7.393755270386439, 46.189374732768478 ], [ 7.393498367084178, 46.189305551134993 ], [ 7.39326496728937, 46.189243498121328 ], [ 7.392819262432676, 46.189125000461189 ], [ 7.39238875045759, 46.189009408025392 ], [ 7.391937077265266, 46.188611469718431 ], [ 7.391724010519209, 46.188423767770303 ], [ 7.391015953306641, 46.18781710030796 ], [ 7.39079066710721, 46.187599481041907 ], [ 7.390441109721776, 46.187295350783806 ], [ 7.390177800115935, 46.187064931022917 ], [ 7.389916261389147, 46.186812400293185 ], [ 7.389809078280699, 46.186253610636591 ], [ 7.389756708198576, 46.185991776647739 ], [ 7.389750558599236, 46.185961030579378 ], [ 7.389728451851675, 46.185832006217204 ], [ 7.389678877173156, 46.185516977113053 ], [ 7.389681446686281, 46.185483109892466 ], [ 7.38967013023921, 46.18544641462357 ], [ 7.389629549225878, 46.185314824630098 ], [ 7.389561214930536, 46.185092189769875 ], [ 7.389466529116298, 46.184795059781571 ], [ 7.389461089759742, 46.184766721292903 ], [ 7.389408910308154, 46.184540495286406 ], [ 7.389310848581665, 46.184110700362623 ], [ 7.389215439305041, 46.18369253086631 ], [ 7.389119655911461, 46.183116995968057 ], [ 7.388940086679726, 46.182455862771157 ], [ 7.388939994839697, 46.182455524636993 ], [ 7.388840556396023, 46.182458601450207 ], [ 7.388753799134371, 46.182250899507082 ], [ 7.388743295354277, 46.182223997999763 ], [ 7.388733244941123, 46.182197006739898 ], [ 7.388723699680104, 46.182169943742153 ], [ 7.388714633686035, 46.182142791003869 ], [ 7.38870604694984, 46.182115557520618 ], [ 7.388697939453979, 46.182088261283745 ], [ 7.388690350066499, 46.182060884319739 ], [ 7.388683213999947, 46.182033462581771 ], [ 7.388676583089701, 46.182005960110949 ], [ 7.388670444342313, 46.181978421879492 ], [ 7.388664810724579, 46.181950829902057 ], [ 7.388659656342943, 46.181923175171541 ], [ 7.388654981171408, 46.18189548467474 ], [ 7.388650811102082, 46.181867767418908 ], [ 7.388647146142513, 46.181840014408579 ], [ 7.388643973341404, 46.181812225637877 ], [ 7.388641292689639, 46.181784410102594 ], [ 7.388624391737972, 46.181591132492755 ], [ 7.388621659397687, 46.181563217982614 ], [ 7.3886184090154, 46.181535330225351 ], [ 7.388614666484404, 46.181507478228106 ], [ 7.388610431805498, 46.181479661990871 ], [ 7.388605704987846, 46.181451872518011 ], [ 7.388604497802516, 46.181445486657573 ], [ 7.38860046011438, 46.181424127788915 ], [ 7.388594748987751, 46.181396427826932 ], [ 7.388588519790014, 46.181368790599699 ], [ 7.388581798431196, 46.181341207123268 ], [ 7.388574584912079, 46.181313677397611 ], [ 7.388566892175416, 46.181286210423991 ], [ 7.388558694304099, 46.181258824181747 ], [ 7.388550004266214, 46.181231500685492 ], [ 7.388540834995987, 46.181204257932116 ], [ 7.38853117353529, 46.181177104911221 ], [ 7.388521032852052, 46.181150023637393 ], [ 7.388510399979711, 46.181123032095812 ], [ 7.388426662368838, 46.180916572671642 ], [ 7.388414604020925, 46.180890677935736 ], [ 7.388414394858759, 46.180890271432062 ], [ 7.388401418752252, 46.180865052554964 ], [ 7.388387132447912, 46.180839714531849 ], [ 7.388371745083881, 46.180814690852685 ], [ 7.388355282545028, 46.180789999519853 ], [ 7.38833773186535, 46.180765658518212 ], [ 7.388319144804844, 46.180741712848615 ], [ 7.38831570479974, 46.18073758559914 ], [ 7.388313270167204, 46.180734664575603 ], [ 7.38829950842262, 46.180718153509069 ], [ 7.38827887447838, 46.180695025500519 ], [ 7.388264723970861, 46.180680184087876 ], [ 7.388257242964514, 46.18067233781791 ], [ 7.388234613856214, 46.180650117447378 ], [ 7.388211051888602, 46.180628382408976 ], [ 7.388186531144591, 46.180607150681467 ], [ 7.387902952095224, 46.180368746372309 ], [ 7.387878367204364, 46.180347127738905 ], [ 7.387854300588872, 46.180325248465913 ], [ 7.387830739315326, 46.180303090556627 ], [ 7.387809550920292, 46.180282496201386 ], [ 7.387807683357779, 46.180280680998024 ], [ 7.387785171575111, 46.18025801081275 ], [ 7.387763178066557, 46.180235079989153 ], [ 7.387741728697883, 46.180211924521785 ], [ 7.387720797585449, 46.180188526407875 ], [ 7.387700423579384, 46.180164885665626 ], [ 7.387680606644905, 46.180141038277569 ], [ 7.387661346807274, 46.180116957257269 ], [ 7.387642644040266, 46.180092669591808 ], [ 7.387638485594973, 46.180087058300373 ], [ 7.38762449833472, 46.180068184277005 ], [ 7.38760692265741, 46.180043483327879 ], [ 7.387589942873685, 46.180018602738983 ], [ 7.387573520149725, 46.179993524501548 ], [ 7.387557693318084, 46.179968266624854 ], [ 7.387547630101055, 46.179951480054619 ], [ 7.387546952483863, 46.179950349713437 ], [ 7.387542449419361, 46.179942838098782 ], [ 7.387527814344547, 46.179917247931058 ], [ 7.387513749242585, 46.179891496103984 ], [ 7.387500292963054, 46.179865582635699 ], [ 7.387487445488044, 46.179839525517565 ], [ 7.387475206816732, 46.179813324749809 ], [ 7.387463551031024, 46.179786998311833 ], [ 7.38745254288908, 46.179760537238124 ], [ 7.387442130572519, 46.179733959496104 ], [ 7.387432339980699, 46.179707265097896 ], [ 7.387423171095586, 46.179680472034761 ], [ 7.387414623924829, 46.179653571311356 ], [ 7.387406698450374, 46.179626580918942 ], [ 7.387399407612723, 46.179599509859209 ], [ 7.387392751411011, 46.179572358132255 ], [ 7.387386703944235, 46.179545125726285 ], [ 7.387381304027081, 46.179517848641531 ], [ 7.387376538734429, 46.179490499885468 ], [ 7.387371058957888, 46.179438466937242 ], [ 7.387140915173416, 46.179461685783622 ], [ 7.387052261983442, 46.179002528340497 ], [ 7.387043181970902, 46.178709385276662 ], [ 7.387438109062748, 46.178794360700756 ], [ 7.387453261094272, 46.17836061901987 ], [ 7.387395003146947, 46.177965596371934 ], [ 7.386863016833189, 46.176642999599011 ], [ 7.38682587649845, 46.174879849654936 ], [ 7.386554544943164, 46.174268023488317 ], [ 7.386375438126128, 46.17323344826044 ], [ 7.385703388626178, 46.17220763414327 ], [ 7.384604111109669, 46.170893750467876 ], [ 7.383025450174546, 46.16993943980885 ], [ 7.38149417006378, 46.16916504291332 ], [ 7.379962933495847, 46.168390625274981 ], [ 7.378431740470015, 46.167616186894875 ], [ 7.377384220655033, 46.166563132685006 ], [ 7.377377155855521, 46.166553770472632 ], [ 7.376475316799247, 46.165358661007062 ], [ 7.37556658260226, 46.164154182172986 ], [ 7.374677775651115, 46.162976144800446 ], [ 7.374657888485221, 46.162949786067962 ], [ 7.371958353058662, 46.161609390172288 ], [ 7.369614808323715, 46.16037934672346 ], [ 7.367271369421839, 46.15914925469297 ], [ 7.366209490406286, 46.159427431752277 ], [ 7.365652540347488, 46.159651957388512 ], [ 7.365160508980666, 46.159732594038708 ], [ 7.36384026457099, 46.16016350277043 ], [ 7.36298198234007, 46.159746102960533 ], [ 7.362429680636764, 46.159477507599163 ], [ 7.362174273865804, 46.159353014095835 ], [ 7.361782881045423, 46.159162236603109 ], [ 7.360773535278775, 46.158909687223719 ], [ 7.358871602836942, 46.15826072486616 ], [ 7.357862301309368, 46.157990158330712 ], [ 7.357383760519301, 46.157719961690617 ], [ 7.356996206635926, 46.157197944787512 ], [ 7.356957809028903, 46.156910076528227 ], [ 7.357023390877504, 46.156343412838808 ], [ 7.356959445916605, 46.15583061875396 ], [ 7.356418936966585, 46.153779321280382 ], [ 7.356418925473498, 46.153779277662714 ], [ 7.356225138712289, 46.153536263393164 ], [ 7.355837280033905, 46.153239149504245 ], [ 7.355540059176652, 46.152924092720205 ], [ 7.354699586365029, 46.152383765603922 ], [ 7.354544588764349, 46.152158768767279 ], [ 7.354312930043773, 46.151304033327392 ], [ 7.35402904013548, 46.150746120441518 ], [ 7.35402952148466, 46.150431285087016 ], [ 7.354379167807722, 46.15031459838815 ], [ 7.354871353833873, 46.150090070976134 ], [ 7.354963116347792, 46.149325526015538 ], [ 7.354743733515436, 46.148902587805871 ], [ 7.354615064674307, 46.148407762041742 ], [ 7.3537098485871, 46.147912356681296 ], [ 7.353024913561356, 46.147255202189825 ], [ 7.352934904969339, 46.146877328511543 ], [ 7.352935650052181, 46.146400573346618 ], [ 7.353195292579536, 46.145888025526418 ], [ 7.353584163332797, 46.145501513568185 ], [ 7.354038022471321, 46.144917147270618 ], [ 7.354258694688498, 46.144494523102381 ], [ 7.354362777837284, 46.144134788405211 ], [ 7.354324586290541, 46.143729977375315 ], [ 7.354131424427403, 46.143145300752806 ], [ 7.354131367631214, 46.143145128837901 ], [ 7.35384711172123, 46.142848077695405 ], [ 7.353032700133143, 46.142262789411632 ], [ 7.352451629674673, 46.141452777806848 ], [ 7.351288536697099, 46.140444442853223 ], [ 7.351030191666662, 46.140147404924733 ], [ 7.350616955137299, 46.139814539799367 ], [ 7.350616621243217, 46.139814270845179 ], [ 7.350513818764878, 46.13936442086252 ], [ 7.350514674886652, 46.138824697141075 ], [ 7.35045038510394, 46.138572779772559 ], [ 7.350490870962192, 46.137538349819522 ], [ 7.350426612235553, 46.137268441373102 ], [ 7.350000820611069, 46.136755862471368 ], [ 7.35000042315442, 46.136755384002839 ], [ 7.350494045859914, 46.135514602344564 ], [ 7.350494127346741, 46.135514397517355 ], [ 7.348361488931565, 46.134055520922324 ], [ 7.347263187176615, 46.133128157167747 ], [ 7.34610002847513, 46.132317653197887 ], [ 7.345195169975328, 46.131822171084046 ], [ 7.344226296123702, 46.130948787422042 ], [ 7.344641314011003, 46.130382399830069 ], [ 7.345263443328799, 46.129753215300653 ], [ 7.345846311105581, 46.129375861176236 ], [ 7.346493599643109, 46.129151499603779 ], [ 7.347490284404697, 46.128882433455615 ], [ 7.347491424166681, 46.128207750142252 ], [ 7.347792629103167, 46.126049018972722 ], [ 7.348117269033917, 46.125329620935339 ], [ 7.348985882564916, 46.124223833867333 ], [ 7.349413989453167, 46.123504515302614 ], [ 7.350126983832451, 46.122605501629891 ], [ 7.350580421599637, 46.122201051918893 ], [ 7.351098315137993, 46.121931566187122 ], [ 7.352392451080282, 46.121617712286948 ], [ 7.352845362944289, 46.121528097165879 ], [ 7.35304019173175, 46.121033473941701 ], [ 7.353817561215452, 46.120269428712504 ], [ 7.354012094311251, 46.119954723502829 ], [ 7.354077366118488, 46.119576942216121 ], [ 7.354104506900127, 46.118767354949831 ], [ 7.353887825709037, 46.116716170952451 ], [ 7.354923777985034, 46.115979292284685 ], [ 7.355662106382821, 46.115305151789634 ], [ 7.355921381986044, 46.114918527285248 ], [ 7.356245298447628, 46.11455893661828 ], [ 7.356543889633747, 46.113839486837605 ], [ 7.35689345960467, 46.113614846316374 ], [ 7.357540474956553, 46.11341740818493 ], [ 7.35741167631377, 46.113210790016844 ], [ 7.357411443682678, 46.113210416831159 ], [ 7.357127325329055, 46.112922352165818 ], [ 7.357025418055191, 46.111887763767932 ], [ 7.356961157225713, 46.111617850574248 ], [ 7.357155614115283, 46.111321131207525 ], [ 7.35735181875789, 46.109863970626968 ], [ 7.357651585961229, 46.108334920923447 ], [ 7.357420728242245, 46.107048364518214 ], [ 7.357912511214185, 46.106823824559804 ], [ 7.358495086476387, 46.106419419155316 ], [ 7.359855052641315, 46.105026036735367 ], [ 7.360205036892662, 46.104468551775305 ], [ 7.360373808507786, 46.104018884936828 ], [ 7.360180547676228, 46.103523985762465 ], [ 7.359213189324264, 46.101859257337473 ], [ 7.359213103129421, 46.101859109004643 ], [ 7.359045298311291, 46.101652092045583 ], [ 7.359045630398171, 46.101427195050029 ], [ 7.359175674403658, 46.100932524793947 ], [ 7.356526337158634, 46.099896153800195 ], [ 7.356593524796226, 46.098231994640841 ], [ 7.357020850770529, 46.097827482780083 ], [ 7.357565073110952, 46.097063242383854 ], [ 7.357928135023953, 46.09638883256374 ], [ 7.358058338497927, 46.095786208622663 ], [ 7.358278552854681, 46.095516492953791 ], [ 7.358666895010775, 46.095219911125248 ], [ 7.359223944732868, 46.094500658746327 ], [ 7.359314916754073, 46.094185880235202 ], [ 7.359548180621404, 46.093808234136226 ], [ 7.359872013496757, 46.093403674090865 ], [ 7.360739516185346, 46.092549709672724 ], [ 7.361257581633112, 46.091920393371318 ], [ 7.361297234155023, 46.091308725447256 ], [ 7.362138351139106, 46.090796570906249 ], [ 7.362397144194961, 46.090571928288306 ], [ 7.3623972223001, 46.090571860489952 ], [ 7.361622581684995, 46.089806725993853 ], [ 7.361300048143177, 46.089329748826913 ], [ 7.361106908591274, 46.088771892265655 ], [ 7.361134097846922, 46.087845381717962 ], [ 7.361264167974879, 46.087287759038212 ], [ 7.361458733695489, 46.086838118190919 ], [ 7.361692683395091, 46.085956737412047 ], [ 7.363659661414424, 46.084563783837901 ], [ 7.364047921224173, 46.084249210721715 ], [ 7.364436090377762, 46.084006591346281 ], [ 7.364953174426646, 46.08380015503171 ], [ 7.364953466684892, 46.083800038352969 ], [ 7.364178711952687, 46.08330490495468 ], [ 7.364178513429937, 46.083304778081953 ], [ 7.364049578008466, 46.083061812823374 ], [ 7.36411474855574, 46.082675067357307 ], [ 7.364050325173277, 46.082522100445267 ], [ 7.363249896922863, 46.081774942355572 ], [ 7.362733230214467, 46.081486743699848 ], [ 7.362177929353884, 46.081099556500384 ], [ 7.361183766929099, 46.080271308905161 ], [ 7.360563948853235, 46.079821100275723 ], [ 7.36030574878543, 46.079596040077817 ], [ 7.35989250175041, 46.079325883175557 ], [ 7.359724724154041, 46.079145863132943 ], [ 7.359311390771062, 46.078938672627622 ], [ 7.357400287982691, 46.077632972608328 ], [ 7.35675457042251, 46.07725469726801 ], [ 7.356341564535726, 46.076849603882785 ], [ 7.355657792557589, 46.076012523124959 ], [ 7.355438614960663, 46.075652557231201 ], [ 7.35511607892772, 46.07527450446355 ], [ 7.354368211823455, 46.074122534081013 ], [ 7.353788242022129, 46.073069646404122 ], [ 7.352536620069225, 46.071782346656768 ], [ 7.352240005979628, 46.071377319261316 ], [ 7.351699603012727, 46.069874676428157 ], [ 7.351533389325206, 46.068768117499893 ], [ 7.351767578002285, 46.067805790363366 ], [ 7.351923425670527, 46.06732916805737 ], [ 7.351988620087201, 46.066969398646854 ], [ 7.35357914550004, 46.066385916614422 ], [ 7.354160969131143, 46.066206449308737 ], [ 7.354574929104855, 46.065936906419175 ], [ 7.355093214829671, 46.065064741734318 ], [ 7.356169164578047, 46.062879664162523 ], [ 7.356713378813363, 46.061890570035899 ], [ 7.354172771030318, 46.060498363923259 ], [ 7.353491039444086, 46.059305095964149 ], [ 7.353158359555396, 46.059070373557212 ], [ 7.353053746938034, 46.058932212366273 ], [ 7.352833857436473, 46.058261123150388 ], [ 7.352854400125447, 46.058042872270804 ], [ 7.352991508950104, 46.057699511776356 ], [ 7.353164890957319, 46.057466895516576 ], [ 7.35352500746853, 46.057134904686741 ], [ 7.354556942631453, 46.056296462889144 ], [ 7.354588310721117, 46.056224072844138 ], [ 7.354458809884586, 46.055881804455538 ], [ 7.354494461295917, 46.055523298029179 ], [ 7.354455535295045, 46.055338609134132 ], [ 7.353984325175886, 46.054224636990895 ], [ 7.353564378630142, 46.053600398698983 ], [ 7.35355362378482, 46.053243026603383 ], [ 7.353025371557406, 46.052775486547418 ], [ 7.353024811415711, 46.052774990782957 ], [ 7.353519270012434, 46.052283784198579 ], [ 7.353881676332765, 46.051696286280787 ], [ 7.354592564637974, 46.051085356672303 ], [ 7.354478632059185, 46.050953419586421 ], [ 7.354478239226602, 46.050952964675396 ], [ 7.354393896604734, 46.050715437986163 ], [ 7.354563500733844, 46.04997046986265 ], [ 7.354709335230056, 46.049769998485488 ], [ 7.355043912456471, 46.04948135108495 ], [ 7.355186799717568, 46.049338474994428 ], [ 7.35528975267862, 46.049187625822945 ], [ 7.355579145174432, 46.048454143184337 ], [ 7.355605486398481, 46.048009318039028 ], [ 7.355802552451832, 46.047603696454438 ], [ 7.355625113154591, 46.047276470441069 ], [ 7.35556150909783, 46.047095406844107 ], [ 7.355530278626158, 46.04667148928651 ], [ 7.355544562324759, 46.0462713537962 ], [ 7.355626933593554, 46.046109469535565 ], [ 7.356116858762158, 46.04568961871918 ], [ 7.357452209580103, 46.044966941001135 ], [ 7.357890146923295, 46.044698753418743 ], [ 7.358103428254259, 46.044522587501767 ], [ 7.358357129416921, 46.044250279647009 ], [ 7.359970597498606, 46.042093631958409 ], [ 7.360221432179098, 46.041806340482019 ], [ 7.36086266785239, 46.041300857875243 ], [ 7.361227631684782, 46.040670520371094 ], [ 7.361446351242349, 46.040186868545966 ], [ 7.361755653559104, 46.039893011599084 ], [ 7.36212845629314, 46.039668750551854 ], [ 7.36232387910386, 46.039592998973504 ], [ 7.362850803244832, 46.039596516739721 ], [ 7.363488621385632, 46.039542302104877 ], [ 7.364556465560106, 46.039271067496493 ], [ 7.364874458580441, 46.039255464906375 ], [ 7.365047392956928, 46.039015265356475 ], [ 7.365247226909748, 46.039034368936917 ], [ 7.366362428996022, 46.039294124493757 ], [ 7.366880177702356, 46.039376669684955 ], [ 7.367020987249197, 46.039364112883526 ], [ 7.36730729624397, 46.039259940515805 ], [ 7.367761871885754, 46.039007260616209 ], [ 7.368026952754574, 46.038816482423066 ], [ 7.368249800153843, 46.038601595969794 ], [ 7.368390851710117, 46.038421451889704 ], [ 7.368504718512403, 46.03818752451815 ], [ 7.368568864179049, 46.037997004838296 ], [ 7.368614705784806, 46.037668168154504 ], [ 7.368597025251935, 46.037328820696459 ], [ 7.368479449918024, 46.03692083769738 ], [ 7.368321114985918, 46.036595501320498 ], [ 7.368320889641073, 46.03659503829649 ], [ 7.367018079948619, 46.035719971952624 ], [ 7.366833295708334, 46.035574901813867 ], [ 7.366832891564823, 46.035574584529478 ], [ 7.366551134230853, 46.034491050282554 ], [ 7.366543053570662, 46.03367652301592 ], [ 7.366225917566325, 46.033078675661933 ], [ 7.366212763504724, 46.032727681793446 ], [ 7.366139923821368, 46.032505266253956 ], [ 7.366145014070526, 46.032091037146152 ], [ 7.36620900682461, 46.031697913855048 ], [ 7.365978144351008, 46.031128583782142 ], [ 7.366005543711234, 46.031017930432419 ], [ 7.366096407305091, 46.0309832043054 ], [ 7.366305300181698, 46.031014959554057 ], [ 7.366382521523969, 46.030992880940303 ], [ 7.366836569576518, 46.031097522722774 ], [ 7.367123608613027, 46.030770866469759 ], [ 7.367528205967501, 46.03047389789122 ], [ 7.367837325002721, 46.030252743834531 ], [ 7.367911013874646, 46.029644085428664 ], [ 7.368483912385736, 46.029138507651894 ], [ 7.36858965364094, 46.028940943972593 ], [ 7.368626269128864, 46.028719624594672 ], [ 7.368640611849218, 46.028156787278441 ], [ 7.368708906142042, 46.028024012237239 ], [ 7.369222399534728, 46.027780845098334 ], [ 7.369417900678696, 46.027613381599309 ], [ 7.369528022638762, 46.027428773275219 ], [ 7.36954631345661, 46.02732442825986 ], [ 7.370000602947408, 46.027220362601348 ], [ 7.370364052803673, 46.027097258855463 ], [ 7.37051393415514, 46.027084703298861 ], [ 7.370900292214348, 46.026806673987984 ], [ 7.372077326830022, 46.026153928495383 ], [ 7.372249542568279, 46.025986868934588 ], [ 7.37227854163736, 46.025728851393964 ], [ 7.372311801516041, 46.024915438502582 ], [ 7.37228712207532, 46.024539764224357 ], [ 7.372032359873606, 46.023503136469245 ], [ 7.371858499968863, 46.023335689419028 ], [ 7.371762605798236, 46.023192001144359 ], [ 7.371677045128092, 46.023015008831337 ], [ 7.371474106788396, 46.022745049363067 ], [ 7.370798993094006, 46.021548890230186 ], [ 7.37034504566015, 46.020834209466834 ], [ 7.370344731924248, 46.020833715530756 ], [ 7.370148218973009, 46.020654442712456 ], [ 7.370147723626754, 46.020653990823057 ], [ 7.370132749172536, 46.020488456140562 ], [ 7.369941257381997, 46.020266935230268 ], [ 7.369940858302153, 46.020266473568022 ], [ 7.369875818770966, 46.020145444383665 ], [ 7.369879174779095, 46.019964223952222 ], [ 7.369973390217215, 46.01984637878828 ], [ 7.370171125550519, 46.019684924488949 ], [ 7.370288464589762, 46.019506670832008 ], [ 7.370402766848683, 46.019115645626954 ], [ 7.370514733988792, 46.018977094393598 ], [ 7.370893704595462, 46.018624119692895 ], [ 7.370827308822114, 46.018512525346566 ], [ 7.370827052508131, 46.018512094548193 ], [ 7.370499771622976, 46.018199113097282 ], [ 7.370219116416312, 46.017989544231355 ], [ 7.369962115465508, 46.017862648553724 ], [ 7.36980047626612, 46.017818610399772 ], [ 7.369799962370055, 46.017818470390203 ], [ 7.369780100155768, 46.017094125953484 ], [ 7.369723695729432, 46.016675532406552 ], [ 7.36964078990473, 46.016525580645272 ], [ 7.369152547350192, 46.016240544857396 ], [ 7.369151726656619, 46.016240065736852 ], [ 7.369313540526176, 46.016112305492356 ], [ 7.370065793218633, 46.015754726600484 ], [ 7.371044572617533, 46.015491103472094 ], [ 7.37142918794288, 46.015310546418483 ], [ 7.372659321578102, 46.014590380033574 ], [ 7.372899147058988, 46.014406259538511 ], [ 7.373059231810311, 46.014128232875926 ], [ 7.373274119038091, 46.013947569093062 ], [ 7.373499190005046, 46.013565268831321 ], [ 7.374122598548623, 46.013217239338388 ], [ 7.374991628780074, 46.012699279658058 ], [ 7.375762168709075, 46.012186987593033 ], [ 7.377015418017907, 46.011676740803942 ], [ 7.378441192332237, 46.011023681256951 ], [ 7.379751364974469, 46.011076118302803 ], [ 7.380540039158461, 46.011078639794249 ], [ 7.38139441163964, 46.011167123269765 ], [ 7.381687025784424, 46.011185211117187 ], [ 7.382028847292992, 46.011147884429398 ], [ 7.382422366112348, 46.01105567475544 ], [ 7.382924137699537, 46.010922948788796 ], [ 7.384343425493674, 46.01045431691 ], [ 7.385202020665583, 46.010278595227568 ], [ 7.386000422910655, 46.010196723839933 ], [ 7.386557845031078, 46.0101838275313 ], [ 7.38680818378075, 46.01020698255018 ], [ 7.387515330679734, 46.010360675337267 ], [ 7.388097458729886, 46.009380304507026 ], [ 7.388374617668253, 46.008731823314022 ], [ 7.388548704263828, 46.008177225230462 ], [ 7.388683237931532, 46.007922571135985 ], [ 7.388859523531684, 46.007704691103321 ], [ 7.389055966139078, 46.00753497246783 ], [ 7.389315030810188, 46.00735042100974 ], [ 7.389846213737877, 46.007114652560205 ], [ 7.391038468468575, 46.006644198745228 ], [ 7.39150530067807, 46.006435569942504 ], [ 7.392148565527396, 46.005977723006175 ], [ 7.393050412850573, 46.005195864866629 ], [ 7.393354976498205, 46.004925938235836 ], [ 7.393643553422951, 46.00458270041257 ], [ 7.394273825776398, 46.003633397218522 ], [ 7.394500238525214, 46.003178687699133 ], [ 7.394809291304441, 46.002464456256554 ], [ 7.395060521827185, 46.002082690562396 ], [ 7.395975798933162, 46.000513803842097 ], [ 7.396214180533015, 46.000134243559287 ], [ 7.396490298225908, 45.999806133152035 ], [ 7.396951127469473, 45.999364848673004 ], [ 7.397650544728237, 45.998832006002566 ], [ 7.397489016340997, 45.998205395655084 ], [ 7.397496041811356, 45.997261543359798 ], [ 7.397626661873001, 45.997038955162374 ], [ 7.397757746196317, 45.9969335325099 ], [ 7.397927431835097, 45.996763203962637 ], [ 7.398191684326858, 45.996608822912009 ], [ 7.398328772345658, 45.996429396382908 ], [ 7.398553894459433, 45.996268181596193 ], [ 7.399024135589582, 45.996003580530065 ], [ 7.399674053116764, 45.995141735724303 ], [ 7.399997793238648, 45.994520616628371 ], [ 7.400326385043921, 45.994411734122764 ], [ 7.400628889606562, 45.994342817323123 ], [ 7.401974438399892, 45.994125270872026 ], [ 7.402274543683443, 45.994011335715733 ], [ 7.402566689921882, 45.993851574422663 ], [ 7.402942313180445, 45.993571966494727 ], [ 7.403166626528887, 45.99346303270471 ], [ 7.403453449696893, 45.99340136255347 ], [ 7.40398015264019, 45.993361554760881 ], [ 7.404649383251486, 45.993186884393261 ], [ 7.405285639457404, 45.993067189058557 ], [ 7.40694409554846, 45.992668015467281 ], [ 7.407324788582133, 45.99260272848867 ], [ 7.407619761480232, 45.992492564699369 ], [ 7.407927510604925, 45.992336428100607 ], [ 7.408188326513603, 45.992169384114746 ], [ 7.408475262267936, 45.991933315840541 ], [ 7.408757010396037, 45.991646394269928 ], [ 7.409367184996706, 45.991453994670508 ], [ 7.409702297218427, 45.991318586045217 ], [ 7.410103916100241, 45.991122510719229 ], [ 7.410484675808634, 45.990904623658288 ], [ 7.411006289637516, 45.99057051428813 ], [ 7.411418350457875, 45.990276341821442 ], [ 7.412531704561826, 45.98941620256614 ], [ 7.412880293059329, 45.989733941269229 ], [ 7.413533750379259, 45.990361354448005 ], [ 7.414089831248778, 45.990701077119923 ], [ 7.415204227683108, 45.991190882146412 ], [ 7.416109902711209, 45.992149951237771 ], [ 7.416524066692148, 45.992523706927138 ], [ 7.417141343257399, 45.993033719562632 ], [ 7.417353137230642, 45.993137236009481 ], [ 7.417584726924203, 45.993151179452333 ], [ 7.418737407768226, 45.993095465279133 ], [ 7.420144864433203, 45.992627909916521 ], [ 7.420804479209348, 45.992204517166918 ], [ 7.421997333562962, 45.991921039058127 ], [ 7.4226257898994, 45.9919799745768 ], [ 7.4245067058275, 45.99204815767456 ], [ 7.42544144528419, 45.992044276006432 ], [ 7.426192611310612, 45.992216171515977 ], [ 7.42668911420636, 45.992280294902784 ], [ 7.426993050237169, 45.99224437457454 ], [ 7.427365813806863, 45.992140527447503 ], [ 7.429573726306824, 45.991457542666325 ], [ 7.43143521307438, 45.991072769405505 ], [ 7.431595781385675, 45.990984877600191 ] ] ] } },
{ "type": "Feature", "properties": { "geo_point_2d": { "lon": 7.430492084173743, "lat": 46.15221321073717 }, "year": "2023", "kan_code": [ "23" ], "kan_name": [ "Valais" ], "bez_code": [ "2305" ], "bez_name": [ "Hérens" ], "gem_code": [ "6083", "6084", "6087", "6089" ], "gem_name": [ "Evolène", "Hérémence", "Saint-Martin (VS)", "Vex" ], "plz_code": [ "1982" ], "plz_area_code": "CHE", "plz_type": "PLZ4/NPA4" }, "geometry": { "type": "Polygon", "coordinates": [ [ [ 7.427005637910876, 46.115201107680797 ], [ 7.428103792439122, 46.115591505014457 ], [ 7.428717908620345, 46.115739443411996 ], [ 7.429752723514285, 46.11573952929222 ], [ 7.431007430645885, 46.115577675973519 ], [ 7.431266081150126, 46.115964512330621 ], [ 7.431369512524036, 46.116369318995936 ], [ 7.431977614174452, 46.117384885633641 ], [ 7.432533461249883, 46.118438397990559 ], [ 7.43253371718587, 46.11843865726037 ], [ 7.433691372751924, 46.119611392442984 ], [ 7.434434894913903, 46.120030710788761 ], [ 7.435340399981325, 46.120282614474831 ], [ 7.436763376072801, 46.120597475742777 ], [ 7.439130677321032, 46.120912317699975 ], [ 7.441459224848244, 46.121272097300711 ], [ 7.44252001635604, 46.121496945021661 ], [ 7.443312654669363, 46.121826509058003 ], [ 7.444499369698349, 46.122144536699352 ], [ 7.445269402813183, 46.122591029999178 ], [ 7.445641359419972, 46.122883365632092 ], [ 7.446061847983469, 46.123198186111303 ], [ 7.446062190419425, 46.123198645583727 ], [ 7.449701105824872, 46.128081255749393 ], [ 7.450154085405928, 46.128755888925845 ], [ 7.450089612488732, 46.129745422837665 ], [ 7.45017119262666, 46.131766210505887 ], [ 7.450219656122488, 46.132669016967441 ], [ 7.450284417720463, 46.133010841611686 ], [ 7.450776285044483, 46.13373044657429 ], [ 7.451061025278144, 46.134045262082083 ], [ 7.451449335994333, 46.134602945809384 ], [ 7.451708245914421, 46.135097682382572 ], [ 7.452006080455901, 46.135979213695521 ], [ 7.451902819452143, 46.137283570691125 ], [ 7.452307621514554, 46.13800666896433 ], [ 7.452679734609036, 46.138355185906633 ], [ 7.453229797534555, 46.138714942646899 ], [ 7.45376367587635, 46.138962254366191 ], [ 7.456406790507544, 46.139729733003215 ], [ 7.456820952522512, 46.139891590339538 ], [ 7.456821132658126, 46.139891840634647 ], [ 7.457338810968115, 46.140611145084797 ], [ 7.457662408763682, 46.140808995783146 ], [ 7.457816047641344, 46.140941484511124 ], [ 7.45798470944881, 46.141412212345863 ], [ 7.458259021647335, 46.141835264048289 ], [ 7.458441968691569, 46.14235645391507 ], [ 7.458583754119362, 46.143066467120086 ], [ 7.45889037654761, 46.143403514392112 ], [ 7.459694432635391, 46.143802641454542 ], [ 7.460229563228218, 46.144174285981521 ], [ 7.460435347675705, 46.144511905232129 ], [ 7.460409042437513, 46.144897828386704 ], [ 7.460409205702182, 46.144897987797023 ], [ 7.460757800643928, 46.145238353111473 ], [ 7.461176053851815, 46.144906868527521 ], [ 7.461416792831923, 46.144541440712857 ], [ 7.462038049959789, 46.144613292099706 ], [ 7.462555820387963, 46.144793098864405 ], [ 7.462618015527326, 46.144849102049513 ], [ 7.46290539565081, 46.145107871503477 ], [ 7.463358465867059, 46.145350665840361 ], [ 7.464717538356453, 46.145755215981474 ], [ 7.465558848931791, 46.145979950140145 ], [ 7.465558663161688, 46.145980094986086 ], [ 7.459971446158433, 46.150336477902684 ], [ 7.459776497752368, 46.150616274853512 ], [ 7.458608752448996, 46.153611054663322 ], [ 7.458297516900243, 46.154098971974193 ], [ 7.45815001961232, 46.154514321391453 ], [ 7.457500631522667, 46.155506492914014 ], [ 7.456592138643553, 46.156138086076197 ], [ 7.455928425065624, 46.156915463772457 ], [ 7.455926134720567, 46.156918315697673 ], [ 7.45558733502648, 46.157271844919684 ], [ 7.455020165961002, 46.157925118787546 ], [ 7.452287969336643, 46.158263935896294 ], [ 7.450057306294982, 46.159001144774635 ], [ 7.448173967084151, 46.159308196744966 ], [ 7.447445203364507, 46.159485309636175 ], [ 7.447400052512347, 46.159500479298302 ], [ 7.445582082864923, 46.161937471116879 ], [ 7.445130382991673, 46.163012302382029 ], [ 7.444948658458963, 46.163140480005751 ], [ 7.443111628393953, 46.164508328390639 ], [ 7.443068882448417, 46.164558345072102 ], [ 7.441287571414171, 46.165941436609181 ], [ 7.436494848573887, 46.170377086453492 ], [ 7.433282224102417, 46.169419346317653 ], [ 7.433282108355707, 46.169419311811517 ], [ 7.432969808815902, 46.169872697643065 ], [ 7.432766865412656, 46.170294128012202 ], [ 7.432547615194693, 46.170532146343803 ], [ 7.43204778999495, 46.170613982804888 ], [ 7.431829564937158, 46.170713755898582 ], [ 7.431527561788401, 46.17075363912209 ], [ 7.430660482122845, 46.171044229838898 ], [ 7.43036979996777, 46.171195224138494 ], [ 7.430251165059178, 46.171375935404647 ], [ 7.430196215783511, 46.171663114430849 ], [ 7.429689019313845, 46.172117185537189 ], [ 7.429355443196802, 46.172341532348305 ], [ 7.429258570364438, 46.172444540812101 ], [ 7.429198511267161, 46.17246943504707 ], [ 7.429033669584208, 46.172517824940371 ], [ 7.428647059422354, 46.172897149389847 ], [ 7.428297933808738, 46.17313230425642 ], [ 7.428174139878488, 46.173348176533601 ], [ 7.427995377053476, 46.173569323452888 ], [ 7.427931813921127, 46.173804497133453 ], [ 7.427217125281793, 46.174435262603232 ], [ 7.426271775564508, 46.175109877025484 ], [ 7.425922055959611, 46.175757534471771 ], [ 7.425339285807255, 46.176234263816809 ], [ 7.425080211641639, 46.176522089180274 ], [ 7.424328992938552, 46.176998746598343 ], [ 7.423655513646452, 46.177241525111107 ], [ 7.422683992548671, 46.177826105194136 ], [ 7.422450699084555, 46.178257857589294 ], [ 7.42219153821143, 46.178617631944007 ], [ 7.421841768655941, 46.178842475889631 ], [ 7.421284771842299, 46.179067276371747 ], [ 7.420507525964195, 46.179489939761233 ], [ 7.420183640910029, 46.179759751829515 ], [ 7.419162002614418, 46.180124693093163 ], [ 7.41892999140216, 46.180251335582305 ], [ 7.418558362497832, 46.180714422185844 ], [ 7.418494053698249, 46.18094249300993 ], [ 7.41795239708083, 46.181517621636154 ], [ 7.417751835405784, 46.181899139389238 ], [ 7.417749178660163, 46.182130037323056 ], [ 7.417819793419005, 46.182369621140374 ], [ 7.417980375692226, 46.182712113566566 ], [ 7.417994305757116, 46.182855379781927 ], [ 7.417926654703899, 46.182975745634039 ], [ 7.417741668104274, 46.18309716828243 ], [ 7.417657934653094, 46.183144549749784 ], [ 7.41734749317655, 46.183198336571252 ], [ 7.417158309935872, 46.183316105234908 ], [ 7.416978415774574, 46.183455275919549 ], [ 7.416925002229243, 46.18362019012222 ], [ 7.416963740128036, 46.183741368310415 ], [ 7.417249776617166, 46.184088096792784 ], [ 7.41731672820357, 46.184181707018503 ], [ 7.41736630892312, 46.184251029682805 ], [ 7.417468046652045, 46.184553975719808 ], [ 7.417497070241247, 46.18474583907642 ], [ 7.417380576572305, 46.18496123332968 ], [ 7.417360999184384, 46.185330021179645 ], [ 7.416453414388033, 46.185977331648992 ], [ 7.41612342059877, 46.186401351122647 ], [ 7.416105671062049, 46.18650491352868 ], [ 7.416033391601641, 46.186615885926685 ], [ 7.415981727430769, 46.186794878159347 ], [ 7.416089972673896, 46.187017694227272 ], [ 7.416040859616262, 46.187227128060641 ], [ 7.41586691985449, 46.187367764528652 ], [ 7.415779178790519, 46.187408918833 ], [ 7.415688867232972, 46.187433961443574 ], [ 7.415552157620638, 46.187439302795738 ], [ 7.415069761731816, 46.187387285626606 ], [ 7.414884009037021, 46.187408726595002 ], [ 7.414827235152166, 46.187449886928462 ], [ 7.414819477646111, 46.18750536995902 ], [ 7.414886463107855, 46.187680816411408 ], [ 7.414927765757077, 46.187826400893961 ], [ 7.414909612598647, 46.188014359557535 ], [ 7.414769948319239, 46.188389498590524 ], [ 7.414669251092009, 46.188575648934311 ], [ 7.414488188195981, 46.188739829814843 ], [ 7.414472891876798, 46.188753699929634 ], [ 7.414442188606577, 46.188708466158459 ], [ 7.414376593088702, 46.188611827180772 ], [ 7.414179504984143, 46.188489686015657 ], [ 7.414026784003314, 46.188383989480059 ], [ 7.413607864114928, 46.188077810312166 ], [ 7.412639447523541, 46.187878160405134 ], [ 7.406435244624085, 46.187346004279298 ], [ 7.409849123954552, 46.184763019911486 ], [ 7.409232756231618, 46.18391065987089 ], [ 7.40876438105101, 46.183224233424717 ], [ 7.408420497713196, 46.182383520369584 ], [ 7.408403104188355, 46.182226434808761 ], [ 7.409251171795067, 46.180423340681898 ], [ 7.408793703987313, 46.179462741283295 ], [ 7.408719890978566, 46.179253502045135 ], [ 7.409171413312851, 46.178169612845991 ], [ 7.408950310470148, 46.177800761511115 ], [ 7.408533162918692, 46.176668113794094 ], [ 7.408288444328115, 46.176468794268352 ], [ 7.406471873121556, 46.175158070845065 ], [ 7.40577557706245, 46.173661603904598 ], [ 7.403253215730416, 46.17299523792795 ], [ 7.40237009180052, 46.169696679156935 ], [ 7.402009311970813, 46.167996477933492 ], [ 7.401739470316993, 46.163645357503086 ], [ 7.396699955377573, 46.159314951870087 ], [ 7.396362423438194, 46.154514673688887 ], [ 7.401760196369787, 46.154078672177398 ], [ 7.413848729071116, 46.155955195074959 ], [ 7.41887310575836, 46.152709776010042 ], [ 7.419352426824676, 46.151405461888587 ], [ 7.419935609482915, 46.149156648415754 ], [ 7.420259540022211, 46.148212179845281 ], [ 7.420648465162247, 46.146458121297499 ], [ 7.421011315651062, 46.145153835072456 ], [ 7.421426754416037, 46.141483752749522 ], [ 7.421362184806132, 46.141078951480658 ], [ 7.421012888342134, 46.140764050217761 ], [ 7.420560506735858, 46.140224702166563 ], [ 7.420560135599961, 46.140224259683002 ], [ 7.42140160711157, 46.139396807655977 ], [ 7.42191937901518, 46.138965112431293 ], [ 7.423472612937901, 46.137867887684941 ], [ 7.425543574748038, 46.136159018877009 ], [ 7.426022446374074, 46.135799255471376 ], [ 7.426410702328003, 46.135574412732254 ], [ 7.426578983290658, 46.13534954353176 ], [ 7.426734459222184, 46.134602939830046 ], [ 7.426838594859299, 46.132111212059371 ], [ 7.427097525391452, 46.131544530587099 ], [ 7.427188187651038, 46.1311397410174 ], [ 7.427511859563951, 46.130312194914545 ], [ 7.427964895704697, 46.12945766569463 ], [ 7.428197938889848, 46.128890988136831 ], [ 7.42796517010175, 46.128351231778588 ], [ 7.427680883788661, 46.126821977787159 ], [ 7.427486941049093, 46.126282224611444 ], [ 7.427487054712111, 46.125769487710279 ], [ 7.42738363721638, 46.12540965490043 ], [ 7.427319202933527, 46.124348192012924 ], [ 7.427384013887445, 46.123898421988493 ], [ 7.42735837035512, 46.122755985579509 ], [ 7.427272423586025, 46.122396316560071 ], [ 7.426763490348443, 46.121793378831171 ], [ 7.426194417098703, 46.121235589317649 ], [ 7.426078021386216, 46.121010686973975 ], [ 7.42570295190007, 46.120704793143268 ], [ 7.425573752701727, 46.119976129570304 ], [ 7.42545743572508, 46.119517333635422 ], [ 7.425677586798571, 46.11841088288854 ], [ 7.42558717305759, 46.117835148355063 ], [ 7.425807149118651, 46.117538322720556 ], [ 7.426272876590046, 46.117304485679128 ], [ 7.426208297725663, 46.116854692241319 ], [ 7.426686963339266, 46.116575868360904 ], [ 7.426777546223849, 46.11630600361174 ], [ 7.427152706218799, 46.116108134786543 ], [ 7.427152777929787, 46.115793291058573 ], [ 7.427147212173332, 46.11577089097679 ], [ 7.427006101717677, 46.115202974329179 ], [ 7.42700593797387, 46.115202315321781 ], [ 7.427005637910876, 46.115201107680797 ] ] ] } },
{ "type": "Feature", "properties": { "geo_point_2d": { "lon": 7.783547737848201, "lat": 46.1371162862626 }, "year": "2023", "kan_code": [ "23" ], "kan_name": [ "Valais" ], "bez_code": [ "2306", "2313" ], "bez_name": [ "Leuk", "Visp" ], "gem_code": [ "6119", "6287", "6292" ], "gem_name": [ "Randa", "St. Niklaus", "Turtmann-Unterems" ], "plz_code": [ "3927" ], "plz_area_code": "CHE", "plz_type": "PLZ4/NPA4" }, "geometry": { "type": "Polygon", "coordinates": [ [ [ 7.745799451356311, 46.1259030361309 ], [ 7.746547560591305, 46.125998199300881 ], [ 7.747000274151315, 46.125978992540439 ], [ 7.74777523427755, 46.125751986433265 ], [ 7.748227524829225, 46.125660792999547 ], [ 7.748654475667488, 46.125659632345133 ], [ 7.750165811910651, 46.125250685360946 ], [ 7.751432726383674, 46.125085267013809 ], [ 7.752078698709195, 46.124930561886323 ], [ 7.753136539658712, 46.124405879106277 ], [ 7.75356143386877, 46.124044889978357 ], [ 7.754425142141462, 46.123502753326555 ], [ 7.756979660782892, 46.122281263212358 ], [ 7.757430910160776, 46.12201017736465 ], [ 7.758851789828902, 46.121646355659728 ], [ 7.759200262140352, 46.12151045197632 ], [ 7.759844545875719, 46.121085856528452 ], [ 7.760555338798351, 46.120966909963947 ], [ 7.761072513401462, 46.120920458178468 ], [ 7.761266274828161, 46.12087492735801 ], [ 7.761756127758501, 46.120585686753572 ], [ 7.762040292042972, 46.120512918346762 ], [ 7.762619969547085, 46.120106482988461 ], [ 7.762877338823756, 46.119880872768569 ], [ 7.763174207186126, 46.119772091589354 ], [ 7.763562278420065, 46.119770958958405 ], [ 7.763846436100646, 46.119698194998712 ], [ 7.7641688920741, 46.11954435050999 ], [ 7.764918193871053, 46.119380278399369 ], [ 7.765887275357851, 46.119197574096638 ], [ 7.767659894735651, 46.11926438502654 ], [ 7.767957684188799, 46.119308496050898 ], [ 7.768410455938636, 46.119307167225742 ], [ 7.769315377819774, 46.119214576738848 ], [ 7.769963939803652, 46.119500519620168 ], [ 7.770741360885861, 46.119705110753983 ], [ 7.771286163504459, 46.119946372739328 ], [ 7.771480090178457, 46.119927810706386 ], [ 7.771868723606355, 46.120016604032941 ], [ 7.772128274884748, 46.120150763981812 ], [ 7.773100259325485, 46.120435734381694 ], [ 7.774175783584893, 46.120729375798447 ], [ 7.774630661760383, 46.120778391258796 ], [ 7.77488753637813, 46.120772230134634 ], [ 7.775624982897415, 46.120788016524216 ], [ 7.775884384246661, 46.120904159081924 ], [ 7.776053482841813, 46.121056580090595 ], [ 7.776249885999651, 46.121442805520623 ], [ 7.776962776272361, 46.121665573864931 ], [ 7.7776753933545, 46.121843351423706 ], [ 7.777960840238221, 46.121977447354482 ], [ 7.778673309717172, 46.122128232199309 ], [ 7.778868193456798, 46.122262580223286 ], [ 7.77903749858996, 46.122441992061184 ], [ 7.779258425243449, 46.122603247876839 ], [ 7.779426710247135, 46.12262073195167 ], [ 7.780033764878143, 46.122465983674296 ], [ 7.78039610779087, 46.122482880091852 ], [ 7.780875766248481, 46.122643350271858 ], [ 7.78139351649061, 46.122686768778628 ], [ 7.781522316117923, 46.122596421915901 ], [ 7.781494568420348, 46.122299641391606 ], [ 7.781584558133638, 46.122209412157382 ], [ 7.782100483151494, 46.121964972879049 ], [ 7.782293791225356, 46.121847442235719 ], [ 7.78265562120119, 46.121783372295717 ], [ 7.78304353642211, 46.121755204230617 ], [ 7.784134772262534, 46.121363865901934 ], [ 7.784437891643764, 46.121217956517398 ], [ 7.784495373635536, 46.1211902900232 ], [ 7.784706326329998, 46.121084152672843 ], [ 7.785111155290814, 46.120990536475809 ], [ 7.78546189582377, 46.12097631827762 ], [ 7.785794175848888, 46.120990563877086 ], [ 7.786101015944744, 46.121021951405645 ], [ 7.786543451647389, 46.121081392015455 ], [ 7.786697710107208, 46.121110854591826 ], [ 7.787002527565389, 46.121206285780502 ], [ 7.787185633209519, 46.121215247703617 ], [ 7.787492879747073, 46.121218779729872 ], [ 7.787135383275526, 46.120366287255528 ], [ 7.787113505814902, 46.120307742464803 ], [ 7.787086965438062, 46.120236719559784 ], [ 7.787030656112673, 46.120109065250062 ], [ 7.786952203674204, 46.120007255876715 ], [ 7.786952027518381, 46.120007027275612 ], [ 7.786735234231597, 46.119844712318077 ], [ 7.78670544687871, 46.119827128864664 ], [ 7.786485563597318, 46.119697331918665 ], [ 7.786315608613949, 46.119595214687976 ], [ 7.786212935306465, 46.119540126377274 ], [ 7.786110534998276, 46.119485217047313 ], [ 7.786042873870334, 46.119425172307125 ], [ 7.785948618122593, 46.1192126434104 ], [ 7.785875642763208, 46.11898998296391 ], [ 7.78584564567974, 46.11893107279392 ], [ 7.785791454354543, 46.118853600027364 ], [ 7.785791339910597, 46.118853436416508 ], [ 7.785718694702947, 46.118782423135336 ], [ 7.785637382890139, 46.118733844519419 ], [ 7.785455161237031, 46.118679359528549 ], [ 7.785255181593898, 46.118641561613032 ], [ 7.785080290550162, 46.118600636934787 ], [ 7.784820830266109, 46.118484498419583 ], [ 7.78466500744723, 46.118290597358936 ], [ 7.784533402213133, 46.118082319638638 ], [ 7.784442065867541, 46.117918977670712 ], [ 7.784337992608779, 46.117705128170201 ], [ 7.784265318470015, 46.117485785198411 ], [ 7.784257989151347, 46.117451804147386 ], [ 7.784237911097027, 46.117308214405796 ], [ 7.784239440328086, 46.117163398163783 ], [ 7.784268313380303, 46.117047005448775 ], [ 7.784715587303871, 46.116662423273617 ], [ 7.785841184964751, 46.116642302410639 ], [ 7.786641140752107, 46.116636810756603 ], [ 7.790082678787058, 46.116507590779143 ], [ 7.790725997552312, 46.116294821045891 ], [ 7.791162305667488, 46.116259691456534 ], [ 7.791469858280248, 46.116314918468902 ], [ 7.791766439493928, 46.116375684247899 ], [ 7.792064206563167, 46.116419695681095 ], [ 7.793292651701672, 46.1163707975305 ], [ 7.793899863653213, 46.116260924984239 ], [ 7.794635198253185, 46.116185269846824 ], [ 7.795023973951974, 46.11630204927171 ], [ 7.79540476872981, 46.116424528797801 ], [ 7.795621512581758, 46.116480336965289 ], [ 7.795841099037855, 46.11643464703355 ], [ 7.796180185579169, 46.116326517842552 ], [ 7.79660861202218, 46.116330729988547 ], [ 7.79693978559068, 46.116314208084887 ], [ 7.797236592299696, 46.116205319170668 ], [ 7.797487319898273, 46.115934384565897 ], [ 7.797768308474376, 46.115641125043183 ], [ 7.798808592433884, 46.11523301118924 ], [ 7.799518995411134, 46.115073321420304 ], [ 7.799897968049464, 46.114931598881711 ], [ 7.800260626398192, 46.114750535398208 ], [ 7.800735361105581, 46.114422932691312 ], [ 7.800887643139135, 46.114214384712135 ], [ 7.80086066882417, 46.113815353009407 ], [ 7.801094421624725, 46.113702167151828 ], [ 7.801772921885749, 46.113615618949318 ], [ 7.802039326552788, 46.113569784440351 ], [ 7.803295090784468, 46.113037560802695 ], [ 7.803939390541312, 46.112675681620395 ], [ 7.804157885019281, 46.112468075575727 ], [ 7.804610272168048, 46.112421642247043 ], [ 7.805515841975043, 46.112445710775816 ], [ 7.806202576591446, 46.112623391811184 ], [ 7.807974983912263, 46.112680618271412 ], [ 7.809824902643511, 46.112719562027515 ], [ 7.810238362762485, 46.112655242690742 ], [ 7.811636794134524, 46.112875544231571 ], [ 7.812051912516965, 46.113054085954737 ], [ 7.813088958147438, 46.113383510816242 ], [ 7.814034709262367, 46.113605263862688 ], [ 7.814554441654834, 46.113945370335841 ], [ 7.81522861318161, 46.114168025547833 ], [ 7.815616953724701, 46.114211708878784 ], [ 7.816135707742919, 46.114407890152073 ], [ 7.816135904791512, 46.114408294756785 ], [ 7.816201311800466, 46.114542596574566 ], [ 7.81620155959038, 46.114542786199564 ], [ 7.81643538811386, 46.114721727029242 ], [ 7.816824667234147, 46.114900337687722 ], [ 7.817174735042157, 46.11501611788124 ], [ 7.817499795184587, 46.115257910820667 ], [ 7.817953754836185, 46.115436300739148 ], [ 7.818316562682297, 46.115525038724869 ], [ 7.818704915428714, 46.115568720418239 ], [ 7.819223756049701, 46.115773873938714 ], [ 7.819704248245023, 46.116042123914596 ], [ 7.820651154238734, 46.116416743792769 ], [ 7.822167287793662, 46.11679844786876 ], [ 7.822723946656152, 46.116859526696892 ], [ 7.82382647592093, 46.117287573858611 ], [ 7.824824740561728, 46.117599023276988 ], [ 7.82527651632118, 46.117462561689422 ], [ 7.826349633556431, 46.117386937650465 ], [ 7.826994995131269, 46.117186826249146 ], [ 7.827707271390388, 46.117049189425593 ], [ 7.828184288084148, 46.117041977667618 ], [ 7.828739763147921, 46.116973952338363 ], [ 7.829023395167622, 46.11683804705531 ], [ 7.830253163672447, 46.116928003127583 ], [ 7.830673389415776, 46.116904056823387 ], [ 7.830964237997566, 46.116874989923325 ], [ 7.831957388717418, 46.116708473113334 ], [ 7.832812081181712, 46.11664505301259 ], [ 7.833428113431421, 46.116613405581191 ], [ 7.833840532334862, 46.116617640118861 ], [ 7.833978510854425, 46.116701446697725 ], [ 7.834415350096527, 46.116739318389321 ], [ 7.834715159206232, 46.116822575106355 ], [ 7.836306563028657, 46.116902732032052 ], [ 7.838614937632379, 46.117224931614942 ], [ 7.839415229250895, 46.117222104812825 ], [ 7.840142851620082, 46.117219521584033 ], [ 7.840854333890467, 46.117222658377976 ], [ 7.841371872721053, 46.117237636747348 ], [ 7.842156332772117, 46.11726299432442 ], [ 7.842601629833887, 46.117356937026429 ], [ 7.842941425299016, 46.11738946436725 ], [ 7.843360115829837, 46.117399479841545 ], [ 7.843839047604784, 46.11744274158599 ], [ 7.844138370152976, 46.117684550521822 ], [ 7.844592984733137, 46.117934796495646 ], [ 7.845111878358996, 46.118130835476371 ], [ 7.845526677471006, 46.118246286056177 ], [ 7.845890902774733, 46.118514852630604 ], [ 7.846022080005355, 46.118757262568622 ], [ 7.846347008966944, 46.11896299075724 ], [ 7.846930461767012, 46.119140797147864 ], [ 7.848098065955615, 46.119586372999663 ], [ 7.848357128214569, 46.11963041220487 ], [ 7.848356511366158, 46.119630972320145 ], [ 7.826311273203837, 46.139648653254646 ], [ 7.816371139769854, 46.144966083181473 ], [ 7.807848402494589, 46.149397491545628 ], [ 7.804715049509621, 46.151852851083056 ], [ 7.803777317794007, 46.152078165413528 ], [ 7.795091903091798, 46.154580443658674 ], [ 7.792264799938021, 46.153719411586671 ], [ 7.787903538907208, 46.154554095227198 ], [ 7.783255538718767, 46.157778539464118 ], [ 7.73902378973583, 46.164603163522536 ], [ 7.738933422799153, 46.164355825517539 ], [ 7.738674832802145, 46.164123038687464 ], [ 7.738597107472, 46.163965965072215 ], [ 7.738509063644858, 46.163846511494228 ], [ 7.738309910880011, 46.16368152834881 ], [ 7.738304244243891, 46.163663448941961 ], [ 7.738215208988611, 46.163379381892284 ], [ 7.737898459626268, 46.163163191265696 ], [ 7.737077988371047, 46.162866046123987 ], [ 7.736716623971974, 46.162776124574279 ], [ 7.736444811142088, 46.16263909003429 ], [ 7.736188909550409, 46.16244959547393 ], [ 7.735897390216783, 46.162109238223344 ], [ 7.735745688420467, 46.161887624414845 ], [ 7.735722773520969, 46.161692245510181 ], [ 7.735566472909123, 46.161517375840127 ], [ 7.735623475361263, 46.161434367527882 ], [ 7.735489479277065, 46.161344906702148 ], [ 7.735220785651882, 46.161181998636891 ], [ 7.73505441194806, 46.160939489544837 ], [ 7.734959292905064, 46.160857014824359 ], [ 7.734722864291888, 46.160228281419911 ], [ 7.734676496874436, 46.159892375385184 ], [ 7.734631077827888, 46.159563339767814 ], [ 7.734128407252235, 46.156103325946141 ], [ 7.734099970954285, 46.155907591425944 ], [ 7.733959679944179, 46.155697046179995 ], [ 7.734075823691773, 46.155482683118272 ], [ 7.734539654191686, 46.155381179018889 ], [ 7.734661897668655, 46.155246770513038 ], [ 7.734589858651319, 46.154641301462028 ], [ 7.734516105553639, 46.154319055133406 ], [ 7.734547612395199, 46.154010809623529 ], [ 7.734601351176941, 46.153775658387225 ], [ 7.734681213357192, 46.153584076563746 ], [ 7.734821519021251, 46.153200684713894 ], [ 7.734786402538334, 46.152990503900092 ], [ 7.735089082283314, 46.152415745536537 ], [ 7.735149363630385, 46.152194358209364 ], [ 7.735285871729078, 46.151858985395343 ], [ 7.73572391453652, 46.151631821123097 ], [ 7.735829795630906, 46.151453051253384 ], [ 7.736019699754134, 46.151132416719285 ], [ 7.736268453501546, 46.150760765170411 ], [ 7.736674795997335, 46.150359885116501 ], [ 7.736928797080625, 46.150064943961098 ], [ 7.736959360239553, 46.150029454610859 ], [ 7.737302731275229, 46.149655869095682 ], [ 7.736985478121014, 46.149479114467077 ], [ 7.736768118348518, 46.149299524940801 ], [ 7.736602739103049, 46.149162883371815 ], [ 7.736401990746375, 46.148912709182952 ], [ 7.736321757364198, 46.148812721707891 ], [ 7.735880717263325, 46.148334171639874 ], [ 7.735495394715672, 46.147837464480361 ], [ 7.735148098741175, 46.147569407365289 ], [ 7.735142045451043, 46.147564735190521 ], [ 7.734887374121142, 46.147292223253352 ], [ 7.734666309461986, 46.146949070178877 ], [ 7.734596655579693, 46.14678012404918 ], [ 7.734572041844694, 46.146720423209423 ], [ 7.734645693137874, 46.146428223714814 ], [ 7.734391178291985, 46.146183191909302 ], [ 7.734313301566501, 46.145991114069325 ], [ 7.733873856228883, 46.14580033105149 ], [ 7.733789534865886, 46.145615097352703 ], [ 7.733820521373682, 46.145361654895829 ], [ 7.733747218706558, 46.14496864759807 ], [ 7.733611305174126, 46.144664473330145 ], [ 7.733471886843629, 46.14431007650807 ], [ 7.733367440065924, 46.144140763235981 ], [ 7.733455781640048, 46.143572342841892 ], [ 7.73343776664594, 46.14338269918688 ], [ 7.733425494378356, 46.143206821855799 ], [ 7.73325112441949, 46.142669580995573 ], [ 7.73314731245932, 46.142466055563773 ], [ 7.732956998640701, 46.142129252080871 ], [ 7.732952135697095, 46.142120645998794 ], [ 7.733014552761877, 46.1420781695915 ], [ 7.73389822007439, 46.141476811408261 ], [ 7.734243638919651, 46.141212788942831 ], [ 7.734565160585652, 46.140967032395054 ], [ 7.735521775890382, 46.140592806457448 ], [ 7.73645536292447, 46.140227589131911 ], [ 7.737189558982785, 46.13989612649538 ], [ 7.738072214915219, 46.139501080985923 ], [ 7.738276836144157, 46.139353163987089 ], [ 7.738307308801256, 46.139156798896806 ], [ 7.738069289300292, 46.138818123474287 ], [ 7.737787782495902, 46.138401835837392 ], [ 7.737732762832979, 46.138320473663889 ], [ 7.73769176492418, 46.138259846629992 ], [ 7.73749341460846, 46.137925841830324 ], [ 7.737363446269429, 46.137725586664835 ], [ 7.737278088500051, 46.137594067447459 ], [ 7.737261706152681, 46.137520862240123 ], [ 7.737208218837979, 46.137281851927717 ], [ 7.737175293971293, 46.137134725777969 ], [ 7.737088696613283, 46.136828473661808 ], [ 7.736975883556637, 46.136458115912724 ], [ 7.73693776365777, 46.136142884154552 ], [ 7.73687707423677, 46.135838947420808 ], [ 7.736840835070375, 46.135687051869617 ], [ 7.736784377243959, 46.135450410315322 ], [ 7.736802629775108, 46.135219773049684 ], [ 7.736804799051956, 46.135192362271617 ], [ 7.736616406623844, 46.134901778614378 ], [ 7.736595130036259, 46.134559146752807 ], [ 7.736620118515433, 46.134248597327122 ], [ 7.736657921933359, 46.133912916379209 ], [ 7.736642686258483, 46.133716140718327 ], [ 7.736636166319776, 46.133631932748649 ], [ 7.736884395225109, 46.133326543140534 ], [ 7.737089399777544, 46.133105546938154 ], [ 7.737330260783014, 46.13293266317342 ], [ 7.737618230120363, 46.132504053041927 ], [ 7.738165865319211, 46.132089777529757 ], [ 7.738499694008196, 46.131771801733542 ], [ 7.738502946644659, 46.131768703558627 ], [ 7.738566074552226, 46.131631847848517 ], [ 7.738922696476322, 46.131335863539412 ], [ 7.739146458590172, 46.131033181873192 ], [ 7.739177145204446, 46.13099167227454 ], [ 7.739383265596251, 46.130788214949192 ], [ 7.73963640150054, 46.130538349549724 ], [ 7.73975109836253, 46.130443511607716 ], [ 7.740016354631429, 46.130224182515263 ], [ 7.740428636994891, 46.129907804973044 ], [ 7.7407546979533, 46.129648319624657 ], [ 7.741226224406349, 46.129370929793247 ], [ 7.741717203955943, 46.129105018230184 ], [ 7.742262075525406, 46.128640498657276 ], [ 7.742581828966166, 46.128412986348536 ], [ 7.74281194044558, 46.128349614311929 ], [ 7.742988111397182, 46.128162623738795 ], [ 7.743228344449165, 46.127907636661369 ], [ 7.743702847938073, 46.127591376366198 ], [ 7.743896452190661, 46.127518913726959 ], [ 7.74415715218924, 46.127421338339573 ], [ 7.744504570576159, 46.127127500507882 ], [ 7.744827541201175, 46.126854339985215 ], [ 7.745078381705997, 46.12659693479393 ], [ 7.745172237377408, 46.126458116705862 ], [ 7.745257221717278, 46.126332419841745 ], [ 7.745578061684453, 46.126078351370055 ], [ 7.745799451356311, 46.1259030361309 ] ] ] } },
{ "type": "Feature", "properties": { "geo_point_2d": { "lon": 7.779267882612029, "lat": 46.097017470753165 }, "year": "2023", "kan_code": [ "23" ], "kan_name": [ "Valais" ], "bez_code": [ "2306", "2311", "2313" ], "bez_name": [ "Leuk", "Sierre", "Visp" ], "gem_code": [ "6112", "6119", "6252", "6287", "6290", "6292", "6295" ], "gem_name": [ "Anniviers", "Oberems", "Randa", "Saas-Fee", "St. Niklaus", "Täsch", "Turtmann-Unterems" ], "plz_code": [ "3928" ], "plz_area_code": "CHE", "plz_type": "PLZ4/NPA4" }, "geometry": { "type": "Polygon", "coordinates": [ [ [ 7.710821725771273, 46.110749556080748 ], [ 7.711078263637118, 46.110489172869521 ], [ 7.711251951891645, 46.109923642627493 ], [ 7.711443153233431, 46.109356486669178 ], [ 7.711763713857531, 46.108797995670109 ], [ 7.711785564373676, 46.107988376218728 ], [ 7.711913347232305, 46.107673231050981 ], [ 7.711886358413533, 46.107448415643674 ], [ 7.711717212111827, 46.107241934752452 ], [ 7.712205971834349, 46.106701045442016 ], [ 7.712656722206659, 46.106322148635556 ], [ 7.71473853419157, 46.103663522827354 ], [ 7.715225328537947, 46.102735860154084 ], [ 7.715739459545812, 46.102104955640996 ], [ 7.715957381090888, 46.101726615946653 ], [ 7.716059008446294, 46.101366543383335 ], [ 7.715668093936978, 46.100782789000178 ], [ 7.715434297361156, 46.100469309897321 ], [ 7.715433713206058, 46.100468526650538 ], [ 7.715044402202394, 46.100199611566332 ], [ 7.714914936669021, 46.100038832478162 ], [ 7.714914273687125, 46.100038009142239 ], [ 7.715041526607862, 46.099632897040749 ], [ 7.715039845388588, 46.099300064694134 ], [ 7.714519898102393, 46.098645470483156 ], [ 7.71451926049466, 46.09864466775884 ], [ 7.714065272732669, 46.098357939255472 ], [ 7.714065236061954, 46.098357916095068 ], [ 7.713869996437151, 46.098106533299266 ], [ 7.713350727232515, 46.097702995074123 ], [ 7.713090673383491, 46.097415768106977 ], [ 7.712415352365127, 46.09683270175772 ], [ 7.711440249525843, 46.095773589582379 ], [ 7.709779045389118, 46.094545200611492 ], [ 7.709492796936921, 46.094186063723441 ], [ 7.709491550410179, 46.093934190649783 ], [ 7.709618829362888, 46.093529084881396 ], [ 7.708931019646796, 46.093018001556686 ], [ 7.708540760655612, 46.09254216848948 ], [ 7.70825534148157, 46.0923449558708 ], [ 7.707438886685329, 46.09196009025554 ], [ 7.707023508888974, 46.091628240870797 ], [ 7.706464904870425, 46.091089840215531 ], [ 7.706204101422777, 46.090640679202686 ], [ 7.706072835198905, 46.090236189138558 ], [ 7.705877134402817, 46.089876838095584 ], [ 7.705588729639247, 46.089067918234136 ], [ 7.705481855579164, 46.088366534219197 ], [ 7.705583645864285, 46.088033457936341 ], [ 7.705607747368637, 46.087673578339647 ], [ 7.705539440349562, 46.086927116566095 ], [ 7.705251932449519, 46.086298105297445 ], [ 7.705211966240509, 46.086055319263153 ], [ 7.705275365193072, 46.08580329392359 ], [ 7.705247437751987, 46.085380577210941 ], [ 7.705116191276262, 46.084976086217644 ], [ 7.705074856441949, 46.08445444089444 ], [ 7.703817725118408, 46.08380972498567 ], [ 7.703454544534132, 46.083558700500902 ], [ 7.703233378567135, 46.083271360325107 ], [ 7.703230757066993, 46.082731650703529 ], [ 7.702971218775677, 46.082525359903407 ], [ 7.702543737407992, 46.082346447358766 ], [ 7.702193805046605, 46.082077699120219 ], [ 7.702193412630744, 46.082077397744634 ], [ 7.701762175972005, 46.081115886224438 ], [ 7.701669386384284, 46.080639337460177 ], [ 7.700716646676614, 46.07875250074882 ], [ 7.700299978708984, 46.078123776888241 ], [ 7.700104194315587, 46.077675076739759 ], [ 7.70010392984503, 46.077674470624139 ], [ 7.699741364859792, 46.07754037525568 ], [ 7.699028297382967, 46.077092242128501 ], [ 7.698704302076757, 46.076913076818968 ], [ 7.69841877390057, 46.07667086230304 ], [ 7.698223159203437, 46.076311489435234 ], [ 7.698116758674564, 46.0756820448658 ], [ 7.697830260183026, 46.075232933386523 ], [ 7.6975967651401, 46.074937328376862 ], [ 7.697596202843929, 46.07493661650922 ], [ 7.697142324320904, 46.074622810934571 ], [ 7.696662741204052, 46.074336057879307 ], [ 7.695844710456434, 46.073546313432786 ], [ 7.695323813666509, 46.072719924649675 ], [ 7.694327569614265, 46.072497293596129 ], [ 7.693420816743872, 46.07206756344435 ], [ 7.692255645852075, 46.071647392640763 ], [ 7.691892586534577, 46.071396340190077 ], [ 7.691477265110042, 46.071019456810227 ], [ 7.690853426458038, 46.070274228874887 ], [ 7.690696669247261, 46.069914756612576 ], [ 7.690756565335482, 46.068880108197384 ], [ 7.690755322960107, 46.068610226594224 ], [ 7.690650458220199, 46.068277752340137 ], [ 7.690650415320373, 46.068277616325993 ], [ 7.690325673095185, 46.067918518002465 ], [ 7.690169971857365, 46.067783931382039 ], [ 7.689675266007441, 46.066993405149844 ], [ 7.689544797224278, 46.066723810497507 ], [ 7.689543478515128, 46.066435947026278 ], [ 7.689645515865667, 46.066138858564088 ], [ 7.690030169734215, 46.065490324658626 ], [ 7.690054175353978, 46.065103462922139 ], [ 7.690156073166575, 46.064788392243216 ], [ 7.690156610999832, 46.064788689766736 ], [ 7.690479994263884, 46.06496758187761 ], [ 7.691709773666477, 46.065414603438761 ], [ 7.694298413749612, 46.066263336858228 ], [ 7.695268710511883, 46.066486017697365 ], [ 7.695941934894417, 46.066736362478501 ], [ 7.697106180160006, 46.066976576958737 ], [ 7.700661476778338, 46.067265217005506 ], [ 7.703414983849141, 46.067438701970318 ], [ 7.705870173142492, 46.067387936657255 ], [ 7.710325900212728, 46.066837552757619 ], [ 7.712934582472025, 46.066489410996077 ], [ 7.713516019240631, 46.066470007078671 ], [ 7.714550411656957, 46.066575423873459 ], [ 7.715300784340256, 46.066735509217224 ], [ 7.715844585181309, 46.066932069728018 ], [ 7.716337061946131, 46.06720072719947 ], [ 7.717245568194802, 46.067945104037229 ], [ 7.718374148612781, 46.068751915975959 ], [ 7.718802995116691, 46.069200622433087 ], [ 7.72133558065013, 46.07155113363217 ], [ 7.721724937974944, 46.071865012552472 ], [ 7.72207506061318, 46.072089023952529 ], [ 7.722724456703488, 46.072699100477969 ], [ 7.723152370345713, 46.072967890796583 ], [ 7.723670620657359, 46.073209473994311 ], [ 7.724669018587549, 46.073818649638952 ], [ 7.725640504036881, 46.074220986891653 ], [ 7.726287932601831, 46.074444229856738 ], [ 7.72809959733441, 46.074844404211262 ], [ 7.729264634762523, 46.075174240872876 ], [ 7.73079197707497, 46.075575102945955 ], [ 7.732499475585713, 46.075822542355667 ], [ 7.73402517346243, 46.075908511064419 ], [ 7.735408781831304, 46.076012805540614 ], [ 7.737024856217202, 46.076080505107477 ], [ 7.739454234090503, 46.075957085193835 ], [ 7.741133211248495, 46.075709704304643 ], [ 7.741779225937652, 46.075662977081635 ], [ 7.743136755089746, 46.075722286744202 ], [ 7.744714671237171, 46.075897925707835 ], [ 7.745555977392184, 46.076102532698229 ], [ 7.745983272381737, 46.076236304788559 ], [ 7.746203863666893, 46.076388629292666 ], [ 7.746501907804965, 46.076522751199938 ], [ 7.746721792690807, 46.076549138564062 ], [ 7.747149208389895, 46.07670089707765 ], [ 7.747860365567854, 46.076743930853503 ], [ 7.748079997564241, 46.076725320389357 ], [ 7.748766452166444, 46.076966318794661 ], [ 7.748832736997776, 46.077263008868321 ], [ 7.749119397929708, 46.07766703146946 ], [ 7.74911945066647, 46.077667051045047 ], [ 7.749287789987803, 46.077729537646221 ], [ 7.749442899014249, 46.077729111067363 ], [ 7.74967684083546, 46.077953356734135 ], [ 7.750415661887835, 46.07831115252629 ], [ 7.750739322137421, 46.078400205722033 ], [ 7.75219947313689, 46.078306198016577 ], [ 7.752549917040731, 46.078557101118101 ], [ 7.753106249691577, 46.07864550982486 ], [ 7.753650693910197, 46.07891386055401 ], [ 7.754077771475747, 46.079002624791258 ], [ 7.754401545681333, 46.079109667339004 ], [ 7.754816635549828, 46.079360382758431 ], [ 7.755139905916328, 46.079377468787577 ], [ 7.755566989534578, 46.079466227382781 ], [ 7.756046196731176, 46.079626802600025 ], [ 7.756369194847582, 46.079598889967492 ], [ 7.757053405859567, 46.079444029799745 ], [ 7.757207498005478, 46.079263674755012 ], [ 7.757375118224905, 46.079191237324075 ], [ 7.757699214754152, 46.079352243006667 ], [ 7.758505210124042, 46.080132588713177 ], [ 7.759318935242398, 46.080022325945983 ], [ 7.759706736831289, 46.080021224531059 ], [ 7.76061221217071, 46.080126585672765 ], [ 7.761517226106601, 46.080150971599757 ], [ 7.762772690591479, 46.080417244154908 ], [ 7.763095850093301, 46.080416316524911 ], [ 7.764493103508074, 46.080610188962133 ], [ 7.765101450565158, 46.080743357466936 ], [ 7.765490063288777, 46.080877167634462 ], [ 7.765748861956523, 46.08092139653116 ], [ 7.766239799531008, 46.080874996028733 ], [ 7.76649876052095, 46.080946209499665 ], [ 7.766886568479234, 46.080945074372963 ], [ 7.767273660973452, 46.080826988340128 ], [ 7.767532365618937, 46.08085322223824 ], [ 7.767984250837184, 46.080761940872051 ], [ 7.768696020080166, 46.080894797438305 ], [ 7.769924184168785, 46.080909184695308 ], [ 7.770763750721095, 46.080798763433116 ], [ 7.771306675064354, 46.08079714794485 ], [ 7.771953381920708, 46.080858210802582 ], [ 7.772184553637946, 46.08085752517804 ], [ 7.772703130518306, 46.080855987148034 ], [ 7.773184245438847, 46.080608690413285 ], [ 7.773377103606763, 46.080509559845595 ], [ 7.77493899662077, 46.080588516859734 ], [ 7.77559056244361, 46.080622088153341 ], [ 7.776030068172587, 46.080644733257415 ], [ 7.77642865802797, 46.08066505053106 ], [ 7.776795076424489, 46.080683717561051 ], [ 7.7770877164236, 46.08069802320945 ], [ 7.777459152653334, 46.080716180795974 ], [ 7.777781363626072, 46.080732944203987 ], [ 7.779509817661102, 46.080780815646008 ], [ 7.780677045726175, 46.081479411591239 ], [ 7.781433816675554, 46.082167349729431 ], [ 7.786743254657409, 46.083359149605343 ], [ 7.787195529803243, 46.083330768124071 ], [ 7.787906830902499, 46.083373567011968 ], [ 7.788424776371101, 46.083506907346745 ], [ 7.788683318259117, 46.083506106447956 ], [ 7.789160640838449, 46.08335171901836 ], [ 7.790383793904031, 46.08258327256825 ], [ 7.790705055012927, 46.082285416819921 ], [ 7.791026950104838, 46.082086509795289 ], [ 7.793523999471204, 46.082411592156404 ], [ 7.795232993408582, 46.082811056833933 ], [ 7.796891390813846, 46.083372586076578 ], [ 7.798121543642607, 46.083683559823562 ], [ 7.798573223559712, 46.083565178477677 ], [ 7.799436668884641, 46.08315762130723 ], [ 7.800117935542779, 46.082570728547424 ], [ 7.800568292188847, 46.082254422055286 ], [ 7.801045272151465, 46.08205500720684 ], [ 7.801276581561714, 46.081847347804086 ], [ 7.801403760216209, 46.081532093139231 ], [ 7.801464978813137, 46.081019128911329 ], [ 7.802199230768924, 46.080629956634318 ], [ 7.802688937177087, 46.080403489009797 ], [ 7.803165113691949, 46.080087106849767 ], [ 7.804363527742431, 46.079525513757204 ], [ 7.804969369271031, 46.079271673213398 ], [ 7.806066273039759, 46.078998250592321 ], [ 7.806322253390734, 46.078619592965644 ], [ 7.806707609652197, 46.078258513379296 ], [ 7.806937972877071, 46.077915920269973 ], [ 7.807580801959488, 46.077401072378237 ], [ 7.808182823625033, 46.076589472333922 ], [ 7.808953173164507, 46.075822313224343 ], [ 7.809891832374298, 46.075099582633662 ], [ 7.810148195572324, 46.074783884281864 ], [ 7.810405595259455, 46.074621116235903 ], [ 7.810947709399849, 46.074511391866125 ], [ 7.811334538374438, 46.07437518169457 ], [ 7.811786296665556, 46.074283733680858 ], [ 7.812276226548581, 46.074102210477243 ], [ 7.812559466291122, 46.073939351981885 ], [ 7.812790882130598, 46.073758664291326 ], [ 7.812944427438796, 46.073533265241551 ], [ 7.813435764432282, 46.07355863126962 ], [ 7.814042732404572, 46.073484668100065 ], [ 7.814237097087466, 46.0735559866039 ], [ 7.814689462254019, 46.073554489969226 ], [ 7.815115681244243, 46.073508091659896 ], [ 7.815502616661261, 46.073389857988921 ], [ 7.815633289469138, 46.073596320772765 ], [ 7.815633535507811, 46.073596490360309 ], [ 7.815919024363755, 46.073793269807439 ], [ 7.816436649580383, 46.073881504183369 ], [ 7.817018265246272, 46.073879556682236 ], [ 7.817573420993551, 46.073787738881855 ], [ 7.818863096694524, 46.073378591956043 ], [ 7.820219146112059, 46.073221092015352 ], [ 7.82082723244678, 46.073308991472643 ], [ 7.821666528886111, 46.073189204488401 ], [ 7.823644972005019, 46.073317418773186 ], [ 7.824901243272461, 46.073672952572267 ], [ 7.826039155633674, 46.073741018925084 ], [ 7.827333254869105, 46.073961461672724 ], [ 7.829561336409412, 46.07464644076888 ], [ 7.830340583937087, 46.075165485902467 ], [ 7.830638841130631, 46.075299403056945 ], [ 7.831246980341596, 46.075387246235422 ], [ 7.831828740876645, 46.075403213048936 ], [ 7.8318284822207, 46.075403855373828 ], [ 7.831701778170824, 46.075718501785516 ], [ 7.831643306240973, 46.07657329818889 ], [ 7.831813276866041, 46.076842575052765 ], [ 7.831776000685395, 46.077049604117541 ], [ 7.831947086202472, 46.077471802471038 ], [ 7.83194740522421, 46.077471889991401 ], [ 7.832206116732353, 46.077542864854834 ], [ 7.832784982995786, 46.077154033945099 ], [ 7.833262774139281, 46.077089395717231 ], [ 7.834012611322394, 46.077104763763025 ], [ 7.83472548366735, 46.077372133923866 ], [ 7.83511378655326, 46.077442745067252 ], [ 7.835956383056773, 46.077772621255207 ], [ 7.837248991651655, 46.077768065282903 ], [ 7.839344166638808, 46.077922570310761 ], [ 7.839771401499411, 46.078011009519585 ], [ 7.840314415241277, 46.078027070272064 ], [ 7.840895293098763, 46.077917054742706 ], [ 7.841218436326831, 46.07791590300647 ], [ 7.843422666644103, 46.078825585128939 ], [ 7.844109088550609, 46.079003034726071 ], [ 7.844784459840076, 46.079432415542378 ], [ 7.846250858848533, 46.08019175978955 ], [ 7.846795587885717, 46.080432682993354 ], [ 7.84722303028671, 46.080548080223814 ], [ 7.848132090165561, 46.081102516174376 ], [ 7.848717855506935, 46.081640137257132 ], [ 7.849068224311711, 46.0818187768893 ], [ 7.849715935106616, 46.081996333284103 ], [ 7.850686818362545, 46.082172707061545 ], [ 7.852927828955397, 46.082776218842135 ], [ 7.85373012734471, 46.082881219834846 ], [ 7.855387414037862, 46.083216949202679 ], [ 7.855670915446881, 46.083098959119376 ], [ 7.855968110769514, 46.083079869742569 ], [ 7.85680988853214, 46.083274677310357 ], [ 7.857224791728973, 46.083435061426911 ], [ 7.857257876737017, 46.083514036492893 ], [ 7.857356486133724, 46.083749420555698 ], [ 7.857716721715039, 46.08417858486073 ], [ 7.857747910702968, 46.084215741657623 ], [ 7.857918046987336, 46.084484988256307 ], [ 7.857989458122832, 46.085366296025867 ], [ 7.858081688780024, 46.085590844522159 ], [ 7.858447139390967, 46.086039277534937 ], [ 7.858684224501593, 46.086235103092605 ], [ 7.858772404248055, 46.086307937054976 ], [ 7.859033392273373, 46.086621813207962 ], [ 7.859493161524992, 46.087564652219562 ], [ 7.859592354776681, 46.088688756214516 ], [ 7.859402031090663, 46.089157239195842 ], [ 7.859548420092002, 46.089375569641177 ], [ 7.859702861102844, 46.089605909177394 ], [ 7.859704121208979, 46.089767826130725 ], [ 7.859382777500091, 46.090011906404044 ], [ 7.859216436153317, 46.090237417256553 ], [ 7.859218373986445, 46.090489288170623 ], [ 7.859250161893592, 46.090632200267329 ], [ 7.85935232530206, 46.091091506595468 ], [ 7.859022937848144, 46.091589547612784 ], [ 7.858815550043652, 46.091903122498231 ], [ 7.858974169820894, 46.092352314623696 ], [ 7.858899109831924, 46.093248727981234 ], [ 7.858891286214579, 46.093342162515242 ], [ 7.858893180697651, 46.093363345947914 ], [ 7.858947798118902, 46.093974058433453 ], [ 7.85896205880391, 46.094133516316802 ], [ 7.859600648687563, 46.094345565996797 ], [ 7.859765783410331, 46.094400400509549 ], [ 7.860000401739796, 46.094642407929861 ], [ 7.86026304552838, 46.095163175450267 ], [ 7.860770471322668, 46.095526391102077 ], [ 7.860913162195684, 46.095628529304413 ], [ 7.861885216918069, 46.095921746953607 ], [ 7.862216486050483, 46.096095378564648 ], [ 7.862430520775717, 46.09620756285991 ], [ 7.862923284899647, 46.096385625705352 ], [ 7.863248646505996, 46.096654281491787 ], [ 7.863601480287667, 46.097129724061475 ], [ 7.863965780584924, 46.097416213609051 ], [ 7.864225297762596, 46.097532179451839 ], [ 7.864576336162081, 46.097773756742491 ], [ 7.864854720465864, 46.09806358100893 ], [ 7.865032632981148, 46.098248804685447 ], [ 7.865916857284219, 46.098875158810614 ], [ 7.866268615573651, 46.099206675786235 ], [ 7.866605075238667, 46.099618444044658 ], [ 7.866986742000773, 46.100085537947045 ], [ 7.867155562725192, 46.100174854117114 ], [ 7.86722247494794, 46.100462461337592 ], [ 7.867419501239879, 46.100848526879851 ], [ 7.867711722994574, 46.101943452784305 ], [ 7.867779263044, 46.102196518644448 ], [ 7.867814771410474, 46.102360601111968 ], [ 7.868181907009494, 46.104057117200526 ], [ 7.868352355899925, 46.104353325736739 ], [ 7.868608964566945, 46.104553927858298 ], [ 7.868638641710706, 46.104577127768373 ], [ 7.868382183034512, 46.10477439779681 ], [ 7.868227291832305, 46.104893541326348 ], [ 7.867482877238754, 46.105616032337544 ], [ 7.867135469215594, 46.105842242447203 ], [ 7.866583983813722, 46.10642905143763 ], [ 7.865942284199471, 46.107061186349263 ], [ 7.865363617861048, 46.1074861701942 ], [ 7.864850518811688, 46.108027865289237 ], [ 7.864336708671138, 46.108479586078154 ], [ 7.864081442529091, 46.10895544368978 ], [ 7.864056258298647, 46.109002391191922 ], [ 7.863938853348124, 46.109255620466719 ], [ 7.863803386251188, 46.10951475579202 ], [ 7.863594096172058, 46.109627989150745 ], [ 7.862957110316144, 46.109827118887928 ], [ 7.862216105662633, 46.110172904604433 ], [ 7.861674780367396, 46.1104506502463 ], [ 7.860450050003067, 46.110967991948833 ], [ 7.860090200127802, 46.111266191964631 ], [ 7.859678195691139, 46.111510611242231 ], [ 7.859210890577411, 46.111477268904949 ], [ 7.858717443873585, 46.111428459349732 ], [ 7.858248888346562, 46.111469601765535 ], [ 7.857668080360429, 46.111629181757216 ], [ 7.856765474016908, 46.111992352670093 ], [ 7.856362367038427, 46.112134356199427 ], [ 7.855700525212032, 46.112271736467939 ], [ 7.855093062637788, 46.112364203951323 ], [ 7.853865330069703, 46.112503658107357 ], [ 7.853651916051681, 46.112892164281931 ], [ 7.853567126629762, 46.113443459964955 ], [ 7.853618191409422, 46.113780609700854 ], [ 7.853234042067656, 46.114530027357162 ], [ 7.852987443103649, 46.114811776607176 ], [ 7.852788345409691, 46.115217311415677 ], [ 7.851243486739583, 46.116426412510869 ], [ 7.85066392819579, 46.116761376036045 ], [ 7.850304460954527, 46.117122512840908 ], [ 7.849638132546064, 46.117961535243374 ], [ 7.849064870452001, 46.11913306416016 ], [ 7.848743981306094, 46.119467086822695 ], [ 7.848357128214569, 46.11963041220487 ], [ 7.848098065955615, 46.119586372999663 ], [ 7.846930461767012, 46.119140797147864 ], [ 7.846347008966944, 46.11896299075724 ], [ 7.846022080005355, 46.118757262568622 ], [ 7.845890902774733, 46.118514852630604 ], [ 7.845526677471006, 46.118246286056177 ], [ 7.845111878358996, 46.118130835476371 ], [ 7.844592984733137, 46.117934796495646 ], [ 7.844138370152976, 46.117684550521822 ], [ 7.843839047604784, 46.11744274158599 ], [ 7.843360115829837, 46.117399479841545 ], [ 7.842941425299016, 46.11738946436725 ], [ 7.842601629833887, 46.117356937026429 ], [ 7.842156332772117, 46.11726299432442 ], [ 7.841371872721053, 46.117237636747348 ], [ 7.840854333890467, 46.117222658377976 ], [ 7.840142851620082, 46.117219521584033 ], [ 7.839415229250895, 46.117222104812825 ], [ 7.838614937632379, 46.117224931614942 ], [ 7.836306563028657, 46.116902732032052 ], [ 7.834715159206232, 46.116822575106355 ], [ 7.834415350096527, 46.116739318389321 ], [ 7.833978510854425, 46.116701446697725 ], [ 7.833840532334862, 46.116617640118861 ], [ 7.833428113431421, 46.116613405581191 ], [ 7.832812081181712, 46.11664505301259 ], [ 7.831957388717418, 46.116708473113334 ], [ 7.830964237997566, 46.116874989923325 ], [ 7.830673389415776, 46.116904056823387 ], [ 7.830253163672447, 46.116928003127583 ], [ 7.829023395167622, 46.11683804705531 ], [ 7.828739763147921, 46.116973952338363 ], [ 7.828184288084148, 46.117041977667618 ], [ 7.827707271390388, 46.117049189425593 ], [ 7.826994995131269, 46.117186826249146 ], [ 7.826349633556431, 46.117386937650465 ], [ 7.82527651632118, 46.117462561689422 ], [ 7.824824740561728, 46.117599023276988 ], [ 7.82382647592093, 46.117287573858611 ], [ 7.822723946656152, 46.116859526696892 ], [ 7.822167287793662, 46.11679844786876 ], [ 7.820651154238734, 46.116416743792769 ], [ 7.819704248245023, 46.116042123914596 ], [ 7.819223756049701, 46.115773873938714 ], [ 7.818704915428714, 46.115568720418239 ], [ 7.818316562682297, 46.115525038724869 ], [ 7.817953754836185, 46.115436300739148 ], [ 7.817499795184587, 46.115257910820667 ], [ 7.817174735042157, 46.11501611788124 ], [ 7.816824667234147, 46.114900337687722 ], [ 7.81643538811386, 46.114721727029242 ], [ 7.81620155959038, 46.114542786199564 ], [ 7.816201311800466, 46.114542596574566 ], [ 7.816135904791512, 46.114408294756785 ], [ 7.816135707742919, 46.114407890152073 ], [ 7.815616953724701, 46.114211708878784 ], [ 7.81522861318161, 46.114168025547833 ], [ 7.814554441654834, 46.113945370335841 ], [ 7.814034709262367, 46.113605263862688 ], [ 7.813088958147438, 46.113383510816242 ], [ 7.812051912516965, 46.113054085954737 ], [ 7.811636794134524, 46.112875544231571 ], [ 7.810238362762485, 46.112655242690742 ], [ 7.809824902643511, 46.112719562027515 ], [ 7.807974983912263, 46.112680618271412 ], [ 7.806202576591446, 46.112623391811184 ], [ 7.805515841975043, 46.112445710775816 ], [ 7.804610272168048, 46.112421642247043 ], [ 7.804157885019281, 46.112468075575727 ], [ 7.803939390541312, 46.112675681620395 ], [ 7.803295090784468, 46.113037560802695 ], [ 7.802039326552788, 46.113569784440351 ], [ 7.801772921885749, 46.113615618949318 ], [ 7.801094421624725, 46.113702167151828 ], [ 7.80086066882417, 46.113815353009407 ], [ 7.800887643139135, 46.114214384712135 ], [ 7.800735361105581, 46.114422932691312 ], [ 7.800260626398192, 46.114750535398208 ], [ 7.799897968049464, 46.114931598881711 ], [ 7.799518995411134, 46.115073321420304 ], [ 7.798808592433884, 46.11523301118924 ], [ 7.797768308474376, 46.115641125043183 ], [ 7.797487319898273, 46.115934384565897 ], [ 7.797236592299696, 46.116205319170668 ], [ 7.79693978559068, 46.116314208084887 ], [ 7.79660861202218, 46.116330729988547 ], [ 7.796180185579169, 46.116326517842552 ], [ 7.795841099037855, 46.11643464703355 ], [ 7.795621512581758, 46.116480336965289 ], [ 7.79540476872981, 46.116424528797801 ], [ 7.795023973951974, 46.11630204927171 ], [ 7.794635198253185, 46.116185269846824 ], [ 7.793899863653213, 46.116260924984239 ], [ 7.793292651701672, 46.1163707975305 ], [ 7.792064206563167, 46.116419695681095 ], [ 7.791766439493928, 46.116375684247899 ], [ 7.791469858280248, 46.116314918468902 ], [ 7.791162305667488, 46.116259691456534 ], [ 7.790725997552312, 46.116294821045891 ], [ 7.790082678787058, 46.116507590779143 ], [ 7.786641140752107, 46.116636810756603 ], [ 7.785841184964751, 46.116642302410639 ], [ 7.784715587303871, 46.116662423273617 ], [ 7.784268313380303, 46.117047005448775 ], [ 7.784239440328086, 46.117163398163783 ], [ 7.784237911097027, 46.117308214405796 ], [ 7.784257989151347, 46.117451804147386 ], [ 7.784265318470015, 46.117485785198411 ], [ 7.784337992608779, 46.117705128170201 ], [ 7.784442065867541, 46.117918977670712 ], [ 7.784533402213133, 46.118082319638638 ], [ 7.78466500744723, 46.118290597358936 ], [ 7.784820830266109, 46.118484498419583 ], [ 7.785080290550162, 46.118600636934787 ], [ 7.785255181593898, 46.118641561613032 ], [ 7.785455161237031, 46.118679359528549 ], [ 7.785637382890139, 46.118733844519419 ], [ 7.785718694702947, 46.118782423135336 ], [ 7.785791339910597, 46.118853436416508 ], [ 7.785791454354543, 46.118853600027364 ], [ 7.78584564567974, 46.11893107279392 ], [ 7.785875642763208, 46.11898998296391 ], [ 7.785948618122593, 46.1192126434104 ], [ 7.786042873870334, 46.119425172307125 ], [ 7.786110534998276, 46.119485217047313 ], [ 7.786212935306465, 46.119540126377274 ], [ 7.786315608613949, 46.119595214687976 ], [ 7.786485563597318, 46.119697331918665 ], [ 7.78670544687871, 46.119827128864664 ], [ 7.786735234231597, 46.119844712318077 ], [ 7.786952027518381, 46.120007027275612 ], [ 7.786952203674204, 46.120007255876715 ], [ 7.787030656112673, 46.120109065250062 ], [ 7.787086965438062, 46.120236719559784 ], [ 7.787113505814902, 46.120307742464803 ], [ 7.787135383275526, 46.120366287255528 ], [ 7.787492879747073, 46.121218779729872 ], [ 7.787185633209519, 46.121215247703617 ], [ 7.787002527565389, 46.121206285780502 ], [ 7.786697710107208, 46.121110854591826 ], [ 7.786543451647389, 46.121081392015455 ], [ 7.786101015944744, 46.121021951405645 ], [ 7.785794175848888, 46.120990563877086 ], [ 7.78546189582377, 46.12097631827762 ], [ 7.785111155290814, 46.120990536475809 ], [ 7.784706326329998, 46.121084152672843 ], [ 7.784495373635536, 46.1211902900232 ], [ 7.784437891643764, 46.121217956517398 ], [ 7.784134772262534, 46.121363865901934 ], [ 7.78304353642211, 46.121755204230617 ], [ 7.78265562120119, 46.121783372295717 ], [ 7.782293791225356, 46.121847442235719 ], [ 7.782100483151494, 46.121964972879049 ], [ 7.781584558133638, 46.122209412157382 ], [ 7.781494568420348, 46.122299641391606 ], [ 7.781522316117923, 46.122596421915901 ], [ 7.78139351649061, 46.122686768778628 ], [ 7.780875766248481, 46.122643350271858 ], [ 7.78039610779087, 46.122482880091852 ], [ 7.780033764878143, 46.122465983674296 ], [ 7.779426710247135, 46.12262073195167 ], [ 7.779258425243449, 46.122603247876839 ], [ 7.77903749858996, 46.122441992061184 ], [ 7.778868193456798, 46.122262580223286 ], [ 7.778673309717172, 46.122128232199309 ], [ 7.777960840238221, 46.121977447354482 ], [ 7.7776753933545, 46.121843351423706 ], [ 7.776962776272361, 46.121665573864931 ], [ 7.776249885999651, 46.121442805520623 ], [ 7.776053482841813, 46.121056580090595 ], [ 7.775884384246661, 46.120904159081924 ], [ 7.775624982897415, 46.120788016524216 ], [ 7.77488753637813, 46.120772230134634 ], [ 7.774630661760383, 46.120778391258796 ], [ 7.774175783584893, 46.120729375798447 ], [ 7.773100259325485, 46.120435734381694 ], [ 7.772128274884748, 46.120150763981812 ], [ 7.771868723606355, 46.120016604032941 ], [ 7.771480090178457, 46.119927810706386 ], [ 7.771286163504459, 46.119946372739328 ], [ 7.770741360885861, 46.119705110753983 ], [ 7.769963939803652, 46.119500519620168 ], [ 7.769315377819774, 46.119214576738848 ], [ 7.768410455938636, 46.119307167225742 ], [ 7.767957684188799, 46.119308496050898 ], [ 7.767659894735651, 46.11926438502654 ], [ 7.765887275357851, 46.119197574096638 ], [ 7.764918193871053, 46.119380278399369 ], [ 7.7641688920741, 46.11954435050999 ], [ 7.763846436100646, 46.119698194998712 ], [ 7.763562278420065, 46.119770958958405 ], [ 7.763174207186126, 46.119772091589354 ], [ 7.762877338823756, 46.119880872768569 ], [ 7.762619969547085, 46.120106482988461 ], [ 7.762040292042972, 46.120512918346762 ], [ 7.761756127758501, 46.120585686753572 ], [ 7.761266274828161, 46.12087492735801 ], [ 7.761072513401462, 46.120920458178468 ], [ 7.760555338798351, 46.120966909963947 ], [ 7.759844545875719, 46.121085856528452 ], [ 7.759200262140352, 46.12151045197632 ], [ 7.758851789828902, 46.121646355659728 ], [ 7.757430910160776, 46.12201017736465 ], [ 7.756979660782892, 46.122281263212358 ], [ 7.754425142141462, 46.123502753326555 ], [ 7.75356143386877, 46.124044889978357 ], [ 7.753136539658712, 46.124405879106277 ], [ 7.752078698709195, 46.124930561886323 ], [ 7.751432726383674, 46.125085267013809 ], [ 7.750165811910651, 46.125250685360946 ], [ 7.748654475667488, 46.125659632345133 ], [ 7.748227524829225, 46.125660792999547 ], [ 7.74777523427755, 46.125751986433265 ], [ 7.747000274151315, 46.125978992540439 ], [ 7.746547560591305, 46.125998199300881 ], [ 7.745799451356311, 46.1259030361309 ], [ 7.745802157591331, 46.125746855960728 ], [ 7.745449876299166, 46.125362269333522 ], [ 7.745407306297551, 46.125241104532684 ], [ 7.745336894568685, 46.125040695258988 ], [ 7.745306901264009, 46.124955326862242 ], [ 7.745233419613282, 46.124683327909601 ], [ 7.745008383136915, 46.124349283080036 ], [ 7.744885140365677, 46.124200985746064 ], [ 7.744821959599474, 46.12412496068518 ], [ 7.7447142699966, 46.123952146284864 ], [ 7.744692239897438, 46.123916793583454 ], [ 7.744365179852607, 46.123701225890848 ], [ 7.744258620936383, 46.123671389971712 ], [ 7.74391249741641, 46.123574477261648 ], [ 7.743475529343973, 46.123511634249908 ], [ 7.74316387007745, 46.123446832970131 ], [ 7.742895786937487, 46.123220064602862 ], [ 7.742833739029242, 46.123112500113102 ], [ 7.742870813627733, 46.123030023403324 ], [ 7.74291679940738, 46.122927722745828 ], [ 7.742781722461316, 46.122731258766123 ], [ 7.742490493015917, 46.122307677263017 ], [ 7.742472342403084, 46.121951347030326 ], [ 7.742290049769087, 46.121738397881053 ], [ 7.741879548578377, 46.121541767034813 ], [ 7.741844177294023, 46.121524824122751 ], [ 7.741650034397857, 46.121356764550441 ], [ 7.741566330734582, 46.12128430657166 ], [ 7.741268311459991, 46.121196686687895 ], [ 7.740913424194455, 46.121207126224242 ], [ 7.740370786866111, 46.121331356418395 ], [ 7.740068202016535, 46.121410923872105 ], [ 7.739880732859207, 46.121460220601662 ], [ 7.739351177495274, 46.121611811645089 ], [ 7.738893321835375, 46.121717952957091 ], [ 7.738420472957173, 46.121741840348598 ], [ 7.738010036557086, 46.121795497929675 ], [ 7.73783775526249, 46.121845038813206 ], [ 7.737569274922296, 46.121922242512504 ], [ 7.737392240068427, 46.121780192951455 ], [ 7.737368639514397, 46.12177306145464 ], [ 7.736644734596042, 46.121554315504312 ], [ 7.735933196248066, 46.121397082986014 ], [ 7.735240313648012, 46.121251320432158 ], [ 7.734519105180953, 46.121100914047048 ], [ 7.733954322358449, 46.121019459795605 ], [ 7.733753321847314, 46.120934897503865 ], [ 7.733675561159951, 46.120902183050092 ], [ 7.733522202601285, 46.120798998659282 ], [ 7.733052457444047, 46.120800015620752 ], [ 7.732255358684117, 46.12066532773553 ], [ 7.731582291311859, 46.120592715512423 ], [ 7.731125969138241, 46.120532051817506 ], [ 7.730355346662797, 46.120358627948043 ], [ 7.730252415765614, 46.120341650886644 ], [ 7.729580923229236, 46.120230897261358 ], [ 7.728573289807603, 46.120031713597555 ], [ 7.728137951438868, 46.119878868914689 ], [ 7.72795687135362, 46.119815292785887 ], [ 7.727822613399458, 46.119754224434558 ], [ 7.727481952443497, 46.119599271954669 ], [ 7.727086489567244, 46.119456097906301 ], [ 7.726725378376649, 46.119325360600293 ], [ 7.725997439808316, 46.119113207185748 ], [ 7.725901776168622, 46.119075290169988 ], [ 7.725492698268602, 46.118913149013395 ], [ 7.725067085392337, 46.118690390233517 ], [ 7.724633843987879, 46.118556687575854 ], [ 7.72450312300113, 46.118449007916055 ], [ 7.72404948277084, 46.118473453428493 ], [ 7.723537260567248, 46.118501055773734 ], [ 7.722761552143228, 46.118583418748315 ], [ 7.722045432613987, 46.118620208313132 ], [ 7.721474168297004, 46.11868256548707 ], [ 7.721045129432824, 46.118696235541655 ], [ 7.720751507820345, 46.118705590925991 ], [ 7.720379562966529, 46.118670763652773 ], [ 7.720097942523141, 46.118644393958384 ], [ 7.719555615685563, 46.118677082876054 ], [ 7.718948064841049, 46.118759901377381 ], [ 7.718435423068845, 46.118746975627168 ], [ 7.718338954337269, 46.118735608429006 ], [ 7.718038227407686, 46.118700172878604 ], [ 7.717546917034613, 46.118559695431919 ], [ 7.717320054749857, 46.11849483005097 ], [ 7.716907983949415, 46.118226408533495 ], [ 7.716452851170046, 46.118074386339096 ], [ 7.715966520763867, 46.117986181588442 ], [ 7.715494980255817, 46.117786132314258 ], [ 7.715111746704912, 46.117930140183887 ], [ 7.715024532257713, 46.117962912801815 ], [ 7.714652266798175, 46.117569005242586 ], [ 7.714433104086218, 46.117394818437333 ], [ 7.714155346099692, 46.116610955216473 ], [ 7.714032890241861, 46.116265371478875 ], [ 7.713808446270251, 46.115842135415143 ], [ 7.713432855173177, 46.11558751977195 ], [ 7.713217064330404, 46.115438492129698 ], [ 7.712907646552645, 46.114996776733179 ], [ 7.71273308698356, 46.114799699960926 ], [ 7.712506015636331, 46.114543337686328 ], [ 7.712382783816097, 46.114310029532867 ], [ 7.712113987169766, 46.114229287668742 ], [ 7.711624109782861, 46.113876254372386 ], [ 7.711623921073198, 46.113876092330116 ], [ 7.711297985647608, 46.113277459375986 ], [ 7.711155634673785, 46.113016008863731 ], [ 7.711197331253295, 46.112623259967947 ], [ 7.711037649548765, 46.112538330499049 ], [ 7.711001532418213, 46.111939788109567 ], [ 7.71092701902663, 46.111749998707239 ], [ 7.710783618373219, 46.111523493128431 ], [ 7.710809498215575, 46.111037111439167 ], [ 7.710821613344974, 46.110752200009372 ], [ 7.710821725771273, 46.110749556080748 ] ] ] } },
{ "type": "Feature", "properties": { "geo_point_2d": { "lon": 7.480497589507954, "lat": 46.078313173359135 }, "year": "2023", "kan_code": [ "23" ], "kan_name": [ "Valais" ], "bez_code": [ "2305" ], "bez_name": [ "Hérens" ], "gem_code": [ "6083", "6084" ], "gem_name": [ "Evolène", "Hérémence" ], "plz_code": [ "1984" ], "plz_area_code": "CHE", "plz_type": "PLZ4/NPA4" }, "geometry": { "type": "Polygon", "coordinates": [ [ [ 7.425520726395042, 46.071346484588034 ], [ 7.425522060012431, 46.071346096069 ], [ 7.490136792186474, 46.052522066440922 ], [ 7.495825772419424, 46.054872110732205 ], [ 7.526344003312273, 46.057676475913453 ], [ 7.530411784254426, 46.067082380610927 ], [ 7.533279331478649, 46.068956520457505 ], [ 7.534031959209145, 46.069821529293193 ], [ 7.535854124242167, 46.071915678720863 ], [ 7.532800759228492, 46.072372709572093 ], [ 7.531980478083888, 46.073077068219703 ], [ 7.526715947609967, 46.073931546872259 ], [ 7.523517038723844, 46.07576648758188 ], [ 7.523202381229832, 46.076617004269366 ], [ 7.522035663028737, 46.0781889304929 ], [ 7.521281483860238, 46.080984673785991 ], [ 7.517404622817866, 46.082028793798244 ], [ 7.512548981927311, 46.083336276627293 ], [ 7.512016334917171, 46.084138030855542 ], [ 7.513326092715411, 46.08527202830151 ], [ 7.512961942869995, 46.085884033208295 ], [ 7.513242253310429, 46.087250746120972 ], [ 7.513179614002963, 46.087775729523372 ], [ 7.513260288320083, 46.088265347841613 ], [ 7.513434388379959, 46.088633195539529 ], [ 7.513656958768965, 46.089009772755723 ], [ 7.514517443338427, 46.091155336899419 ], [ 7.512944396476937, 46.09242653090638 ], [ 7.512837653931853, 46.092408834210346 ], [ 7.512333005747815, 46.092920034918286 ], [ 7.512097579650362, 46.093751301024625 ], [ 7.511988206968327, 46.094422653290074 ], [ 7.511032347224752, 46.094641692852889 ], [ 7.510999142151145, 46.09470989997476 ], [ 7.510325868357222, 46.095276485023277 ], [ 7.509597078705108, 46.095536542115077 ], [ 7.509485276771922, 46.095933377122165 ], [ 7.509359130085641, 46.096893367753694 ], [ 7.509149268453362, 46.097388998043506 ], [ 7.509721328741236, 46.099611635805211 ], [ 7.50972165098255, 46.099862143045364 ], [ 7.509787606907909, 46.099978288198798 ], [ 7.509424364160028, 46.101264775472188 ], [ 7.509144295393098, 46.101690680099075 ], [ 7.508767849521629, 46.103008531987577 ], [ 7.508512178943232, 46.103227289045357 ], [ 7.50754293735028, 46.10394661163479 ], [ 7.507200415062577, 46.103776982093343 ], [ 7.507093635110145, 46.103703732552042 ], [ 7.507043469383341, 46.103607690339061 ], [ 7.507004060607341, 46.103530442325713 ], [ 7.506874649165407, 46.103456126654642 ], [ 7.50594918641443, 46.103307079889703 ], [ 7.50591077076386, 46.103300625728593 ], [ 7.505857866138429, 46.103289862223342 ], [ 7.505251658832806, 46.103109047194557 ], [ 7.505143393289989, 46.103087610925698 ], [ 7.504777788054532, 46.103069742045271 ], [ 7.504588303904383, 46.103042595068771 ], [ 7.504084873393022, 46.102938896068842 ], [ 7.50382095865103, 46.102849451371313 ], [ 7.503741021912042, 46.102834024606373 ], [ 7.50339080588094, 46.102814613224389 ], [ 7.503356395842321, 46.102804827579099 ], [ 7.503164725197735, 46.102786495066375 ], [ 7.502800223221556, 46.102725206728373 ], [ 7.502199251748016, 46.102731434377752 ], [ 7.501563503420542, 46.102803138419688 ], [ 7.498379752599276, 46.101765681389153 ], [ 7.49832741404666, 46.10173744474195 ], [ 7.497315630171713, 46.10132799656639 ], [ 7.489761844483286, 46.10506877910786 ], [ 7.489573441250507, 46.105162065534479 ], [ 7.485575121763289, 46.103050269183854 ], [ 7.47993683177549, 46.103642680290534 ], [ 7.471998348481273, 46.103016906543409 ], [ 7.470648855967739, 46.103261893133727 ], [ 7.462658226444665, 46.096405940814741 ], [ 7.461809687539922, 46.096146554709435 ], [ 7.428554599499491, 46.094842792007995 ], [ 7.428553628722477, 46.094842753948768 ], [ 7.428915731133095, 46.094509954540044 ], [ 7.42943299113257, 46.094150163493914 ], [ 7.430014881559677, 46.093853362208122 ], [ 7.430234712165449, 46.093700447817071 ], [ 7.429562579876766, 46.092351098347486 ], [ 7.429329915253983, 46.09194628814015 ], [ 7.429717869854819, 46.091514537894263 ], [ 7.430079939937448, 46.091199716876737 ], [ 7.430299794828173, 46.090839914505388 ], [ 7.430364517779259, 46.090300197816873 ], [ 7.430338731673441, 46.089877406448679 ], [ 7.430209539505642, 46.089247718684135 ], [ 7.430235455162133, 46.088905909241809 ], [ 7.430920794018087, 46.088096349605273 ], [ 7.431631820635475, 46.087089118368539 ], [ 7.431631971703383, 46.087088904367668 ], [ 7.431140751509959, 46.08678843652168 ], [ 7.430332819021018, 46.086237865752175 ], [ 7.43007889645038, 46.085955279593655 ], [ 7.429791236496714, 46.085635147668945 ], [ 7.429662142333495, 46.085174030151258 ], [ 7.429662043069724, 46.085173675586326 ], [ 7.429709940769424, 46.084668132008126 ], [ 7.429806953331711, 46.084353297544588 ], [ 7.429903960787731, 46.084060960779873 ], [ 7.430065617407676, 46.083689459918133 ], [ 7.430194935085962, 46.083352139091467 ], [ 7.430291942508767, 46.083037304246695 ], [ 7.430388943058915, 46.082756652266077 ], [ 7.430582926493936, 46.08228440362268 ], [ 7.430729086281079, 46.08167722727422 ], [ 7.430841635677877, 46.081137505492471 ], [ 7.430987761211758, 46.080710230045916 ], [ 7.431197254274944, 46.080170515299351 ], [ 7.431229618478733, 46.079855692904765 ], [ 7.432111270779296, 46.0793079103113 ], [ 7.432279388031821, 46.078543303196803 ], [ 7.431917569524431, 46.077661746535384 ], [ 7.430496107378239, 46.074990029929438 ], [ 7.430044011801076, 46.07431562772652 ], [ 7.430043830172012, 46.074315356785931 ], [ 7.42888081075665, 46.072920976442276 ], [ 7.428073396136774, 46.072283511622217 ], [ 7.427556477525674, 46.071934890976053 ], [ 7.426877730404699, 46.07167946123446 ], [ 7.426102303086554, 46.071526456658347 ], [ 7.425520726395042, 46.071346484588034 ] ] ] } },
{ "type": "Feature", "properties": { "geo_point_2d": { "lon": 7.818284024184966, "lat": 46.26932544875952 }, "year": "2023", "kan_code": [ "23" ], "kan_name": [ "Valais" ], "bez_code": [ "2309", "2313" ], "bez_name": [ "Raron", "Visp" ], "gem_code": [ "6193", "6199", "6201", "6296", "6299" ], "gem_name": [ "Bürchen", "Raron", "Törbel", "Unterbäch", "Zeneggen" ], "plz_code": [ "3935" ], "plz_area_code": "CHE", "plz_type": "PLZ4/NPA4" }, "geometry": { "type": "Polygon", "coordinates": [ [ [ 7.791941173936497, 46.243124673012282 ], [ 7.792199787633631, 46.243015917872725 ], [ 7.792588296529617, 46.242942739163425 ], [ 7.793107493464998, 46.243031072802985 ], [ 7.793607290393105, 46.243179975690829 ], [ 7.794601456249185, 46.243476164319937 ], [ 7.795701637285992, 46.243704693915419 ], [ 7.79609452016327, 46.243786303543303 ], [ 7.797068872672155, 46.244080074031558 ], [ 7.797280937693462, 46.244195579045972 ], [ 7.797758531855368, 46.244455709265537 ], [ 7.798407892957825, 46.244615571530474 ], [ 7.798941046879709, 46.244701838595233 ], [ 7.798953033024421, 46.244703778015499 ], [ 7.798961905374828, 46.244706542066815 ], [ 7.799381783740885, 46.244837349045618 ], [ 7.79983587161041, 46.244880871681772 ], [ 7.800420045473726, 46.244986956039256 ], [ 7.801004866115579, 46.245191979026387 ], [ 7.801966939237317, 46.245621463602205 ], [ 7.802045250264681, 46.245656422876721 ], [ 7.8025649557055, 46.245816668188752 ], [ 7.802889217389067, 46.245833617462658 ], [ 7.80293642765027, 46.245824304224008 ], [ 7.805763813144974, 46.245266541670006 ], [ 7.807058967830571, 46.245055426774634 ], [ 7.808521464560959, 46.24467280534968 ], [ 7.810104186185178, 46.244802543946328 ], [ 7.810622618597576, 46.244773855595035 ], [ 7.811180622629968, 46.244843978500143 ], [ 7.81150537329049, 46.244932867079434 ], [ 7.812573315463474, 46.245622016233497 ], [ 7.813159895923572, 46.246069863779461 ], [ 7.81463206948037, 46.247081484008895 ], [ 7.815338235008961, 46.247593351934327 ], [ 7.817003961535555, 46.248800762869834 ], [ 7.817434051768132, 46.249114175424417 ], [ 7.818214868970679, 46.249516368843274 ], [ 7.81878504239981, 46.249731426244487 ], [ 7.818994957556963, 46.249810601817863 ], [ 7.818992835953859, 46.249860321772829 ], [ 7.818961556099365, 46.250593367908579 ], [ 7.819163970846177, 46.251717161248358 ], [ 7.819359104840527, 46.251806462763938 ], [ 7.820462466073004, 46.251964663192247 ], [ 7.821176919604546, 46.252142167203075 ], [ 7.821890884741338, 46.252247684658755 ], [ 7.822190585447069, 46.252453571798668 ], [ 7.822478094132131, 46.25276744804318 ], [ 7.823260296320321, 46.253349516582887 ], [ 7.823365445425674, 46.253547065289496 ], [ 7.823332942759384, 46.254446774243675 ], [ 7.823399571940536, 46.254698428025527 ], [ 7.823765351343355, 46.255075005249317 ], [ 7.824155672149453, 46.255253592032659 ], [ 7.824896333901948, 46.255457961710817 ], [ 7.825110700101121, 46.255465725363877 ], [ 7.825350339480787, 46.255474404330101 ], [ 7.825611167082758, 46.255680415213931 ], [ 7.826194854585041, 46.255696393421445 ], [ 7.826714099756162, 46.255766581683602 ], [ 7.827298622338795, 46.255899504674453 ], [ 7.827818641540056, 46.256077633848498 ], [ 7.828313357900138, 46.256345795877408 ], [ 7.828834827228935, 46.256721821255624 ], [ 7.828927086320004, 46.256928414015277 ], [ 7.828777107033655, 46.25771156724111 ], [ 7.828871467308608, 46.25820602487132 ], [ 7.829369006930309, 46.258860997654118 ], [ 7.829656281242999, 46.259129878173063 ], [ 7.83004665050044, 46.259308444638606 ], [ 7.830631542823716, 46.259486336898043 ], [ 7.831540480776446, 46.259636097674985 ], [ 7.833656567761989, 46.259925580255924 ], [ 7.834267103053085, 46.260058376743302 ], [ 7.835954387485035, 46.260232260622715 ], [ 7.836589931116245, 46.260245182521111 ], [ 7.83670672459284, 46.260247557170722 ], [ 7.837031831954645, 46.260363331846136 ], [ 7.837387419740352, 46.261099685433678 ], [ 7.837520417001948, 46.261548985590707 ], [ 7.837756868897127, 46.261952933573227 ], [ 7.837756977978843, 46.261953019684618 ], [ 7.838017774444355, 46.262158897881392 ], [ 7.838823998815915, 46.26244391626436 ], [ 7.839318827435475, 46.262712039177138 ], [ 7.840189438557529, 46.262933850054594 ], [ 7.842894972875606, 46.263985733718833 ], [ 7.844025688368679, 46.264296544115169 ], [ 7.847019568072175, 46.26572511834204 ], [ 7.849559617382536, 46.267155278806797 ], [ 7.84995057192808, 46.267396745049957 ], [ 7.850408313265768, 46.267889847859493 ], [ 7.850408313715619, 46.267889907015373 ], [ 7.8504103655191, 46.268159721481993 ], [ 7.850322640021242, 46.268564848401823 ], [ 7.84996274890618, 46.268997959834479 ], [ 7.849771261915085, 46.269403489943983 ], [ 7.84951438548888, 46.269737263988098 ], [ 7.848226011291258, 46.270893409812686 ], [ 7.848009370100399, 46.271204671543458 ], [ 7.847624201334786, 46.271930129209302 ], [ 7.847512579278701, 46.272403809793431 ], [ 7.847460829104888, 46.272623417399856 ], [ 7.847505086040536, 46.272772806142562 ], [ 7.847567318655156, 46.27298287156885 ], [ 7.847465579651776, 46.273253119755282 ], [ 7.847356709951249, 46.273372846466081 ], [ 7.846989571412108, 46.273776597826533 ], [ 7.846952702879955, 46.274046620746716 ], [ 7.847058867693327, 46.274361097898549 ], [ 7.846995838755507, 46.274604209923737 ], [ 7.846803635888667, 46.27491976215228 ], [ 7.846588305460683, 46.274982012551419 ], [ 7.845858357001302, 46.275193035133647 ], [ 7.845703266643349, 46.275283549712761 ], [ 7.84531947028233, 46.274819607519909 ], [ 7.844983548728885, 46.274413537536027 ], [ 7.844772149195039, 46.274479931206074 ], [ 7.841941404457295, 46.275368975418644 ], [ 7.840258267360133, 46.275797797462751 ], [ 7.838990239645303, 46.276252106831201 ], [ 7.837734702527459, 46.276643387805109 ], [ 7.837475785713552, 46.276900772499914 ], [ 7.837468262146476, 46.276908251546899 ], [ 7.837325512428, 46.277269464646515 ], [ 7.837115878780982, 46.277701178407618 ], [ 7.836727549221289, 46.278354013966478 ], [ 7.836168410217443, 46.278784713147715 ], [ 7.836005673498375, 46.278867504831474 ], [ 7.835419137683797, 46.279118561639152 ], [ 7.834719267536858, 46.279610377427574 ], [ 7.834335127668931, 46.279756190680146 ], [ 7.834387192378513, 46.280350986463652 ], [ 7.834565296493077, 46.280703716697474 ], [ 7.83481267790955, 46.281144542596046 ], [ 7.834860007969513, 46.281337155646725 ], [ 7.834853080235631, 46.281526360077308 ], [ 7.834854845158022, 46.281554960330446 ], [ 7.834599866160842, 46.281675764498715 ], [ 7.8344789166299, 46.281707761995932 ], [ 7.834279498089818, 46.281761353187228 ], [ 7.833735311793861, 46.281846102170803 ], [ 7.833432235703964, 46.281859959191848 ], [ 7.833068079505021, 46.282419250153566 ], [ 7.83317271201451, 46.2824628840985 ], [ 7.833387419500217, 46.282618968070103 ], [ 7.833351340425542, 46.282929311467711 ], [ 7.83437032807023, 46.283150462637082 ], [ 7.835058633168772, 46.28323800566212 ], [ 7.835457932141394, 46.284171961945333 ], [ 7.835481052360744, 46.284226039905988 ], [ 7.834677256037768, 46.284318835614805 ], [ 7.83411952182208, 46.284347788205267 ], [ 7.833795803779645, 46.284438901542721 ], [ 7.83415966645055, 46.284806410826071 ], [ 7.835233671093553, 46.285891179086818 ], [ 7.836284207196659, 46.286747850318584 ], [ 7.834847540318524, 46.286241959668388 ], [ 7.833866423170382, 46.286146646873547 ], [ 7.833866074311861, 46.286146612982918 ], [ 7.833530640774899, 46.286183971904755 ], [ 7.833360106591987, 46.286206020708583 ], [ 7.833022071292238, 46.286249729169633 ], [ 7.832721596687564, 46.286276852846974 ], [ 7.832641871569276, 46.286276446322418 ], [ 7.832233046963957, 46.286274385301468 ], [ 7.832028504952575, 46.286273359184761 ], [ 7.831842713344288, 46.286272420583671 ], [ 7.831634044881623, 46.286271363089099 ], [ 7.831766195130712, 46.286743405552002 ], [ 7.831841154960139, 46.28701115533638 ], [ 7.831628437660197, 46.287875672016476 ], [ 7.830760786146783, 46.287798344894831 ], [ 7.83035661244103, 46.287881639429244 ], [ 7.829243276145726, 46.287728379860397 ], [ 7.828562723403181, 46.288028967260999 ], [ 7.827758963726023, 46.288156355987148 ], [ 7.827380226750929, 46.288239345638843 ], [ 7.827058614041043, 46.288272023099388 ], [ 7.826474995005378, 46.288389580463445 ], [ 7.826145552523484, 46.288390716103748 ], [ 7.824737321222554, 46.288467819879358 ], [ 7.824473642008153, 46.288483713522453 ], [ 7.823751810894856, 46.28855238558419 ], [ 7.823848986560074, 46.289014480704815 ], [ 7.824471004894098, 46.289804367088664 ], [ 7.824039427393955, 46.289994187654614 ], [ 7.824006379427631, 46.290001973356475 ], [ 7.823848308614347, 46.290032592296626 ], [ 7.823632700785574, 46.2900743722196 ], [ 7.823212317587642, 46.290155816069529 ], [ 7.822383250496509, 46.290276073703296 ], [ 7.821625833155445, 46.29043646502474 ], [ 7.821298725491324, 46.290505739222041 ], [ 7.820901232417824, 46.290589903859171 ], [ 7.8207992888304, 46.290649223525357 ], [ 7.820640608785306, 46.290741532702235 ], [ 7.820364249692061, 46.290786704547841 ], [ 7.820308060061246, 46.290795880459818 ], [ 7.820249070726893, 46.290805524549931 ], [ 7.820192829277692, 46.290814718570388 ], [ 7.819757560857988, 46.290804821074524 ], [ 7.819012935977002, 46.290848036515342 ], [ 7.818002370266184, 46.291108133568407 ], [ 7.817753141398771, 46.291166332993079 ], [ 7.817169495819242, 46.290450658430458 ], [ 7.815090190729922, 46.291184984921564 ], [ 7.814242681546292, 46.291620346119586 ], [ 7.813649367977084, 46.292035420663993 ], [ 7.813002573676286, 46.292487371211742 ], [ 7.812281553153412, 46.292943259908796 ], [ 7.811436616853868, 46.293534316360208 ], [ 7.810711637236961, 46.29419163114774 ], [ 7.810711826227696, 46.294191840918685 ], [ 7.810908571832759, 46.294410219412448 ], [ 7.811047808300366, 46.294579250533552 ], [ 7.811638307545793, 46.294999082837364 ], [ 7.81170575652864, 46.295047042008804 ], [ 7.811966538920061, 46.295321011917686 ], [ 7.81221747852218, 46.295633524347267 ], [ 7.812217481950616, 46.295633529275143 ], [ 7.812251216026822, 46.295682017064344 ], [ 7.812416721121819, 46.296035534174607 ], [ 7.812535820740999, 46.296311777914497 ], [ 7.812911181514487, 46.297091682992246 ], [ 7.811135073459012, 46.297535074533833 ], [ 7.809111819120075, 46.29804012886666 ], [ 7.805055916987091, 46.298986316347289 ], [ 7.802717957881286, 46.299584118673977 ], [ 7.801350985607762, 46.299545652563566 ], [ 7.800417574941727, 46.299277014658237 ], [ 7.800417430402502, 46.299276973059492 ], [ 7.800583899452413, 46.298943573409105 ], [ 7.800609066048898, 46.298826530791857 ], [ 7.800971714726805, 46.29871740607458 ], [ 7.801126051375448, 46.298509984394563 ], [ 7.801291016549163, 46.297951668621792 ], [ 7.801677260667943, 46.297473695795915 ], [ 7.80180578632635, 46.297275396499025 ], [ 7.801896358080151, 46.2972301458083 ], [ 7.80182981528678, 46.296978478919527 ], [ 7.802021574474078, 46.296528123779673 ], [ 7.802083120733777, 46.296015188741421 ], [ 7.802185621787431, 46.295807994830852 ], [ 7.802185626314582, 46.295807985679744 ], [ 7.801989449502861, 46.295583694597667 ], [ 7.801690001916294, 46.295449682028369 ], [ 7.801273745525058, 46.29531603329584 ], [ 7.801207840434254, 46.295163307896743 ], [ 7.801232324645299, 46.294938345732994 ], [ 7.801463339001699, 46.294532862585129 ], [ 7.801462000134704, 46.294325965429657 ], [ 7.801004753266663, 46.293877596888272 ], [ 7.800938372201767, 46.293652916147728 ], [ 7.801259363020768, 46.293112210173938 ], [ 7.80147901781966, 46.292958616330878 ], [ 7.801931827130859, 46.292732309550892 ], [ 7.802644939882852, 46.292640029344199 ], [ 7.803032246193801, 46.292341881721136 ], [ 7.803030742094141, 46.292116984681101 ], [ 7.803133532592705, 46.291963709140539 ], [ 7.803327072779184, 46.291801145938351 ], [ 7.804038843673388, 46.291510946475718 ], [ 7.804258237748817, 46.291330297917774 ], [ 7.804515036663249, 46.290924635341256 ], [ 7.804747524054147, 46.290761935002671 ], [ 7.80481137817345, 46.290608792634288 ], [ 7.804550643044963, 46.290429720094224 ], [ 7.804492374499461, 46.290359025020329 ], [ 7.804380562305013, 46.290223367414995 ], [ 7.804832312556718, 46.289862035644909 ], [ 7.805000384836133, 46.289771526521918 ], [ 7.804978975538271, 46.289734914350241 ], [ 7.80489536620729, 46.289591933520157 ], [ 7.804807621361326, 46.289495604912084 ], [ 7.804633923571353, 46.289304914893201 ], [ 7.804541701881921, 46.289098302111164 ], [ 7.804622795033886, 46.288896291639382 ], [ 7.804758666732213, 46.288557822789485 ], [ 7.804836840438874, 46.288505715695436 ], [ 7.805572471477975, 46.288015376969334 ], [ 7.805592364541936, 46.287115696060411 ], [ 7.805691579994663, 46.28691574196845 ], [ 7.805925746793772, 46.286729977700695 ], [ 7.80598105696598, 46.286403919712207 ], [ 7.805817404071314, 46.286466108809137 ], [ 7.805812484240463, 46.286459108166447 ], [ 7.805560801625666, 46.286099336372509 ], [ 7.805668412247831, 46.286059532832439 ], [ 7.805717926063568, 46.286045923928448 ], [ 7.805909123120041, 46.285969290896496 ], [ 7.80590862150366, 46.28596840330065 ], [ 7.805807454433642, 46.285789391062586 ], [ 7.805702840751035, 46.285626790439977 ], [ 7.805765596592035, 46.285608514840789 ], [ 7.805894896405944, 46.285566104051128 ], [ 7.805751851737377, 46.285361420071212 ], [ 7.805862049856423, 46.285297625387045 ], [ 7.805683824744788, 46.285157662501838 ], [ 7.805789621886165, 46.285090704699101 ], [ 7.805835508166435, 46.28506166379627 ], [ 7.805996394442915, 46.284921978859792 ], [ 7.805792677474373, 46.284714279633455 ], [ 7.805792475597391, 46.284714073810186 ], [ 7.805936316969029, 46.284280671097505 ], [ 7.806155346193298, 46.284055032388437 ], [ 7.806874195422891, 46.283481642677451 ], [ 7.806382640380162, 46.28310982758321 ], [ 7.806382413553132, 46.283109656009927 ], [ 7.806664195338057, 46.282568962696004 ], [ 7.806701612624591, 46.282343948345009 ], [ 7.806659530450471, 46.281876307805469 ], [ 7.806718907288714, 46.281066491716174 ], [ 7.80675065916848, 46.280004885320977 ], [ 7.806943442479966, 46.279734387683966 ], [ 7.807716314248978, 46.278904268150342 ], [ 7.808038836603122, 46.278633337122521 ], [ 7.808421352801765, 46.277642561291493 ], [ 7.809063633822246, 46.276695896102872 ], [ 7.809319436096231, 46.276155316955752 ], [ 7.809084211970213, 46.275904205970768 ], [ 7.808758350913725, 46.27568037765171 ], [ 7.808280272138459, 46.275520168230827 ], [ 7.807562063240544, 46.275279488582285 ], [ 7.806807373190598, 46.274949101091892 ], [ 7.80635129022985, 46.274653723104322 ], [ 7.806025157706386, 46.274384909296714 ], [ 7.805567474515867, 46.273846649144673 ], [ 7.805538986459278, 46.273468921465692 ], [ 7.805274505900768, 46.272723133236141 ], [ 7.804957908247484, 46.272359399349973 ], [ 7.804712330564954, 46.272077259151217 ], [ 7.804515155176841, 46.271691080258215 ], [ 7.80422783115591, 46.271404144671038 ], [ 7.803862967347158, 46.271153473011253 ], [ 7.803862921111675, 46.271153441246177 ], [ 7.80337844045101, 46.270480323145932 ], [ 7.803245716367354, 46.270030964706962 ], [ 7.803238977138677, 46.269023466921986 ], [ 7.803133222531464, 46.268726948678754 ], [ 7.802936852065737, 46.268457708778328 ], [ 7.802711811901483, 46.267783753751836 ], [ 7.802710610599483, 46.267603893467047 ], [ 7.802710610265335, 46.26760384343801 ], [ 7.802475852080238, 46.267379913547586 ], [ 7.802475633784374, 46.267379705320685 ], [ 7.802409501691833, 46.267182139470989 ], [ 7.802409459076283, 46.267182012159466 ], [ 7.801535229645843, 46.266393289634344 ], [ 7.801535122433056, 46.266393192907856 ], [ 7.801298826436656, 46.26597115104677 ], [ 7.801099185294619, 46.265207154611247 ], [ 7.800838447785655, 46.265001141577116 ], [ 7.800838378946243, 46.265001087185951 ], [ 7.800314960948725, 46.264310089414629 ], [ 7.799986368701493, 46.263654501673315 ], [ 7.799986343373851, 46.263654451141107 ], [ 7.799894838623625, 46.263546794398813 ], [ 7.79930891901777, 46.263206823824888 ], [ 7.799112442520015, 46.262919586382061 ], [ 7.79900226258192, 46.261948400637642 ], [ 7.798670301912612, 46.260780014158492 ], [ 7.798539006227752, 46.260537547199533 ], [ 7.798511108366864, 46.260240777556575 ], [ 7.798313936668928, 46.259836696198853 ], [ 7.79831388827064, 46.259836597011969 ], [ 7.79814410482795, 46.259657221694411 ], [ 7.798245364499118, 46.259279080843541 ], [ 7.798044308321747, 46.258290191308099 ], [ 7.797999875263044, 46.257453731827816 ], [ 7.797902872289109, 46.25650949061248 ], [ 7.797963859874288, 46.25592457655965 ], [ 7.797791423383086, 46.255340411582452 ], [ 7.797762110279952, 46.254827749464596 ], [ 7.797629872412189, 46.254441353314476 ], [ 7.797106110719493, 46.253678376872394 ], [ 7.796645441604342, 46.252645327715001 ], [ 7.796448558057731, 46.252286121596974 ], [ 7.795952549099088, 46.251792923346578 ], [ 7.794952457096262, 46.25155318887186 ], [ 7.794327772615894, 46.251195384797704 ], [ 7.794327666410785, 46.251195323966002 ], [ 7.794000092544238, 46.250674601280068 ], [ 7.793739851413389, 46.250540481705471 ], [ 7.793518312168931, 46.250343446396457 ], [ 7.79351811502015, 46.250343271053836 ], [ 7.793282197935503, 46.249957194698744 ], [ 7.793214615548189, 46.249534608405689 ], [ 7.793148600261973, 46.249354910015953 ], [ 7.793275177776631, 46.248877741913148 ], [ 7.793274592771007, 46.248787786766684 ], [ 7.793402969050647, 46.248589479521449 ], [ 7.793527948960841, 46.24786943230378 ], [ 7.793234783998995, 46.246655931089258 ], [ 7.793232444349482, 46.246296110534914 ], [ 7.793033982473265, 46.245685024134197 ], [ 7.792992630641225, 46.245307334227221 ], [ 7.792792584857382, 46.244453368607303 ], [ 7.792307625462785, 46.243618653970543 ], [ 7.792307416043171, 46.243618293516413 ], [ 7.791981526032348, 46.243349439543124 ], [ 7.791981038559185, 46.243346724252888 ], [ 7.791941173936497, 46.243124673012282 ] ] ] } },
{ "type": "Feature", "properties": { "geo_point_2d": { "lon": 7.899551023737787, "lat": 46.08934761182983 }, "year": "2023", "kan_code": [ "23" ], "kan_name": [ "Valais" ], "bez_code": [ "2313" ], "bez_name": [ "Visp" ], "gem_code": [ "6287", "6288", "6289", "6290", "6291", "6292", "6295" ], "gem_name": [ "Randa", "Saas-Almagell", "Saas-Balen", "Saas-Fee", "Saas-Grund", "St. Niklaus", "Täsch" ], "plz_code": [ "3906" ], "plz_area_code": "CHE", "plz_type": "PLZ4/NPA4" }, "geometry": { "type": "Polygon", "coordinates": [ [ [ 7.857224791728973, 46.083435061426911 ], [ 7.85715877940911, 46.083255393320378 ], [ 7.857260610948505, 46.083048098083502 ], [ 7.857646350673106, 46.082776798007927 ], [ 7.857865969451307, 46.082757991483902 ], [ 7.858032638586267, 46.082577459692864 ], [ 7.858156350231209, 46.082336711976971 ], [ 7.858287364547899, 46.082081752975277 ], [ 7.858992454345948, 46.081314491611742 ], [ 7.859185314252334, 46.081178838793498 ], [ 7.859302728278435, 46.081013213809207 ], [ 7.859313194864922, 46.080998449574643 ], [ 7.859311949044743, 46.080836532692928 ], [ 7.859286387615293, 46.080801431223378 ], [ 7.85918128825272, 46.080657106662713 ], [ 7.859175381240792, 46.079892490303379 ], [ 7.859415303925593, 46.079495275973578 ], [ 7.859583811948053, 46.079216295262505 ], [ 7.859811283333392, 46.07854076498262 ], [ 7.859963954655568, 46.078225347970793 ], [ 7.860156315790656, 46.078026725869293 ], [ 7.860319924136561, 46.077965789278551 ], [ 7.860839435035579, 46.07777229534117 ], [ 7.861351737525241, 46.077307099296625 ], [ 7.861635259594732, 46.077049647209371 ], [ 7.861996477261022, 46.076958336792153 ], [ 7.862446790400732, 46.076686777995285 ], [ 7.862955595430708, 46.076283227008901 ], [ 7.863153345353367, 46.076126384659389 ], [ 7.863384391473245, 46.076009491796114 ], [ 7.863565359553499, 46.075917934850366 ], [ 7.863681689659375, 46.075819702306077 ], [ 7.863886378728886, 46.075646856868218 ], [ 7.864064172903585, 46.075575532300164 ], [ 7.864723934160695, 46.075310860036502 ], [ 7.865019808337234, 46.075129830100536 ], [ 7.865476211676707, 46.074674113686918 ], [ 7.865508327743571, 46.074642045957468 ], [ 7.86572520543922, 46.074425494681201 ], [ 7.865981229503434, 46.074109678381248 ], [ 7.866108578808493, 46.073866313952969 ], [ 7.86623588418933, 46.073748965749729 ], [ 7.866647545440308, 46.073369502542228 ], [ 7.866813452444625, 46.073099004194169 ], [ 7.866459528336099, 46.072765047283561 ], [ 7.866357676383028, 46.072668941472266 ], [ 7.866396581716889, 46.072536749469982 ], [ 7.866508757676888, 46.072155599553277 ], [ 7.866221595596053, 46.071796862188393 ], [ 7.866417876296738, 46.070908758612916 ], [ 7.86649619019097, 46.070554414812257 ], [ 7.866750796047201, 46.070058689440437 ], [ 7.866451803159005, 46.070047935023268 ], [ 7.866298294885357, 46.070042413513967 ], [ 7.865689609775186, 46.069882796619851 ], [ 7.865196737962856, 46.069659760409408 ], [ 7.864585091674582, 46.069122332139791 ], [ 7.864488650172468, 46.068944061335245 ], [ 7.864453964197389, 46.068879944782225 ], [ 7.864275893830545, 46.067594231899939 ], [ 7.864309622087452, 46.066946401195125 ], [ 7.864499042686049, 46.066378961858135 ], [ 7.864442252357452, 46.066124857911767 ], [ 7.864264739139104, 46.065330588703809 ], [ 7.864257989150905, 46.065300386402086 ], [ 7.864060496689188, 46.064833358205803 ], [ 7.864058384607842, 46.06479930774033 ], [ 7.864030930067686, 46.064356692273009 ], [ 7.863966254449373, 46.064078443711665 ], [ 7.863964078912201, 46.064069084078092 ], [ 7.863964015125446, 46.06406092232568 ], [ 7.863958806214325, 46.063394422776568 ], [ 7.863852967273938, 46.06307997458169 ], [ 7.863889635526781, 46.062809967576243 ], [ 7.864106639602222, 46.062467315842376 ], [ 7.864586615740572, 46.062024953373573 ], [ 7.864812305294662, 46.061816950141008 ], [ 7.865682693017685, 46.060752166931572 ], [ 7.865920385472243, 46.060358990421911 ], [ 7.866282273251466, 46.059760377503437 ], [ 7.866447270435117, 46.059381926813693 ], [ 7.866767627630636, 46.059038878100807 ], [ 7.867565075877853, 46.058568077355218 ], [ 7.868569175843113, 46.058087488189706 ], [ 7.868917007355028, 46.057951219076315 ], [ 7.869302865891076, 46.057724856488221 ], [ 7.869482701725376, 46.057550345691233 ], [ 7.869879884199796, 46.057164924006884 ], [ 7.870401326560172, 46.05615545914079 ], [ 7.870452571350359, 46.056056253899335 ], [ 7.870809375067783, 46.056005150421854 ], [ 7.87109789934234, 46.055963826318298 ], [ 7.871479678784665, 46.05575823739288 ], [ 7.871972787658772, 46.055492697365572 ], [ 7.873346567518516, 46.055070550393062 ], [ 7.873455082780157, 46.055037204883703 ], [ 7.873493310220226, 46.055016496262006 ], [ 7.873597672075215, 46.054959961213619 ], [ 7.874291318681714, 46.054584198014794 ], [ 7.874508596082802, 46.054286503207116 ], [ 7.874544104534828, 46.053881562800676 ], [ 7.874436789564125, 46.053387208842338 ], [ 7.874404845317003, 46.052622703964047 ], [ 7.874271694894053, 46.052128449698571 ], [ 7.874333283485649, 46.051750395624879 ], [ 7.87426257061114, 46.050986022544869 ], [ 7.874518793723052, 46.050715164267395 ], [ 7.87499502522646, 46.050488432876939 ], [ 7.875354752044728, 46.050235163594408 ], [ 7.876345567071898, 46.049736555778914 ], [ 7.876683147528566, 46.049639177343138 ], [ 7.877673220053143, 46.049353581089441 ], [ 7.878064552482555, 46.049329572560268 ], [ 7.878925790189956, 46.049276735000511 ], [ 7.879678513888782, 46.04932915454382 ], [ 7.880515786987871, 46.049387462092191 ], [ 7.881316787079631, 46.049384331094103 ], [ 7.882452571554182, 46.049244925522274 ], [ 7.882864880647771, 46.049108368417784 ], [ 7.883122161617919, 46.048972420670296 ], [ 7.883314614974031, 46.04880974097815 ], [ 7.883426248471014, 46.048627536390043 ], [ 7.883480364649998, 46.048539209710619 ], [ 7.884059471402511, 46.048267046986851 ], [ 7.884273261276798, 46.048196225250287 ], [ 7.88447176894366, 46.048130466019479 ], [ 7.884701488890133, 46.04798833088936 ], [ 7.886374077143318, 46.046953446663373 ], [ 7.887018507223694, 46.046770956660403 ], [ 7.88753509197363, 46.046750893066161 ], [ 7.887822056796919, 46.046676926693074 ], [ 7.888244081343977, 46.046568148116172 ], [ 7.889108480774981, 46.046429747384103 ], [ 7.88968808199801, 46.04622050500906 ], [ 7.890178946955491, 46.046218532347822 ], [ 7.891300954401265, 46.045989118034889 ], [ 7.89239807349966, 46.045876744830686 ], [ 7.893560812730537, 46.045890017180227 ], [ 7.894452100109679, 46.046080009584045 ], [ 7.89459612210269, 46.046110710214727 ], [ 7.894621109406258, 46.046152990003307 ], [ 7.895128600932418, 46.047011691478311 ], [ 7.895432484269691, 46.047820068596515 ], [ 7.895435338968289, 46.048161891205588 ], [ 7.895373149435276, 46.048450003362582 ], [ 7.895465834244968, 46.048719497179952 ], [ 7.895856405019888, 46.049077740419129 ], [ 7.896117791559734, 46.049436506267675 ], [ 7.896903705287324, 46.050719692912281 ], [ 7.897036477655258, 46.050811063793532 ], [ 7.898463089001534, 46.051792824817639 ], [ 7.899177069566053, 46.052194716430961 ], [ 7.899567083076987, 46.052480984255702 ], [ 7.900023824106834, 46.053018855905179 ], [ 7.900414075802306, 46.053332106820143 ], [ 7.901776221219037, 46.053983205460199 ], [ 7.902854690100952, 46.05469842488651 ], [ 7.903725068865278, 46.055539634341379 ], [ 7.903755204694549, 46.055568760218009 ], [ 7.903755331945608, 46.055569025600725 ], [ 7.904488832692383, 46.057098745064607 ], [ 7.904489172976006, 46.057099006691338 ], [ 7.90466012717127, 46.05723044465784 ], [ 7.905197947726633, 46.056910918380225 ], [ 7.905907645828956, 46.057640236419395 ], [ 7.905465368009228, 46.057884661943959 ], [ 7.905466059903966, 46.057885236520868 ], [ 7.906673511696874, 46.058887952514695 ], [ 7.906673964859489, 46.058888543083668 ], [ 7.907733969731191, 46.060269958870265 ], [ 7.907734978584143, 46.060275305131889 ], [ 7.907816061058351, 46.060704989279053 ], [ 7.90788298480526, 46.06097458065242 ], [ 7.908143889485648, 46.061261356317011 ], [ 7.908574652946825, 46.061434266704701 ], [ 7.908986741763194, 46.061599681006108 ], [ 7.909273111856013, 46.061841369666467 ], [ 7.909662704846044, 46.062064635448237 ], [ 7.910349506217693, 46.062286657805792 ], [ 7.9115426057607, 46.062776424988947 ], [ 7.911626529530759, 46.062824515898839 ], [ 7.911932214711551, 46.062999682939996 ], [ 7.912488100227012, 46.063024336875529 ], [ 7.912941935613311, 46.063202343322715 ], [ 7.913355445326617, 46.063200604386161 ], [ 7.914235137089378, 46.063048417976795 ], [ 7.914581251225006, 46.062988540335823 ], [ 7.91529220340742, 46.063012526249608 ], [ 7.915873306742275, 46.062965091645196 ], [ 7.918369406362863, 46.063197389625472 ], [ 7.919624281336977, 46.063353969308665 ], [ 7.920179698598213, 46.063324613306079 ], [ 7.921496412454006, 46.06316605987584 ], [ 7.921858232977256, 46.063164510905253 ], [ 7.922837511970118, 46.064302762669399 ], [ 7.923257009610792, 46.064975636953349 ], [ 7.923519450191906, 46.065424293008718 ], [ 7.924277356129761, 46.066365579087368 ], [ 7.924733657122308, 46.066813397925451 ], [ 7.925061134491309, 46.067306748735469 ], [ 7.926238256748115, 46.068875911391544 ], [ 7.926790281039947, 46.069908027473467 ], [ 7.926806706564501, 46.069974088298672 ], [ 7.926924339251113, 46.070447188096701 ], [ 7.927037702305507, 46.07067908159604 ], [ 7.927055989072536, 46.070716488689747 ], [ 7.927088892472722, 46.070739106935903 ], [ 7.927355089375829, 46.070922094318554 ], [ 7.927872854094236, 46.071009807555392 ], [ 7.928260574475743, 46.07100812595241 ], [ 7.928299988252898, 46.071092518089024 ], [ 7.928352815360094, 46.071205630629088 ], [ 7.928440050486008, 46.071288859889826 ], [ 7.928587463936258, 46.071429504066792 ], [ 7.928742956509415, 46.071473807247969 ], [ 7.928588512012263, 46.071546443348517 ], [ 7.928655954847516, 46.07186099929573 ], [ 7.928981642160988, 46.072147446350797 ], [ 7.929012170866498, 46.07266906316066 ], [ 7.929255305435149, 46.073837444950982 ], [ 7.929241825123319, 46.073883930596807 ], [ 7.929067245872687, 46.074485951478536 ], [ 7.929069909138961, 46.074782797421328 ], [ 7.929265155260681, 46.074934875364988 ], [ 7.930005353857127, 46.075318469322013 ], [ 7.930394480511356, 46.075469701011563 ], [ 7.930437949769285, 46.075991261271945 ], [ 7.930564778167947, 46.076797888753021 ], [ 7.930575054344915, 46.076863245146619 ], [ 7.930581481342642, 46.07693557246666 ], [ 7.930646968495239, 46.077672543358176 ], [ 7.930804748415264, 46.077968713045863 ], [ 7.93106463924549, 46.078120506058902 ], [ 7.93111323189567, 46.078176876733323 ], [ 7.931624768321822, 46.078770292676452 ], [ 7.931783100056293, 46.078953967915858 ], [ 7.932629380301012, 46.079624943560688 ], [ 7.93298893680713, 46.079964479297104 ], [ 7.933150898443752, 46.080117422610954 ], [ 7.933736649991819, 46.080564639102356 ], [ 7.933824127762275, 46.080601650779506 ], [ 7.934515245819905, 46.0808940615061 ], [ 7.934997043991001, 46.081328389655312 ], [ 7.935557940905653, 46.081834023203662 ], [ 7.935733099184048, 46.081944871245874 ], [ 7.936052015876641, 46.082146696082972 ], [ 7.936339269039577, 46.082460279034656 ], [ 7.936767326438411, 46.08262031312848 ], [ 7.936964098405412, 46.082934293825595 ], [ 7.936902334570401, 46.083249415826906 ], [ 7.937098289162218, 46.083473442975603 ], [ 7.937233350979327, 46.083719307456199 ], [ 7.937295476485501, 46.083832399784093 ], [ 7.937621116371972, 46.084100831504941 ], [ 7.937669296717514, 46.084445329212805 ], [ 7.937690269622232, 46.084595289067202 ], [ 7.937976476639271, 46.084791928575868 ], [ 7.938027626445312, 46.08480944261229 ], [ 7.938235844309527, 46.084880737804596 ], [ 7.939325441682443, 46.085708073091794 ], [ 7.939472592357586, 46.085819805139899 ], [ 7.939634872480861, 46.085867348624689 ], [ 7.939926292870394, 46.085952726553771 ], [ 7.940289750305172, 46.086113034367038 ], [ 7.940485068257002, 46.086265093019229 ], [ 7.942195243039066, 46.086662282901379 ], [ 7.942623765382961, 46.086867271464783 ], [ 7.943233446307588, 46.087089440101273 ], [ 7.944150874280618, 46.088434690609013 ], [ 7.944384579535622, 46.088541592170486 ], [ 7.944412350714878, 46.088748368946625 ], [ 7.94488772604505, 46.089237649773835 ], [ 7.944934479175062, 46.089285770508496 ], [ 7.944909622588278, 46.089393830466051 ], [ 7.944716780305514, 46.089511639404634 ], [ 7.94455079336617, 46.089737276117646 ], [ 7.944552209134343, 46.089890196771108 ], [ 7.944185192002019, 46.090281526176454 ], [ 7.943976084606988, 46.090504485448228 ], [ 7.94282163866972, 46.091499175343699 ], [ 7.942309625164588, 46.092059194819058 ], [ 7.941732789908635, 46.092601509445231 ], [ 7.940517990821196, 46.094073216896369 ], [ 7.939300983168774, 46.095311032572006 ], [ 7.93895640976731, 46.095807324025664 ], [ 7.938987621742259, 46.095828762800558 ], [ 7.94032271896365, 46.096745809826146 ], [ 7.942107404316403, 46.098177178387239 ], [ 7.942627359953153, 46.098471716866946 ], [ 7.943145992212506, 46.098622327509901 ], [ 7.94370474953345, 46.09891668767338 ], [ 7.944356025938052, 46.099426527814693 ], [ 7.944810268237473, 46.099604406424042 ], [ 7.945224720180652, 46.099674513202828 ], [ 7.945551077905527, 46.100005889751841 ], [ 7.9459415096408, 46.100274007486327 ], [ 7.946373078911228, 46.100793818925688 ], [ 7.946569971742472, 46.101107783337788 ], [ 7.946922459695262, 46.10146602561997 ], [ 7.946793984259717, 46.101556561109909 ], [ 7.946252961923116, 46.101783887788166 ], [ 7.945867946336002, 46.102100468241851 ], [ 7.945545663811408, 46.102209864262981 ], [ 7.945323110490283, 46.102335359854742 ], [ 7.944773780531728, 46.102645121523864 ], [ 7.944413114420803, 46.102799664925357 ], [ 7.944067291901098, 46.10316104217307 ], [ 7.943835604176406, 46.103279023396325 ], [ 7.942974581576037, 46.10386759421332 ], [ 7.942141228147682, 46.104653940745237 ], [ 7.941842017529598, 46.104973539237136 ], [ 7.941692999157916, 46.105132711552478 ], [ 7.941138987937569, 46.105360071358191 ], [ 7.940841009570667, 46.105619069657244 ], [ 7.940754082766937, 46.105694625123043 ], [ 7.940658725315804, 46.10596733485491 ], [ 7.940628066845741, 46.106055014035206 ], [ 7.940668517050804, 46.106234748497947 ], [ 7.940350991180964, 46.106865859879335 ], [ 7.939866984209988, 46.107677623796697 ], [ 7.939414308532159, 46.108146028461604 ], [ 7.939128476737308, 46.108441791968772 ], [ 7.938688292368521, 46.10889727129284 ], [ 7.938522633034609, 46.109167876237805 ], [ 7.938757640587097, 46.109592189087444 ], [ 7.938712098211842, 46.109859473371067 ], [ 7.938578508129384, 46.110643502075952 ], [ 7.938375494660629, 46.111820921851326 ], [ 7.938309070617239, 46.112206162213582 ], [ 7.93893529742411, 46.113190489800964 ], [ 7.938678794275428, 46.113422366053619 ], [ 7.938499520996428, 46.113584911733987 ], [ 7.938513147232726, 46.11361727239165 ], [ 7.938513298296814, 46.113617631150525 ], [ 7.93852188065815, 46.113646631341894 ], [ 7.938529855112686, 46.113739233956998 ], [ 7.938565118572891, 46.11379474336578 ], [ 7.93854072063377, 46.113963997875913 ], [ 7.938473551787403, 46.11408992040537 ], [ 7.937833704286809, 46.114175727074503 ], [ 7.937267579983356, 46.114544587742927 ], [ 7.936220158447926, 46.116280109712903 ], [ 7.935993289903012, 46.116887015695227 ], [ 7.935717088813125, 46.117828896081164 ], [ 7.935431602652632, 46.119315417573887 ], [ 7.935697823517986, 46.120421124775625 ], [ 7.935666264548851, 46.120543974296659 ], [ 7.935663898914655, 46.120693421635671 ], [ 7.935668266755964, 46.120854965578381 ], [ 7.935702735452998, 46.121185424666081 ], [ 7.934955556453125, 46.121740903800692 ], [ 7.93394121923435, 46.122527408461345 ], [ 7.933713224088534, 46.12379969570766 ], [ 7.933621930715133, 46.124309142495378 ], [ 7.934258790238713, 46.125133344736383 ], [ 7.934252658273448, 46.125304452316804 ], [ 7.934616495712052, 46.125765901247405 ], [ 7.934562269748109, 46.126097316929879 ], [ 7.934481073094527, 46.126457781236127 ], [ 7.93444355078755, 46.126695424077724 ], [ 7.934429238668007, 46.127018586352058 ], [ 7.934222434452471, 46.127169002793423 ], [ 7.931716720898962, 46.127361996568752 ], [ 7.929817411033551, 46.126776166597324 ], [ 7.926801117905304, 46.125492121981964 ], [ 7.924175618048907, 46.12489942924897 ], [ 7.92112522795422, 46.122951955727345 ], [ 7.920779805038244, 46.121907418228858 ], [ 7.920389104141341, 46.121612226753221 ], [ 7.920064355889151, 46.121460693239648 ], [ 7.918740945341859, 46.121016567491907 ], [ 7.917120178227032, 46.120591677748187 ], [ 7.915759812975731, 46.120354575029253 ], [ 7.915072271055881, 46.120132593453071 ], [ 7.91442431220467, 46.120000398045583 ], [ 7.909147353457894, 46.118601307192613 ], [ 7.908795547713166, 46.118739155096556 ], [ 7.908567211977141, 46.118828623796482 ], [ 7.907407686616907, 46.119373219851418 ], [ 7.906952443264776, 46.119634072335053 ], [ 7.906854184761882, 46.119690374034789 ], [ 7.906404546903224, 46.120052082919756 ], [ 7.905994082012986, 46.120502817302068 ], [ 7.905417764227294, 46.121135675915134 ], [ 7.905383014186637, 46.121153619790519 ], [ 7.904451815513303, 46.121634462766103 ], [ 7.903936149386207, 46.121843498084843 ], [ 7.90325340665308, 46.122179167123186 ], [ 7.902865541086769, 46.122469528089319 ], [ 7.902649240531472, 46.122631453363603 ], [ 7.902224265038845, 46.122858099647694 ], [ 7.90174717214927, 46.123039988486482 ], [ 7.899358408319813, 46.123571569385987 ], [ 7.897193598742765, 46.123957320237579 ], [ 7.896929957730027, 46.12400429884773 ], [ 7.896478546714405, 46.12416806971315 ], [ 7.896389096304348, 46.124266079331115 ], [ 7.896132434618832, 46.124547300107274 ], [ 7.895875431848435, 46.12475525058214 ], [ 7.895514719636765, 46.124936632835215 ], [ 7.89351383269199, 46.125457506439332 ], [ 7.89296819387387, 46.125165095045901 ], [ 7.891564575298221, 46.12441288671701 ], [ 7.891057361011394, 46.124256054835755 ], [ 7.890760440498422, 46.124164246296758 ], [ 7.890303244263928, 46.123801665953287 ], [ 7.889913984469703, 46.12349296273301 ], [ 7.888873368993011, 46.122804464505954 ], [ 7.888314885393471, 46.122536836164464 ], [ 7.887666014592316, 46.122287546761982 ], [ 7.887121586074128, 46.122154783033871 ], [ 7.886726534432743, 46.122095838175277 ], [ 7.886240833460449, 46.122023367712849 ], [ 7.885981005613279, 46.121889470541483 ], [ 7.885696289690634, 46.121872606210623 ], [ 7.885430212919073, 46.121919988194151 ], [ 7.88533459350872, 46.121937015750895 ], [ 7.884946375680353, 46.121920567722029 ], [ 7.884144715804808, 46.121968728309483 ], [ 7.883912378673984, 46.122032623082205 ], [ 7.883758097713968, 46.122150174981691 ], [ 7.883435438657506, 46.122241411659381 ], [ 7.883047744434431, 46.1222879248269 ], [ 7.882465030278802, 46.122218268050474 ], [ 7.881778184286564, 46.122068046606657 ], [ 7.881233407901789, 46.121890277453851 ], [ 7.880648748011001, 46.121577726473809 ], [ 7.88006347445018, 46.12119320043066 ], [ 7.879607422579502, 46.120790175711491 ], [ 7.879308664220849, 46.120638414853751 ], [ 7.878502054076371, 46.120074821327201 ], [ 7.877423295179952, 46.119449309713922 ], [ 7.876772379977518, 46.118939082247891 ], [ 7.876641222756831, 46.118714698847917 ], [ 7.876547922295889, 46.118373224735542 ], [ 7.876571485388728, 46.118085262669275 ], [ 7.876543209717812, 46.117788514876416 ], [ 7.875662576048284, 46.117473027867959 ], [ 7.875375653326818, 46.117370237804188 ], [ 7.875273529155791, 46.11732264113472 ], [ 7.873882480516215, 46.116674319766247 ], [ 7.873323261419737, 46.116298654560254 ], [ 7.872971505922285, 46.115985149891017 ], [ 7.87273630935841, 46.115689196651168 ], [ 7.872643837467554, 46.115446668739906 ], [ 7.872020096710931, 46.115089236404806 ], [ 7.870565845264708, 46.11439313463935 ], [ 7.87023705402955, 46.114208745976406 ], [ 7.869208678894523, 46.113632025261616 ], [ 7.868383116307932, 46.113169043389703 ], [ 7.867657431591821, 46.112654857483385 ], [ 7.867082392962173, 46.112247412276965 ], [ 7.866709055844087, 46.112057452916929 ], [ 7.866433081953515, 46.111917033384287 ], [ 7.866016150087103, 46.111531788850201 ], [ 7.865527952730006, 46.110984525122639 ], [ 7.865520287459162, 46.110975932440532 ], [ 7.864999774230931, 46.110573093282845 ], [ 7.864412135761862, 46.109855647508788 ], [ 7.864084575734833, 46.10931714179803 ], [ 7.864056258298647, 46.109002391191922 ], [ 7.864081442529091, 46.10895544368978 ], [ 7.864336708671138, 46.108479586078154 ], [ 7.864850518811688, 46.108027865289237 ], [ 7.865363617861048, 46.1074861701942 ], [ 7.865942284199471, 46.107061186349263 ], [ 7.866583983813722, 46.10642905143763 ], [ 7.867135469215594, 46.105842242447203 ], [ 7.867482877238754, 46.105616032337544 ], [ 7.868227291832305, 46.104893541326348 ], [ 7.868382183034512, 46.10477439779681 ], [ 7.868638641710706, 46.104577127768373 ], [ 7.868608964566945, 46.104553927858298 ], [ 7.868352355899925, 46.104353325736739 ], [ 7.868181907009494, 46.104057117200526 ], [ 7.867814771410474, 46.102360601111968 ], [ 7.867779263044, 46.102196518644448 ], [ 7.867711722994574, 46.101943452784305 ], [ 7.867419501239879, 46.100848526879851 ], [ 7.86722247494794, 46.100462461337592 ], [ 7.867155562725192, 46.100174854117114 ], [ 7.866986742000773, 46.100085537947045 ], [ 7.866605075238667, 46.099618444044658 ], [ 7.866268615573651, 46.099206675786235 ], [ 7.865916857284219, 46.098875158810614 ], [ 7.865032632981148, 46.098248804685447 ], [ 7.864854720465864, 46.09806358100893 ], [ 7.864576336162081, 46.097773756742491 ], [ 7.864225297762596, 46.097532179451839 ], [ 7.863965780584924, 46.097416213609051 ], [ 7.863601480287667, 46.097129724061475 ], [ 7.863248646505996, 46.096654281491787 ], [ 7.862923284899647, 46.096385625705352 ], [ 7.862430520775717, 46.09620756285991 ], [ 7.862216486050483, 46.096095378564648 ], [ 7.861885216918069, 46.095921746953607 ], [ 7.860913162195684, 46.095628529304413 ], [ 7.860770471322668, 46.095526391102077 ], [ 7.86026304552838, 46.095163175450267 ], [ 7.860000401739796, 46.094642407929861 ], [ 7.859765783410331, 46.094400400509549 ], [ 7.859600648687563, 46.094345565996797 ], [ 7.85896205880391, 46.094133516316802 ], [ 7.858947798118902, 46.093974058433453 ], [ 7.858893180697651, 46.093363345947914 ], [ 7.858891286214579, 46.093342162515242 ], [ 7.858899109831924, 46.093248727981234 ], [ 7.858974169820894, 46.092352314623696 ], [ 7.858815550043652, 46.091903122498231 ], [ 7.859022937848144, 46.091589547612784 ], [ 7.85935232530206, 46.091091506595468 ], [ 7.859250161893592, 46.090632200267329 ], [ 7.859218373986445, 46.090489288170623 ], [ 7.859216436153317, 46.090237417256553 ], [ 7.859382777500091, 46.090011906404044 ], [ 7.859704121208979, 46.089767826130725 ], [ 7.859702861102844, 46.089605909177394 ], [ 7.859548420092002, 46.089375569641177 ], [ 7.859402031090663, 46.089157239195842 ], [ 7.859592354776681, 46.088688756214516 ], [ 7.859493161524992, 46.087564652219562 ], [ 7.859033392273373, 46.086621813207962 ], [ 7.858772404248055, 46.086307937054976 ], [ 7.858684224501593, 46.086235103092605 ], [ 7.858447139390967, 46.086039277534937 ], [ 7.858081688780024, 46.085590844522159 ], [ 7.857989458122832, 46.085366296025867 ], [ 7.857918046987336, 46.084484988256307 ], [ 7.857747910702968, 46.084215741657623 ], [ 7.857716721715039, 46.08417858486073 ], [ 7.857356486133724, 46.083749420555698 ], [ 7.857257876737017, 46.083514036492893 ], [ 7.857224791728973, 46.083435061426911 ] ] ] } }
]
}
